Fecha,Anio_SE,Semana_Epidemiologica,SE_Formato,Anio_SE_SE,Nombre_Dia
1989-01-01,1988,52,52,1988-52,Sunday
1989-01-02,1989,1,01,1989-01,Monday
1989-01-03,1989,1,01,1989-01,Tuesday
1989-01-04,1989,1,01,1989-01,Wednesday
1989-01-05,1989,1,01,1989-01,Thursday
1989-01-06,1989,1,01,1989-01,Friday
1989-01-07,1989,1,01,1989-01,Saturday
1989-01-08,1989,1,01,1989-01,Sunday
1989-01-09,1989,2,02,1989-02,Monday
1989-01-10,1989,2,02,1989-02,Tuesday
1989-01-11,1989,2,02,1989-02,Wednesday
1989-01-12,1989,2,02,1989-02,Thursday
1989-01-13,1989,2,02,1989-02,Friday
1989-01-14,1989,2,02,1989-02,Saturday
1989-01-15,1989,2,02,1989-02,Sunday
1989-01-16,1989,3,03,1989-03,Monday
1989-01-17,1989,3,03,1989-03,Tuesday
1989-01-18,1989,3,03,1989-03,Wednesday
1989-01-19,1989,3,03,1989-03,Thursday
1989-01-20,1989,3,03,1989-03,Friday
1989-01-21,1989,3,03,1989-03,Saturday
1989-01-22,1989,3,03,1989-03,Sunday
1989-01-23,1989,4,04,1989-04,Monday
1989-01-24,1989,4,04,1989-04,Tuesday
1989-01-25,1989,4,04,1989-04,Wednesday
1989-01-26,1989,4,04,1989-04,Thursday
1989-01-27,1989,4,04,1989-04,Friday
1989-01-28,1989,4,04,1989-04,Saturday
1989-01-29,1989,4,04,1989-04,Sunday
1989-01-30,1989,5,05,1989-05,Monday
1989-01-31,1989,5,05,1989-05,Tuesday
1989-02-01,1989,5,05,1989-05,Wednesday
1989-02-02,1989,5,05,1989-05,Thursday
1989-02-03,1989,5,05,1989-05,Friday
1989-02-04,1989,5,05,1989-05,Saturday
1989-02-05,1989,5,05,1989-05,Sunday
1989-02-06,1989,6,06,1989-06,Monday
1989-02-07,1989,6,06,1989-06,Tuesday
1989-02-08,1989,6,06,1989-06,Wednesday
1989-02-09,1989,6,06,1989-06,Thursday
1989-02-10,1989,6,06,1989-06,Friday
1989-02-11,1989,6,06,1989-06,Saturday
1989-02-12,1989,6,06,1989-06,Sunday
1989-02-13,1989,7,07,1989-07,Monday
1989-02-14,1989,7,07,1989-07,Tuesday
1989-02-15,1989,7,07,1989-07,Wednesday
1989-02-16,1989,7,07,1989-07,Thursday
1989-02-17,1989,7,07,1989-07,Friday
1989-02-18,1989,7,07,1989-07,Saturday
1989-02-19,1989,7,07,1989-07,Sunday
1989-02-20,1989,8,08,1989-08,Monday
1989-02-21,1989,8,08,1989-08,Tuesday
1989-02-22,1989,8,08,1989-08,Wednesday
1989-02-23,1989,8,08,1989-08,Thursday
1989-02-24,1989,8,08,1989-08,Friday
1989-02-25,1989,8,08,1989-08,Saturday
1989-02-26,1989,8,08,1989-08,Sunday
1989-02-27,1989,9,09,1989-09,Monday
1989-02-28,1989,9,09,1989-09,Tuesday
1989-03-01,1989,9,09,1989-09,Wednesday
1989-03-02,1989,9,09,1989-09,Thursday
1989-03-03,1989,9,09,1989-09,Friday
1989-03-04,1989,9,09,1989-09,Saturday
1989-03-05,1989,9,09,1989-09,Sunday
1989-03-06,1989,10,10,1989-10,Monday
1989-03-07,1989,10,10,1989-10,Tuesday
1989-03-08,1989,10,10,1989-10,Wednesday
1989-03-09,1989,10,10,1989-10,Thursday
1989-03-10,1989,10,10,1989-10,Friday
1989-03-11,1989,10,10,1989-10,Saturday
1989-03-12,1989,10,10,1989-10,Sunday
1989-03-13,1989,11,11,1989-11,Monday
1989-03-14,1989,11,11,1989-11,Tuesday
1989-03-15,1989,11,11,1989-11,Wednesday
1989-03-16,1989,11,11,1989-11,Thursday
1989-03-17,1989,11,11,1989-11,Friday
1989-03-18,1989,11,11,1989-11,Saturday
1989-03-19,1989,11,11,1989-11,Sunday
1989-03-20,1989,12,12,1989-12,Monday
1989-03-21,1989,12,12,1989-12,Tuesday
1989-03-22,1989,12,12,1989-12,Wednesday
1989-03-23,1989,12,12,1989-12,Thursday
1989-03-24,1989,12,12,1989-12,Friday
1989-03-25,1989,12,12,1989-12,Saturday
1989-03-26,1989,12,12,1989-12,Sunday
1989-03-27,1989,13,13,1989-13,Monday
1989-03-28,1989,13,13,1989-13,Tuesday
1989-03-29,1989,13,13,1989-13,Wednesday
1989-03-30,1989,13,13,1989-13,Thursday
1989-03-31,1989,13,13,1989-13,Friday
1989-04-01,1989,13,13,1989-13,Saturday
1989-04-02,1989,13,13,1989-13,Sunday
1989-04-03,1989,14,14,1989-14,Monday
1989-04-04,1989,14,14,1989-14,Tuesday
1989-04-05,1989,14,14,1989-14,Wednesday
1989-04-06,1989,14,14,1989-14,Thursday
1989-04-07,1989,14,14,1989-14,Friday
1989-04-08,1989,14,14,1989-14,Saturday
1989-04-09,1989,14,14,1989-14,Sunday
1989-04-10,1989,15,15,1989-15,Monday
1989-04-11,1989,15,15,1989-15,Tuesday
1989-04-12,1989,15,15,1989-15,Wednesday
1989-04-13,1989,15,15,1989-15,Thursday
1989-04-14,1989,15,15,1989-15,Friday
1989-04-15,1989,15,15,1989-15,Saturday
1989-04-16,1989,15,15,1989-15,Sunday
1989-04-17,1989,16,16,1989-16,Monday
1989-04-18,1989,16,16,1989-16,Tuesday
1989-04-19,1989,16,16,1989-16,Wednesday
1989-04-20,1989,16,16,1989-16,Thursday
1989-04-21,1989,16,16,1989-16,Friday
1989-04-22,1989,16,16,1989-16,Saturday
1989-04-23,1989,16,16,1989-16,Sunday
1989-04-24,1989,17,17,1989-17,Monday
1989-04-25,1989,17,17,1989-17,Tuesday
1989-04-26,1989,17,17,1989-17,Wednesday
1989-04-27,1989,17,17,1989-17,Thursday
1989-04-28,1989,17,17,1989-17,Friday
1989-04-29,1989,17,17,1989-17,Saturday
1989-04-30,1989,17,17,1989-17,Sunday
1989-05-01,1989,18,18,1989-18,Monday
1989-05-02,1989,18,18,1989-18,Tuesday
1989-05-03,1989,18,18,1989-18,Wednesday
1989-05-04,1989,18,18,1989-18,Thursday
1989-05-05,1989,18,18,1989-18,Friday
1989-05-06,1989,18,18,1989-18,Saturday
1989-05-07,1989,18,18,1989-18,Sunday
1989-05-08,1989,19,19,1989-19,Monday
1989-05-09,1989,19,19,1989-19,Tuesday
1989-05-10,1989,19,19,1989-19,Wednesday
1989-05-11,1989,19,19,1989-19,Thursday
1989-05-12,1989,19,19,1989-19,Friday
1989-05-13,1989,19,19,1989-19,Saturday
1989-05-14,1989,19,19,1989-19,Sunday
1989-05-15,1989,20,20,1989-20,Monday
1989-05-16,1989,20,20,1989-20,Tuesday
1989-05-17,1989,20,20,1989-20,Wednesday
1989-05-18,1989,20,20,1989-20,Thursday
1989-05-19,1989,20,20,1989-20,Friday
1989-05-20,1989,20,20,1989-20,Saturday
1989-05-21,1989,20,20,1989-20,Sunday
1989-05-22,1989,21,21,1989-21,Monday
1989-05-23,1989,21,21,1989-21,Tuesday
1989-05-24,1989,21,21,1989-21,Wednesday
1989-05-25,1989,21,21,1989-21,Thursday
1989-05-26,1989,21,21,1989-21,Friday
1989-05-27,1989,21,21,1989-21,Saturday
1989-05-28,1989,21,21,1989-21,Sunday
1989-05-29,1989,22,22,1989-22,Monday
1989-05-30,1989,22,22,1989-22,Tuesday
1989-05-31,1989,22,22,1989-22,Wednesday
1989-06-01,1989,22,22,1989-22,Thursday
1989-06-02,1989,22,22,1989-22,Friday
1989-06-03,1989,22,22,1989-22,Saturday
1989-06-04,1989,22,22,1989-22,Sunday
1989-06-05,1989,23,23,1989-23,Monday
1989-06-06,1989,23,23,1989-23,Tuesday
1989-06-07,1989,23,23,1989-23,Wednesday
1989-06-08,1989,23,23,1989-23,Thursday
1989-06-09,1989,23,23,1989-23,Friday
1989-06-10,1989,23,23,1989-23,Saturday
1989-06-11,1989,23,23,1989-23,Sunday
1989-06-12,1989,24,24,1989-24,Monday
1989-06-13,1989,24,24,1989-24,Tuesday
1989-06-14,1989,24,24,1989-24,Wednesday
1989-06-15,1989,24,24,1989-24,Thursday
1989-06-16,1989,24,24,1989-24,Friday
1989-06-17,1989,24,24,1989-24,Saturday
1989-06-18,1989,24,24,1989-24,Sunday
1989-06-19,1989,25,25,1989-25,Monday
1989-06-20,1989,25,25,1989-25,Tuesday
1989-06-21,1989,25,25,1989-25,Wednesday
1989-06-22,1989,25,25,1989-25,Thursday
1989-06-23,1989,25,25,1989-25,Friday
1989-06-24,1989,25,25,1989-25,Saturday
1989-06-25,1989,25,25,1989-25,Sunday
1989-06-26,1989,26,26,1989-26,Monday
1989-06-27,1989,26,26,1989-26,Tuesday
1989-06-28,1989,26,26,1989-26,Wednesday
1989-06-29,1989,26,26,1989-26,Thursday
1989-06-30,1989,26,26,1989-26,Friday
1989-07-01,1989,26,26,1989-26,Saturday
1989-07-02,1989,26,26,1989-26,Sunday
1989-07-03,1989,27,27,1989-27,Monday
1989-07-04,1989,27,27,1989-27,Tuesday
1989-07-05,1989,27,27,1989-27,Wednesday
1989-07-06,1989,27,27,1989-27,Thursday
1989-07-07,1989,27,27,1989-27,Friday
1989-07-08,1989,27,27,1989-27,Saturday
1989-07-09,1989,27,27,1989-27,Sunday
1989-07-10,1989,28,28,1989-28,Monday
1989-07-11,1989,28,28,1989-28,Tuesday
1989-07-12,1989,28,28,1989-28,Wednesday
1989-07-13,1989,28,28,1989-28,Thursday
1989-07-14,1989,28,28,1989-28,Friday
1989-07-15,1989,28,28,1989-28,Saturday
1989-07-16,1989,28,28,1989-28,Sunday
1989-07-17,1989,29,29,1989-29,Monday
1989-07-18,1989,29,29,1989-29,Tuesday
1989-07-19,1989,29,29,1989-29,Wednesday
1989-07-20,1989,29,29,1989-29,Thursday
1989-07-21,1989,29,29,1989-29,Friday
1989-07-22,1989,29,29,1989-29,Saturday
1989-07-23,1989,29,29,1989-29,Sunday
1989-07-24,1989,30,30,1989-30,Monday
1989-07-25,1989,30,30,1989-30,Tuesday
1989-07-26,1989,30,30,1989-30,Wednesday
1989-07-27,1989,30,30,1989-30,Thursday
1989-07-28,1989,30,30,1989-30,Friday
1989-07-29,1989,30,30,1989-30,Saturday
1989-07-30,1989,30,30,1989-30,Sunday
1989-07-31,1989,31,31,1989-31,Monday
1989-08-01,1989,31,31,1989-31,Tuesday
1989-08-02,1989,31,31,1989-31,Wednesday
1989-08-03,1989,31,31,1989-31,Thursday
1989-08-04,1989,31,31,1989-31,Friday
1989-08-05,1989,31,31,1989-31,Saturday
1989-08-06,1989,31,31,1989-31,Sunday
1989-08-07,1989,32,32,1989-32,Monday
1989-08-08,1989,32,32,1989-32,Tuesday
1989-08-09,1989,32,32,1989-32,Wednesday
1989-08-10,1989,32,32,1989-32,Thursday
1989-08-11,1989,32,32,1989-32,Friday
1989-08-12,1989,32,32,1989-32,Saturday
1989-08-13,1989,32,32,1989-32,Sunday
1989-08-14,1989,33,33,1989-33,Monday
1989-08-15,1989,33,33,1989-33,Tuesday
1989-08-16,1989,33,33,1989-33,Wednesday
1989-08-17,1989,33,33,1989-33,Thursday
1989-08-18,1989,33,33,1989-33,Friday
1989-08-19,1989,33,33,1989-33,Saturday
1989-08-20,1989,33,33,1989-33,Sunday
1989-08-21,1989,34,34,1989-34,Monday
1989-08-22,1989,34,34,1989-34,Tuesday
1989-08-23,1989,34,34,1989-34,Wednesday
1989-08-24,1989,34,34,1989-34,Thursday
1989-08-25,1989,34,34,1989-34,Friday
1989-08-26,1989,34,34,1989-34,Saturday
1989-08-27,1989,34,34,1989-34,Sunday
1989-08-28,1989,35,35,1989-35,Monday
1989-08-29,1989,35,35,1989-35,Tuesday
1989-08-30,1989,35,35,1989-35,Wednesday
1989-08-31,1989,35,35,1989-35,Thursday
1989-09-01,1989,35,35,1989-35,Friday
1989-09-02,1989,35,35,1989-35,Saturday
1989-09-03,1989,35,35,1989-35,Sunday
1989-09-04,1989,36,36,1989-36,Monday
1989-09-05,1989,36,36,1989-36,Tuesday
1989-09-06,1989,36,36,1989-36,Wednesday
1989-09-07,1989,36,36,1989-36,Thursday
1989-09-08,1989,36,36,1989-36,Friday
1989-09-09,1989,36,36,1989-36,Saturday
1989-09-10,1989,36,36,1989-36,Sunday
1989-09-11,1989,37,37,1989-37,Monday
1989-09-12,1989,37,37,1989-37,Tuesday
1989-09-13,1989,37,37,1989-37,Wednesday
1989-09-14,1989,37,37,1989-37,Thursday
1989-09-15,1989,37,37,1989-37,Friday
1989-09-16,1989,37,37,1989-37,Saturday
1989-09-17,1989,37,37,1989-37,Sunday
1989-09-18,1989,38,38,1989-38,Monday
1989-09-19,1989,38,38,1989-38,Tuesday
1989-09-20,1989,38,38,1989-38,Wednesday
1989-09-21,1989,38,38,1989-38,Thursday
1989-09-22,1989,38,38,1989-38,Friday
1989-09-23,1989,38,38,1989-38,Saturday
1989-09-24,1989,38,38,1989-38,Sunday
1989-09-25,1989,39,39,1989-39,Monday
1989-09-26,1989,39,39,1989-39,Tuesday
1989-09-27,1989,39,39,1989-39,Wednesday
1989-09-28,1989,39,39,1989-39,Thursday
1989-09-29,1989,39,39,1989-39,Friday
1989-09-30,1989,39,39,1989-39,Saturday
1989-10-01,1989,39,39,1989-39,Sunday
1989-10-02,1989,40,40,1989-40,Monday
1989-10-03,1989,40,40,1989-40,Tuesday
1989-10-04,1989,40,40,1989-40,Wednesday
1989-10-05,1989,40,40,1989-40,Thursday
1989-10-06,1989,40,40,1989-40,Friday
1989-10-07,1989,40,40,1989-40,Saturday
1989-10-08,1989,40,40,1989-40,Sunday
1989-10-09,1989,41,41,1989-41,Monday
1989-10-10,1989,41,41,1989-41,Tuesday
1989-10-11,1989,41,41,1989-41,Wednesday
1989-10-12,1989,41,41,1989-41,Thursday
1989-10-13,1989,41,41,1989-41,Friday
1989-10-14,1989,41,41,1989-41,Saturday
1989-10-15,1989,41,41,1989-41,Sunday
1989-10-16,1989,42,42,1989-42,Monday
1989-10-17,1989,42,42,1989-42,Tuesday
1989-10-18,1989,42,42,1989-42,Wednesday
1989-10-19,1989,42,42,1989-42,Thursday
1989-10-20,1989,42,42,1989-42,Friday
1989-10-21,1989,42,42,1989-42,Saturday
1989-10-22,1989,42,42,1989-42,Sunday
1989-10-23,1989,43,43,1989-43,Monday
1989-10-24,1989,43,43,1989-43,Tuesday
1989-10-25,1989,43,43,1989-43,Wednesday
1989-10-26,1989,43,43,1989-43,Thursday
1989-10-27,1989,43,43,1989-43,Friday
1989-10-28,1989,43,43,1989-43,Saturday
1989-10-29,1989,43,43,1989-43,Sunday
1989-10-30,1989,44,44,1989-44,Monday
1989-10-31,1989,44,44,1989-44,Tuesday
1989-11-01,1989,44,44,1989-44,Wednesday
1989-11-02,1989,44,44,1989-44,Thursday
1989-11-03,1989,44,44,1989-44,Friday
1989-11-04,1989,44,44,1989-44,Saturday
1989-11-05,1989,44,44,1989-44,Sunday
1989-11-06,1989,45,45,1989-45,Monday
1989-11-07,1989,45,45,1989-45,Tuesday
1989-11-08,1989,45,45,1989-45,Wednesday
1989-11-09,1989,45,45,1989-45,Thursday
1989-11-10,1989,45,45,1989-45,Friday
1989-11-11,1989,45,45,1989-45,Saturday
1989-11-12,1989,45,45,1989-45,Sunday
1989-11-13,1989,46,46,1989-46,Monday
1989-11-14,1989,46,46,1989-46,Tuesday
1989-11-15,1989,46,46,1989-46,Wednesday
1989-11-16,1989,46,46,1989-46,Thursday
1989-11-17,1989,46,46,1989-46,Friday
1989-11-18,1989,46,46,1989-46,Saturday
1989-11-19,1989,46,46,1989-46,Sunday
1989-11-20,1989,47,47,1989-47,Monday
1989-11-21,1989,47,47,1989-47,Tuesday
1989-11-22,1989,47,47,1989-47,Wednesday
1989-11-23,1989,47,47,1989-47,Thursday
1989-11-24,1989,47,47,1989-47,Friday
1989-11-25,1989,47,47,1989-47,Saturday
1989-11-26,1989,47,47,1989-47,Sunday
1989-11-27,1989,48,48,1989-48,Monday
1989-11-28,1989,48,48,1989-48,Tuesday
1989-11-29,1989,48,48,1989-48,Wednesday
1989-11-30,1989,48,48,1989-48,Thursday
1989-12-01,1989,48,48,1989-48,Friday
1989-12-02,1989,48,48,1989-48,Saturday
1989-12-03,1989,48,48,1989-48,Sunday
1989-12-04,1989,49,49,1989-49,Monday
1989-12-05,1989,49,49,1989-49,Tuesday
1989-12-06,1989,49,49,1989-49,Wednesday
1989-12-07,1989,49,49,1989-49,Thursday
1989-12-08,1989,49,49,1989-49,Friday
1989-12-09,1989,49,49,1989-49,Saturday
1989-12-10,1989,49,49,1989-49,Sunday
1989-12-11,1989,50,50,1989-50,Monday
1989-12-12,1989,50,50,1989-50,Tuesday
1989-12-13,1989,50,50,1989-50,Wednesday
1989-12-14,1989,50,50,1989-50,Thursday
1989-12-15,1989,50,50,1989-50,Friday
1989-12-16,1989,50,50,1989-50,Saturday
1989-12-17,1989,50,50,1989-50,Sunday
1989-12-18,1989,51,51,1989-51,Monday
1989-12-19,1989,51,51,1989-51,Tuesday
1989-12-20,1989,51,51,1989-51,Wednesday
1989-12-21,1989,51,51,1989-51,Thursday
1989-12-22,1989,51,51,1989-51,Friday
1989-12-23,1989,51,51,1989-51,Saturday
1989-12-24,1989,51,51,1989-51,Sunday
1989-12-25,1989,52,52,1989-52,Monday
1989-12-26,1989,52,52,1989-52,Tuesday
1989-12-27,1989,52,52,1989-52,Wednesday
1989-12-28,1989,52,52,1989-52,Thursday
1989-12-29,1989,52,52,1989-52,Friday
1989-12-30,1989,52,52,1989-52,Saturday
1989-12-31,1989,52,52,1989-52,Sunday
1990-01-01,1990,1,01,1990-01,Monday
1990-01-02,1990,1,01,1990-01,Tuesday
1990-01-03,1990,1,01,1990-01,Wednesday
1990-01-04,1990,1,01,1990-01,Thursday
1990-01-05,1990,1,01,1990-01,Friday
1990-01-06,1990,1,01,1990-01,Saturday
1990-01-07,1990,1,01,1990-01,Sunday
1990-01-08,1990,2,02,1990-02,Monday
1990-01-09,1990,2,02,1990-02,Tuesday
1990-01-10,1990,2,02,1990-02,Wednesday
1990-01-11,1990,2,02,1990-02,Thursday
1990-01-12,1990,2,02,1990-02,Friday
1990-01-13,1990,2,02,1990-02,Saturday
1990-01-14,1990,2,02,1990-02,Sunday
1990-01-15,1990,3,03,1990-03,Monday
1990-01-16,1990,3,03,1990-03,Tuesday
1990-01-17,1990,3,03,1990-03,Wednesday
1990-01-18,1990,3,03,1990-03,Thursday
1990-01-19,1990,3,03,1990-03,Friday
1990-01-20,1990,3,03,1990-03,Saturday
1990-01-21,1990,3,03,1990-03,Sunday
1990-01-22,1990,4,04,1990-04,Monday
1990-01-23,1990,4,04,1990-04,Tuesday
1990-01-24,1990,4,04,1990-04,Wednesday
1990-01-25,1990,4,04,1990-04,Thursday
1990-01-26,1990,4,04,1990-04,Friday
1990-01-27,1990,4,04,1990-04,Saturday
1990-01-28,1990,4,04,1990-04,Sunday
1990-01-29,1990,5,05,1990-05,Monday
1990-01-30,1990,5,05,1990-05,Tuesday
1990-01-31,1990,5,05,1990-05,Wednesday
1990-02-01,1990,5,05,1990-05,Thursday
1990-02-02,1990,5,05,1990-05,Friday
1990-02-03,1990,5,05,1990-05,Saturday
1990-02-04,1990,5,05,1990-05,Sunday
1990-02-05,1990,6,06,1990-06,Monday
1990-02-06,1990,6,06,1990-06,Tuesday
1990-02-07,1990,6,06,1990-06,Wednesday
1990-02-08,1990,6,06,1990-06,Thursday
1990-02-09,1990,6,06,1990-06,Friday
1990-02-10,1990,6,06,1990-06,Saturday
1990-02-11,1990,6,06,1990-06,Sunday
1990-02-12,1990,7,07,1990-07,Monday
1990-02-13,1990,7,07,1990-07,Tuesday
1990-02-14,1990,7,07,1990-07,Wednesday
1990-02-15,1990,7,07,1990-07,Thursday
1990-02-16,1990,7,07,1990-07,Friday
1990-02-17,1990,7,07,1990-07,Saturday
1990-02-18,1990,7,07,1990-07,Sunday
1990-02-19,1990,8,08,1990-08,Monday
1990-02-20,1990,8,08,1990-08,Tuesday
1990-02-21,1990,8,08,1990-08,Wednesday
1990-02-22,1990,8,08,1990-08,Thursday
1990-02-23,1990,8,08,1990-08,Friday
1990-02-24,1990,8,08,1990-08,Saturday
1990-02-25,1990,8,08,1990-08,Sunday
1990-02-26,1990,9,09,1990-09,Monday
1990-02-27,1990,9,09,1990-09,Tuesday
1990-02-28,1990,9,09,1990-09,Wednesday
1990-03-01,1990,9,09,1990-09,Thursday
1990-03-02,1990,9,09,1990-09,Friday
1990-03-03,1990,9,09,1990-09,Saturday
1990-03-04,1990,9,09,1990-09,Sunday
1990-03-05,1990,10,10,1990-10,Monday
1990-03-06,1990,10,10,1990-10,Tuesday
1990-03-07,1990,10,10,1990-10,Wednesday
1990-03-08,1990,10,10,1990-10,Thursday
1990-03-09,1990,10,10,1990-10,Friday
1990-03-10,1990,10,10,1990-10,Saturday
1990-03-11,1990,10,10,1990-10,Sunday
1990-03-12,1990,11,11,1990-11,Monday
1990-03-13,1990,11,11,1990-11,Tuesday
1990-03-14,1990,11,11,1990-11,Wednesday
1990-03-15,1990,11,11,1990-11,Thursday
1990-03-16,1990,11,11,1990-11,Friday
1990-03-17,1990,11,11,1990-11,Saturday
1990-03-18,1990,11,11,1990-11,Sunday
1990-03-19,1990,12,12,1990-12,Monday
1990-03-20,1990,12,12,1990-12,Tuesday
1990-03-21,1990,12,12,1990-12,Wednesday
1990-03-22,1990,12,12,1990-12,Thursday
1990-03-23,1990,12,12,1990-12,Friday
1990-03-24,1990,12,12,1990-12,Saturday
1990-03-25,1990,12,12,1990-12,Sunday
1990-03-26,1990,13,13,1990-13,Monday
1990-03-27,1990,13,13,1990-13,Tuesday
1990-03-28,1990,13,13,1990-13,Wednesday
1990-03-29,1990,13,13,1990-13,Thursday
1990-03-30,1990,13,13,1990-13,Friday
1990-03-31,1990,13,13,1990-13,Saturday
1990-04-01,1990,13,13,1990-13,Sunday
1990-04-02,1990,14,14,1990-14,Monday
1990-04-03,1990,14,14,1990-14,Tuesday
1990-04-04,1990,14,14,1990-14,Wednesday
1990-04-05,1990,14,14,1990-14,Thursday
1990-04-06,1990,14,14,1990-14,Friday
1990-04-07,1990,14,14,1990-14,Saturday
1990-04-08,1990,14,14,1990-14,Sunday
1990-04-09,1990,15,15,1990-15,Monday
1990-04-10,1990,15,15,1990-15,Tuesday
1990-04-11,1990,15,15,1990-15,Wednesday
1990-04-12,1990,15,15,1990-15,Thursday
1990-04-13,1990,15,15,1990-15,Friday
1990-04-14,1990,15,15,1990-15,Saturday
1990-04-15,1990,15,15,1990-15,Sunday
1990-04-16,1990,16,16,1990-16,Monday
1990-04-17,1990,16,16,1990-16,Tuesday
1990-04-18,1990,16,16,1990-16,Wednesday
1990-04-19,1990,16,16,1990-16,Thursday
1990-04-20,1990,16,16,1990-16,Friday
1990-04-21,1990,16,16,1990-16,Saturday
1990-04-22,1990,16,16,1990-16,Sunday
1990-04-23,1990,17,17,1990-17,Monday
1990-04-24,1990,17,17,1990-17,Tuesday
1990-04-25,1990,17,17,1990-17,Wednesday
1990-04-26,1990,17,17,1990-17,Thursday
1990-04-27,1990,17,17,1990-17,Friday
1990-04-28,1990,17,17,1990-17,Saturday
1990-04-29,1990,17,17,1990-17,Sunday
1990-04-30,1990,18,18,1990-18,Monday
1990-05-01,1990,18,18,1990-18,Tuesday
1990-05-02,1990,18,18,1990-18,Wednesday
1990-05-03,1990,18,18,1990-18,Thursday
1990-05-04,1990,18,18,1990-18,Friday
1990-05-05,1990,18,18,1990-18,Saturday
1990-05-06,1990,18,18,1990-18,Sunday
1990-05-07,1990,19,19,1990-19,Monday
1990-05-08,1990,19,19,1990-19,Tuesday
1990-05-09,1990,19,19,1990-19,Wednesday
1990-05-10,1990,19,19,1990-19,Thursday
1990-05-11,1990,19,19,1990-19,Friday
1990-05-12,1990,19,19,1990-19,Saturday
1990-05-13,1990,19,19,1990-19,Sunday
1990-05-14,1990,20,20,1990-20,Monday
1990-05-15,1990,20,20,1990-20,Tuesday
1990-05-16,1990,20,20,1990-20,Wednesday
1990-05-17,1990,20,20,1990-20,Thursday
1990-05-18,1990,20,20,1990-20,Friday
1990-05-19,1990,20,20,1990-20,Saturday
1990-05-20,1990,20,20,1990-20,Sunday
1990-05-21,1990,21,21,1990-21,Monday
1990-05-22,1990,21,21,1990-21,Tuesday
1990-05-23,1990,21,21,1990-21,Wednesday
1990-05-24,1990,21,21,1990-21,Thursday
1990-05-25,1990,21,21,1990-21,Friday
1990-05-26,1990,21,21,1990-21,Saturday
1990-05-27,1990,21,21,1990-21,Sunday
1990-05-28,1990,22,22,1990-22,Monday
1990-05-29,1990,22,22,1990-22,Tuesday
1990-05-30,1990,22,22,1990-22,Wednesday
1990-05-31,1990,22,22,1990-22,Thursday
1990-06-01,1990,22,22,1990-22,Friday
1990-06-02,1990,22,22,1990-22,Saturday
1990-06-03,1990,22,22,1990-22,Sunday
1990-06-04,1990,23,23,1990-23,Monday
1990-06-05,1990,23,23,1990-23,Tuesday
1990-06-06,1990,23,23,1990-23,Wednesday
1990-06-07,1990,23,23,1990-23,Thursday
1990-06-08,1990,23,23,1990-23,Friday
1990-06-09,1990,23,23,1990-23,Saturday
1990-06-10,1990,23,23,1990-23,Sunday
1990-06-11,1990,24,24,1990-24,Monday
1990-06-12,1990,24,24,1990-24,Tuesday
1990-06-13,1990,24,24,1990-24,Wednesday
1990-06-14,1990,24,24,1990-24,Thursday
1990-06-15,1990,24,24,1990-24,Friday
1990-06-16,1990,24,24,1990-24,Saturday
1990-06-17,1990,24,24,1990-24,Sunday
1990-06-18,1990,25,25,1990-25,Monday
1990-06-19,1990,25,25,1990-25,Tuesday
1990-06-20,1990,25,25,1990-25,Wednesday
1990-06-21,1990,25,25,1990-25,Thursday
1990-06-22,1990,25,25,1990-25,Friday
1990-06-23,1990,25,25,1990-25,Saturday
1990-06-24,1990,25,25,1990-25,Sunday
1990-06-25,1990,26,26,1990-26,Monday
1990-06-26,1990,26,26,1990-26,Tuesday
1990-06-27,1990,26,26,1990-26,Wednesday
1990-06-28,1990,26,26,1990-26,Thursday
1990-06-29,1990,26,26,1990-26,Friday
1990-06-30,1990,26,26,1990-26,Saturday
1990-07-01,1990,26,26,1990-26,Sunday
1990-07-02,1990,27,27,1990-27,Monday
1990-07-03,1990,27,27,1990-27,Tuesday
1990-07-04,1990,27,27,1990-27,Wednesday
1990-07-05,1990,27,27,1990-27,Thursday
1990-07-06,1990,27,27,1990-27,Friday
1990-07-07,1990,27,27,1990-27,Saturday
1990-07-08,1990,27,27,1990-27,Sunday
1990-07-09,1990,28,28,1990-28,Monday
1990-07-10,1990,28,28,1990-28,Tuesday
1990-07-11,1990,28,28,1990-28,Wednesday
1990-07-12,1990,28,28,1990-28,Thursday
1990-07-13,1990,28,28,1990-28,Friday
1990-07-14,1990,28,28,1990-28,Saturday
1990-07-15,1990,28,28,1990-28,Sunday
1990-07-16,1990,29,29,1990-29,Monday
1990-07-17,1990,29,29,1990-29,Tuesday
1990-07-18,1990,29,29,1990-29,Wednesday
1990-07-19,1990,29,29,1990-29,Thursday
1990-07-20,1990,29,29,1990-29,Friday
1990-07-21,1990,29,29,1990-29,Saturday
1990-07-22,1990,29,29,1990-29,Sunday
1990-07-23,1990,30,30,1990-30,Monday
1990-07-24,1990,30,30,1990-30,Tuesday
1990-07-25,1990,30,30,1990-30,Wednesday
1990-07-26,1990,30,30,1990-30,Thursday
1990-07-27,1990,30,30,1990-30,Friday
1990-07-28,1990,30,30,1990-30,Saturday
1990-07-29,1990,30,30,1990-30,Sunday
1990-07-30,1990,31,31,1990-31,Monday
1990-07-31,1990,31,31,1990-31,Tuesday
1990-08-01,1990,31,31,1990-31,Wednesday
1990-08-02,1990,31,31,1990-31,Thursday
1990-08-03,1990,31,31,1990-31,Friday
1990-08-04,1990,31,31,1990-31,Saturday
1990-08-05,1990,31,31,1990-31,Sunday
1990-08-06,1990,32,32,1990-32,Monday
1990-08-07,1990,32,32,1990-32,Tuesday
1990-08-08,1990,32,32,1990-32,Wednesday
1990-08-09,1990,32,32,1990-32,Thursday
1990-08-10,1990,32,32,1990-32,Friday
1990-08-11,1990,32,32,1990-32,Saturday
1990-08-12,1990,32,32,1990-32,Sunday
1990-08-13,1990,33,33,1990-33,Monday
1990-08-14,1990,33,33,1990-33,Tuesday
1990-08-15,1990,33,33,1990-33,Wednesday
1990-08-16,1990,33,33,1990-33,Thursday
1990-08-17,1990,33,33,1990-33,Friday
1990-08-18,1990,33,33,1990-33,Saturday
1990-08-19,1990,33,33,1990-33,Sunday
1990-08-20,1990,34,34,1990-34,Monday
1990-08-21,1990,34,34,1990-34,Tuesday
1990-08-22,1990,34,34,1990-34,Wednesday
1990-08-23,1990,34,34,1990-34,Thursday
1990-08-24,1990,34,34,1990-34,Friday
1990-08-25,1990,34,34,1990-34,Saturday
1990-08-26,1990,34,34,1990-34,Sunday
1990-08-27,1990,35,35,1990-35,Monday
1990-08-28,1990,35,35,1990-35,Tuesday
1990-08-29,1990,35,35,1990-35,Wednesday
1990-08-30,1990,35,35,1990-35,Thursday
1990-08-31,1990,35,35,1990-35,Friday
1990-09-01,1990,35,35,1990-35,Saturday
1990-09-02,1990,35,35,1990-35,Sunday
1990-09-03,1990,36,36,1990-36,Monday
1990-09-04,1990,36,36,1990-36,Tuesday
1990-09-05,1990,36,36,1990-36,Wednesday
1990-09-06,1990,36,36,1990-36,Thursday
1990-09-07,1990,36,36,1990-36,Friday
1990-09-08,1990,36,36,1990-36,Saturday
1990-09-09,1990,36,36,1990-36,Sunday
1990-09-10,1990,37,37,1990-37,Monday
1990-09-11,1990,37,37,1990-37,Tuesday
1990-09-12,1990,37,37,1990-37,Wednesday
1990-09-13,1990,37,37,1990-37,Thursday
1990-09-14,1990,37,37,1990-37,Friday
1990-09-15,1990,37,37,1990-37,Saturday
1990-09-16,1990,37,37,1990-37,Sunday
1990-09-17,1990,38,38,1990-38,Monday
1990-09-18,1990,38,38,1990-38,Tuesday
1990-09-19,1990,38,38,1990-38,Wednesday
1990-09-20,1990,38,38,1990-38,Thursday
1990-09-21,1990,38,38,1990-38,Friday
1990-09-22,1990,38,38,1990-38,Saturday
1990-09-23,1990,38,38,1990-38,Sunday
1990-09-24,1990,39,39,1990-39,Monday
1990-09-25,1990,39,39,1990-39,Tuesday
1990-09-26,1990,39,39,1990-39,Wednesday
1990-09-27,1990,39,39,1990-39,Thursday
1990-09-28,1990,39,39,1990-39,Friday
1990-09-29,1990,39,39,1990-39,Saturday
1990-09-30,1990,39,39,1990-39,Sunday
1990-10-01,1990,40,40,1990-40,Monday
1990-10-02,1990,40,40,1990-40,Tuesday
1990-10-03,1990,40,40,1990-40,Wednesday
1990-10-04,1990,40,40,1990-40,Thursday
1990-10-05,1990,40,40,1990-40,Friday
1990-10-06,1990,40,40,1990-40,Saturday
1990-10-07,1990,40,40,1990-40,Sunday
1990-10-08,1990,41,41,1990-41,Monday
1990-10-09,1990,41,41,1990-41,Tuesday
1990-10-10,1990,41,41,1990-41,Wednesday
1990-10-11,1990,41,41,1990-41,Thursday
1990-10-12,1990,41,41,1990-41,Friday
1990-10-13,1990,41,41,1990-41,Saturday
1990-10-14,1990,41,41,1990-41,Sunday
1990-10-15,1990,42,42,1990-42,Monday
1990-10-16,1990,42,42,1990-42,Tuesday
1990-10-17,1990,42,42,1990-42,Wednesday
1990-10-18,1990,42,42,1990-42,Thursday
1990-10-19,1990,42,42,1990-42,Friday
1990-10-20,1990,42,42,1990-42,Saturday
1990-10-21,1990,42,42,1990-42,Sunday
1990-10-22,1990,43,43,1990-43,Monday
1990-10-23,1990,43,43,1990-43,Tuesday
1990-10-24,1990,43,43,1990-43,Wednesday
1990-10-25,1990,43,43,1990-43,Thursday
1990-10-26,1990,43,43,1990-43,Friday
1990-10-27,1990,43,43,1990-43,Saturday
1990-10-28,1990,43,43,1990-43,Sunday
1990-10-29,1990,44,44,1990-44,Monday
1990-10-30,1990,44,44,1990-44,Tuesday
1990-10-31,1990,44,44,1990-44,Wednesday
1990-11-01,1990,44,44,1990-44,Thursday
1990-11-02,1990,44,44,1990-44,Friday
1990-11-03,1990,44,44,1990-44,Saturday
1990-11-04,1990,44,44,1990-44,Sunday
1990-11-05,1990,45,45,1990-45,Monday
1990-11-06,1990,45,45,1990-45,Tuesday
1990-11-07,1990,45,45,1990-45,Wednesday
1990-11-08,1990,45,45,1990-45,Thursday
1990-11-09,1990,45,45,1990-45,Friday
1990-11-10,1990,45,45,1990-45,Saturday
1990-11-11,1990,45,45,1990-45,Sunday
1990-11-12,1990,46,46,1990-46,Monday
1990-11-13,1990,46,46,1990-46,Tuesday
1990-11-14,1990,46,46,1990-46,Wednesday
1990-11-15,1990,46,46,1990-46,Thursday
1990-11-16,1990,46,46,1990-46,Friday
1990-11-17,1990,46,46,1990-46,Saturday
1990-11-18,1990,46,46,1990-46,Sunday
1990-11-19,1990,47,47,1990-47,Monday
1990-11-20,1990,47,47,1990-47,Tuesday
1990-11-21,1990,47,47,1990-47,Wednesday
1990-11-22,1990,47,47,1990-47,Thursday
1990-11-23,1990,47,47,1990-47,Friday
1990-11-24,1990,47,47,1990-47,Saturday
1990-11-25,1990,47,47,1990-47,Sunday
1990-11-26,1990,48,48,1990-48,Monday
1990-11-27,1990,48,48,1990-48,Tuesday
1990-11-28,1990,48,48,1990-48,Wednesday
1990-11-29,1990,48,48,1990-48,Thursday
1990-11-30,1990,48,48,1990-48,Friday
1990-12-01,1990,48,48,1990-48,Saturday
1990-12-02,1990,48,48,1990-48,Sunday
1990-12-03,1990,49,49,1990-49,Monday
1990-12-04,1990,49,49,1990-49,Tuesday
1990-12-05,1990,49,49,1990-49,Wednesday
1990-12-06,1990,49,49,1990-49,Thursday
1990-12-07,1990,49,49,1990-49,Friday
1990-12-08,1990,49,49,1990-49,Saturday
1990-12-09,1990,49,49,1990-49,Sunday
1990-12-10,1990,50,50,1990-50,Monday
1990-12-11,1990,50,50,1990-50,Tuesday
1990-12-12,1990,50,50,1990-50,Wednesday
1990-12-13,1990,50,50,1990-50,Thursday
1990-12-14,1990,50,50,1990-50,Friday
1990-12-15,1990,50,50,1990-50,Saturday
1990-12-16,1990,50,50,1990-50,Sunday
1990-12-17,1990,51,51,1990-51,Monday
1990-12-18,1990,51,51,1990-51,Tuesday
1990-12-19,1990,51,51,1990-51,Wednesday
1990-12-20,1990,51,51,1990-51,Thursday
1990-12-21,1990,51,51,1990-51,Friday
1990-12-22,1990,51,51,1990-51,Saturday
1990-12-23,1990,51,51,1990-51,Sunday
1990-12-24,1990,52,52,1990-52,Monday
1990-12-25,1990,52,52,1990-52,Tuesday
1990-12-26,1990,52,52,1990-52,Wednesday
1990-12-27,1990,52,52,1990-52,Thursday
1990-12-28,1990,52,52,1990-52,Friday
1990-12-29,1990,52,52,1990-52,Saturday
1990-12-30,1990,52,52,1990-52,Sunday
1990-12-31,1991,1,01,1991-01,Monday
1991-01-01,1991,1,01,1991-01,Tuesday
1991-01-02,1991,1,01,1991-01,Wednesday
1991-01-03,1991,1,01,1991-01,Thursday
1991-01-04,1991,1,01,1991-01,Friday
1991-01-05,1991,1,01,1991-01,Saturday
1991-01-06,1991,1,01,1991-01,Sunday
1991-01-07,1991,2,02,1991-02,Monday
1991-01-08,1991,2,02,1991-02,Tuesday
1991-01-09,1991,2,02,1991-02,Wednesday
1991-01-10,1991,2,02,1991-02,Thursday
1991-01-11,1991,2,02,1991-02,Friday
1991-01-12,1991,2,02,1991-02,Saturday
1991-01-13,1991,2,02,1991-02,Sunday
1991-01-14,1991,3,03,1991-03,Monday
1991-01-15,1991,3,03,1991-03,Tuesday
1991-01-16,1991,3,03,1991-03,Wednesday
1991-01-17,1991,3,03,1991-03,Thursday
1991-01-18,1991,3,03,1991-03,Friday
1991-01-19,1991,3,03,1991-03,Saturday
1991-01-20,1991,3,03,1991-03,Sunday
1991-01-21,1991,4,04,1991-04,Monday
1991-01-22,1991,4,04,1991-04,Tuesday
1991-01-23,1991,4,04,1991-04,Wednesday
1991-01-24,1991,4,04,1991-04,Thursday
1991-01-25,1991,4,04,1991-04,Friday
1991-01-26,1991,4,04,1991-04,Saturday
1991-01-27,1991,4,04,1991-04,Sunday
1991-01-28,1991,5,05,1991-05,Monday
1991-01-29,1991,5,05,1991-05,Tuesday
1991-01-30,1991,5,05,1991-05,Wednesday
1991-01-31,1991,5,05,1991-05,Thursday
1991-02-01,1991,5,05,1991-05,Friday
1991-02-02,1991,5,05,1991-05,Saturday
1991-02-03,1991,5,05,1991-05,Sunday
1991-02-04,1991,6,06,1991-06,Monday
1991-02-05,1991,6,06,1991-06,Tuesday
1991-02-06,1991,6,06,1991-06,Wednesday
1991-02-07,1991,6,06,1991-06,Thursday
1991-02-08,1991,6,06,1991-06,Friday
1991-02-09,1991,6,06,1991-06,Saturday
1991-02-10,1991,6,06,1991-06,Sunday
1991-02-11,1991,7,07,1991-07,Monday
1991-02-12,1991,7,07,1991-07,Tuesday
1991-02-13,1991,7,07,1991-07,Wednesday
1991-02-14,1991,7,07,1991-07,Thursday
1991-02-15,1991,7,07,1991-07,Friday
1991-02-16,1991,7,07,1991-07,Saturday
1991-02-17,1991,7,07,1991-07,Sunday
1991-02-18,1991,8,08,1991-08,Monday
1991-02-19,1991,8,08,1991-08,Tuesday
1991-02-20,1991,8,08,1991-08,Wednesday
1991-02-21,1991,8,08,1991-08,Thursday
1991-02-22,1991,8,08,1991-08,Friday
1991-02-23,1991,8,08,1991-08,Saturday
1991-02-24,1991,8,08,1991-08,Sunday
1991-02-25,1991,9,09,1991-09,Monday
1991-02-26,1991,9,09,1991-09,Tuesday
1991-02-27,1991,9,09,1991-09,Wednesday
1991-02-28,1991,9,09,1991-09,Thursday
1991-03-01,1991,9,09,1991-09,Friday
1991-03-02,1991,9,09,1991-09,Saturday
1991-03-03,1991,9,09,1991-09,Sunday
1991-03-04,1991,10,10,1991-10,Monday
1991-03-05,1991,10,10,1991-10,Tuesday
1991-03-06,1991,10,10,1991-10,Wednesday
1991-03-07,1991,10,10,1991-10,Thursday
1991-03-08,1991,10,10,1991-10,Friday
1991-03-09,1991,10,10,1991-10,Saturday
1991-03-10,1991,10,10,1991-10,Sunday
1991-03-11,1991,11,11,1991-11,Monday
1991-03-12,1991,11,11,1991-11,Tuesday
1991-03-13,1991,11,11,1991-11,Wednesday
1991-03-14,1991,11,11,1991-11,Thursday
1991-03-15,1991,11,11,1991-11,Friday
1991-03-16,1991,11,11,1991-11,Saturday
1991-03-17,1991,11,11,1991-11,Sunday
1991-03-18,1991,12,12,1991-12,Monday
1991-03-19,1991,12,12,1991-12,Tuesday
1991-03-20,1991,12,12,1991-12,Wednesday
1991-03-21,1991,12,12,1991-12,Thursday
1991-03-22,1991,12,12,1991-12,Friday
1991-03-23,1991,12,12,1991-12,Saturday
1991-03-24,1991,12,12,1991-12,Sunday
1991-03-25,1991,13,13,1991-13,Monday
1991-03-26,1991,13,13,1991-13,Tuesday
1991-03-27,1991,13,13,1991-13,Wednesday
1991-03-28,1991,13,13,1991-13,Thursday
1991-03-29,1991,13,13,1991-13,Friday
1991-03-30,1991,13,13,1991-13,Saturday
1991-03-31,1991,13,13,1991-13,Sunday
1991-04-01,1991,14,14,1991-14,Monday
1991-04-02,1991,14,14,1991-14,Tuesday
1991-04-03,1991,14,14,1991-14,Wednesday
1991-04-04,1991,14,14,1991-14,Thursday
1991-04-05,1991,14,14,1991-14,Friday
1991-04-06,1991,14,14,1991-14,Saturday
1991-04-07,1991,14,14,1991-14,Sunday
1991-04-08,1991,15,15,1991-15,Monday
1991-04-09,1991,15,15,1991-15,Tuesday
1991-04-10,1991,15,15,1991-15,Wednesday
1991-04-11,1991,15,15,1991-15,Thursday
1991-04-12,1991,15,15,1991-15,Friday
1991-04-13,1991,15,15,1991-15,Saturday
1991-04-14,1991,15,15,1991-15,Sunday
1991-04-15,1991,16,16,1991-16,Monday
1991-04-16,1991,16,16,1991-16,Tuesday
1991-04-17,1991,16,16,1991-16,Wednesday
1991-04-18,1991,16,16,1991-16,Thursday
1991-04-19,1991,16,16,1991-16,Friday
1991-04-20,1991,16,16,1991-16,Saturday
1991-04-21,1991,16,16,1991-16,Sunday
1991-04-22,1991,17,17,1991-17,Monday
1991-04-23,1991,17,17,1991-17,Tuesday
1991-04-24,1991,17,17,1991-17,Wednesday
1991-04-25,1991,17,17,1991-17,Thursday
1991-04-26,1991,17,17,1991-17,Friday
1991-04-27,1991,17,17,1991-17,Saturday
1991-04-28,1991,17,17,1991-17,Sunday
1991-04-29,1991,18,18,1991-18,Monday
1991-04-30,1991,18,18,1991-18,Tuesday
1991-05-01,1991,18,18,1991-18,Wednesday
1991-05-02,1991,18,18,1991-18,Thursday
1991-05-03,1991,18,18,1991-18,Friday
1991-05-04,1991,18,18,1991-18,Saturday
1991-05-05,1991,18,18,1991-18,Sunday
1991-05-06,1991,19,19,1991-19,Monday
1991-05-07,1991,19,19,1991-19,Tuesday
1991-05-08,1991,19,19,1991-19,Wednesday
1991-05-09,1991,19,19,1991-19,Thursday
1991-05-10,1991,19,19,1991-19,Friday
1991-05-11,1991,19,19,1991-19,Saturday
1991-05-12,1991,19,19,1991-19,Sunday
1991-05-13,1991,20,20,1991-20,Monday
1991-05-14,1991,20,20,1991-20,Tuesday
1991-05-15,1991,20,20,1991-20,Wednesday
1991-05-16,1991,20,20,1991-20,Thursday
1991-05-17,1991,20,20,1991-20,Friday
1991-05-18,1991,20,20,1991-20,Saturday
1991-05-19,1991,20,20,1991-20,Sunday
1991-05-20,1991,21,21,1991-21,Monday
1991-05-21,1991,21,21,1991-21,Tuesday
1991-05-22,1991,21,21,1991-21,Wednesday
1991-05-23,1991,21,21,1991-21,Thursday
1991-05-24,1991,21,21,1991-21,Friday
1991-05-25,1991,21,21,1991-21,Saturday
1991-05-26,1991,21,21,1991-21,Sunday
1991-05-27,1991,22,22,1991-22,Monday
1991-05-28,1991,22,22,1991-22,Tuesday
1991-05-29,1991,22,22,1991-22,Wednesday
1991-05-30,1991,22,22,1991-22,Thursday
1991-05-31,1991,22,22,1991-22,Friday
1991-06-01,1991,22,22,1991-22,Saturday
1991-06-02,1991,22,22,1991-22,Sunday
1991-06-03,1991,23,23,1991-23,Monday
1991-06-04,1991,23,23,1991-23,Tuesday
1991-06-05,1991,23,23,1991-23,Wednesday
1991-06-06,1991,23,23,1991-23,Thursday
1991-06-07,1991,23,23,1991-23,Friday
1991-06-08,1991,23,23,1991-23,Saturday
1991-06-09,1991,23,23,1991-23,Sunday
1991-06-10,1991,24,24,1991-24,Monday
1991-06-11,1991,24,24,1991-24,Tuesday
1991-06-12,1991,24,24,1991-24,Wednesday
1991-06-13,1991,24,24,1991-24,Thursday
1991-06-14,1991,24,24,1991-24,Friday
1991-06-15,1991,24,24,1991-24,Saturday
1991-06-16,1991,24,24,1991-24,Sunday
1991-06-17,1991,25,25,1991-25,Monday
1991-06-18,1991,25,25,1991-25,Tuesday
1991-06-19,1991,25,25,1991-25,Wednesday
1991-06-20,1991,25,25,1991-25,Thursday
1991-06-21,1991,25,25,1991-25,Friday
1991-06-22,1991,25,25,1991-25,Saturday
1991-06-23,1991,25,25,1991-25,Sunday
1991-06-24,1991,26,26,1991-26,Monday
1991-06-25,1991,26,26,1991-26,Tuesday
1991-06-26,1991,26,26,1991-26,Wednesday
1991-06-27,1991,26,26,1991-26,Thursday
1991-06-28,1991,26,26,1991-26,Friday
1991-06-29,1991,26,26,1991-26,Saturday
1991-06-30,1991,26,26,1991-26,Sunday
1991-07-01,1991,27,27,1991-27,Monday
1991-07-02,1991,27,27,1991-27,Tuesday
1991-07-03,1991,27,27,1991-27,Wednesday
1991-07-04,1991,27,27,1991-27,Thursday
1991-07-05,1991,27,27,1991-27,Friday
1991-07-06,1991,27,27,1991-27,Saturday
1991-07-07,1991,27,27,1991-27,Sunday
1991-07-08,1991,28,28,1991-28,Monday
1991-07-09,1991,28,28,1991-28,Tuesday
1991-07-10,1991,28,28,1991-28,Wednesday
1991-07-11,1991,28,28,1991-28,Thursday
1991-07-12,1991,28,28,1991-28,Friday
1991-07-13,1991,28,28,1991-28,Saturday
1991-07-14,1991,28,28,1991-28,Sunday
1991-07-15,1991,29,29,1991-29,Monday
1991-07-16,1991,29,29,1991-29,Tuesday
1991-07-17,1991,29,29,1991-29,Wednesday
1991-07-18,1991,29,29,1991-29,Thursday
1991-07-19,1991,29,29,1991-29,Friday
1991-07-20,1991,29,29,1991-29,Saturday
1991-07-21,1991,29,29,1991-29,Sunday
1991-07-22,1991,30,30,1991-30,Monday
1991-07-23,1991,30,30,1991-30,Tuesday
1991-07-24,1991,30,30,1991-30,Wednesday
1991-07-25,1991,30,30,1991-30,Thursday
1991-07-26,1991,30,30,1991-30,Friday
1991-07-27,1991,30,30,1991-30,Saturday
1991-07-28,1991,30,30,1991-30,Sunday
1991-07-29,1991,31,31,1991-31,Monday
1991-07-30,1991,31,31,1991-31,Tuesday
1991-07-31,1991,31,31,1991-31,Wednesday
1991-08-01,1991,31,31,1991-31,Thursday
1991-08-02,1991,31,31,1991-31,Friday
1991-08-03,1991,31,31,1991-31,Saturday
1991-08-04,1991,31,31,1991-31,Sunday
1991-08-05,1991,32,32,1991-32,Monday
1991-08-06,1991,32,32,1991-32,Tuesday
1991-08-07,1991,32,32,1991-32,Wednesday
1991-08-08,1991,32,32,1991-32,Thursday
1991-08-09,1991,32,32,1991-32,Friday
1991-08-10,1991,32,32,1991-32,Saturday
1991-08-11,1991,32,32,1991-32,Sunday
1991-08-12,1991,33,33,1991-33,Monday
1991-08-13,1991,33,33,1991-33,Tuesday
1991-08-14,1991,33,33,1991-33,Wednesday
1991-08-15,1991,33,33,1991-33,Thursday
1991-08-16,1991,33,33,1991-33,Friday
1991-08-17,1991,33,33,1991-33,Saturday
1991-08-18,1991,33,33,1991-33,Sunday
1991-08-19,1991,34,34,1991-34,Monday
1991-08-20,1991,34,34,1991-34,Tuesday
1991-08-21,1991,34,34,1991-34,Wednesday
1991-08-22,1991,34,34,1991-34,Thursday
1991-08-23,1991,34,34,1991-34,Friday
1991-08-24,1991,34,34,1991-34,Saturday
1991-08-25,1991,34,34,1991-34,Sunday
1991-08-26,1991,35,35,1991-35,Monday
1991-08-27,1991,35,35,1991-35,Tuesday
1991-08-28,1991,35,35,1991-35,Wednesday
1991-08-29,1991,35,35,1991-35,Thursday
1991-08-30,1991,35,35,1991-35,Friday
1991-08-31,1991,35,35,1991-35,Saturday
1991-09-01,1991,35,35,1991-35,Sunday
1991-09-02,1991,36,36,1991-36,Monday
1991-09-03,1991,36,36,1991-36,Tuesday
1991-09-04,1991,36,36,1991-36,Wednesday
1991-09-05,1991,36,36,1991-36,Thursday
1991-09-06,1991,36,36,1991-36,Friday
1991-09-07,1991,36,36,1991-36,Saturday
1991-09-08,1991,36,36,1991-36,Sunday
1991-09-09,1991,37,37,1991-37,Monday
1991-09-10,1991,37,37,1991-37,Tuesday
1991-09-11,1991,37,37,1991-37,Wednesday
1991-09-12,1991,37,37,1991-37,Thursday
1991-09-13,1991,37,37,1991-37,Friday
1991-09-14,1991,37,37,1991-37,Saturday
1991-09-15,1991,37,37,1991-37,Sunday
1991-09-16,1991,38,38,1991-38,Monday
1991-09-17,1991,38,38,1991-38,Tuesday
1991-09-18,1991,38,38,1991-38,Wednesday
1991-09-19,1991,38,38,1991-38,Thursday
1991-09-20,1991,38,38,1991-38,Friday
1991-09-21,1991,38,38,1991-38,Saturday
1991-09-22,1991,38,38,1991-38,Sunday
1991-09-23,1991,39,39,1991-39,Monday
1991-09-24,1991,39,39,1991-39,Tuesday
1991-09-25,1991,39,39,1991-39,Wednesday
1991-09-26,1991,39,39,1991-39,Thursday
1991-09-27,1991,39,39,1991-39,Friday
1991-09-28,1991,39,39,1991-39,Saturday
1991-09-29,1991,39,39,1991-39,Sunday
1991-09-30,1991,40,40,1991-40,Monday
1991-10-01,1991,40,40,1991-40,Tuesday
1991-10-02,1991,40,40,1991-40,Wednesday
1991-10-03,1991,40,40,1991-40,Thursday
1991-10-04,1991,40,40,1991-40,Friday
1991-10-05,1991,40,40,1991-40,Saturday
1991-10-06,1991,40,40,1991-40,Sunday
1991-10-07,1991,41,41,1991-41,Monday
1991-10-08,1991,41,41,1991-41,Tuesday
1991-10-09,1991,41,41,1991-41,Wednesday
1991-10-10,1991,41,41,1991-41,Thursday
1991-10-11,1991,41,41,1991-41,Friday
1991-10-12,1991,41,41,1991-41,Saturday
1991-10-13,1991,41,41,1991-41,Sunday
1991-10-14,1991,42,42,1991-42,Monday
1991-10-15,1991,42,42,1991-42,Tuesday
1991-10-16,1991,42,42,1991-42,Wednesday
1991-10-17,1991,42,42,1991-42,Thursday
1991-10-18,1991,42,42,1991-42,Friday
1991-10-19,1991,42,42,1991-42,Saturday
1991-10-20,1991,42,42,1991-42,Sunday
1991-10-21,1991,43,43,1991-43,Monday
1991-10-22,1991,43,43,1991-43,Tuesday
1991-10-23,1991,43,43,1991-43,Wednesday
1991-10-24,1991,43,43,1991-43,Thursday
1991-10-25,1991,43,43,1991-43,Friday
1991-10-26,1991,43,43,1991-43,Saturday
1991-10-27,1991,43,43,1991-43,Sunday
1991-10-28,1991,44,44,1991-44,Monday
1991-10-29,1991,44,44,1991-44,Tuesday
1991-10-30,1991,44,44,1991-44,Wednesday
1991-10-31,1991,44,44,1991-44,Thursday
1991-11-01,1991,44,44,1991-44,Friday
1991-11-02,1991,44,44,1991-44,Saturday
1991-11-03,1991,44,44,1991-44,Sunday
1991-11-04,1991,45,45,1991-45,Monday
1991-11-05,1991,45,45,1991-45,Tuesday
1991-11-06,1991,45,45,1991-45,Wednesday
1991-11-07,1991,45,45,1991-45,Thursday
1991-11-08,1991,45,45,1991-45,Friday
1991-11-09,1991,45,45,1991-45,Saturday
1991-11-10,1991,45,45,1991-45,Sunday
1991-11-11,1991,46,46,1991-46,Monday
1991-11-12,1991,46,46,1991-46,Tuesday
1991-11-13,1991,46,46,1991-46,Wednesday
1991-11-14,1991,46,46,1991-46,Thursday
1991-11-15,1991,46,46,1991-46,Friday
1991-11-16,1991,46,46,1991-46,Saturday
1991-11-17,1991,46,46,1991-46,Sunday
1991-11-18,1991,47,47,1991-47,Monday
1991-11-19,1991,47,47,1991-47,Tuesday
1991-11-20,1991,47,47,1991-47,Wednesday
1991-11-21,1991,47,47,1991-47,Thursday
1991-11-22,1991,47,47,1991-47,Friday
1991-11-23,1991,47,47,1991-47,Saturday
1991-11-24,1991,47,47,1991-47,Sunday
1991-11-25,1991,48,48,1991-48,Monday
1991-11-26,1991,48,48,1991-48,Tuesday
1991-11-27,1991,48,48,1991-48,Wednesday
1991-11-28,1991,48,48,1991-48,Thursday
1991-11-29,1991,48,48,1991-48,Friday
1991-11-30,1991,48,48,1991-48,Saturday
1991-12-01,1991,48,48,1991-48,Sunday
1991-12-02,1991,49,49,1991-49,Monday
1991-12-03,1991,49,49,1991-49,Tuesday
1991-12-04,1991,49,49,1991-49,Wednesday
1991-12-05,1991,49,49,1991-49,Thursday
1991-12-06,1991,49,49,1991-49,Friday
1991-12-07,1991,49,49,1991-49,Saturday
1991-12-08,1991,49,49,1991-49,Sunday
1991-12-09,1991,50,50,1991-50,Monday
1991-12-10,1991,50,50,1991-50,Tuesday
1991-12-11,1991,50,50,1991-50,Wednesday
1991-12-12,1991,50,50,1991-50,Thursday
1991-12-13,1991,50,50,1991-50,Friday
1991-12-14,1991,50,50,1991-50,Saturday
1991-12-15,1991,50,50,1991-50,Sunday
1991-12-16,1991,51,51,1991-51,Monday
1991-12-17,1991,51,51,1991-51,Tuesday
1991-12-18,1991,51,51,1991-51,Wednesday
1991-12-19,1991,51,51,1991-51,Thursday
1991-12-20,1991,51,51,1991-51,Friday
1991-12-21,1991,51,51,1991-51,Saturday
1991-12-22,1991,51,51,1991-51,Sunday
1991-12-23,1991,52,52,1991-52,Monday
1991-12-24,1991,52,52,1991-52,Tuesday
1991-12-25,1991,52,52,1991-52,Wednesday
1991-12-26,1991,52,52,1991-52,Thursday
1991-12-27,1991,52,52,1991-52,Friday
1991-12-28,1991,52,52,1991-52,Saturday
1991-12-29,1991,52,52,1991-52,Sunday
1991-12-30,1992,1,01,1992-01,Monday
1991-12-31,1992,1,01,1992-01,Tuesday
1992-01-01,1992,1,01,1992-01,Wednesday
1992-01-02,1992,1,01,1992-01,Thursday
1992-01-03,1992,1,01,1992-01,Friday
1992-01-04,1992,1,01,1992-01,Saturday
1992-01-05,1992,1,01,1992-01,Sunday
1992-01-06,1992,2,02,1992-02,Monday
1992-01-07,1992,2,02,1992-02,Tuesday
1992-01-08,1992,2,02,1992-02,Wednesday
1992-01-09,1992,2,02,1992-02,Thursday
1992-01-10,1992,2,02,1992-02,Friday
1992-01-11,1992,2,02,1992-02,Saturday
1992-01-12,1992,2,02,1992-02,Sunday
1992-01-13,1992,3,03,1992-03,Monday
1992-01-14,1992,3,03,1992-03,Tuesday
1992-01-15,1992,3,03,1992-03,Wednesday
1992-01-16,1992,3,03,1992-03,Thursday
1992-01-17,1992,3,03,1992-03,Friday
1992-01-18,1992,3,03,1992-03,Saturday
1992-01-19,1992,3,03,1992-03,Sunday
1992-01-20,1992,4,04,1992-04,Monday
1992-01-21,1992,4,04,1992-04,Tuesday
1992-01-22,1992,4,04,1992-04,Wednesday
1992-01-23,1992,4,04,1992-04,Thursday
1992-01-24,1992,4,04,1992-04,Friday
1992-01-25,1992,4,04,1992-04,Saturday
1992-01-26,1992,4,04,1992-04,Sunday
1992-01-27,1992,5,05,1992-05,Monday
1992-01-28,1992,5,05,1992-05,Tuesday
1992-01-29,1992,5,05,1992-05,Wednesday
1992-01-30,1992,5,05,1992-05,Thursday
1992-01-31,1992,5,05,1992-05,Friday
1992-02-01,1992,5,05,1992-05,Saturday
1992-02-02,1992,5,05,1992-05,Sunday
1992-02-03,1992,6,06,1992-06,Monday
1992-02-04,1992,6,06,1992-06,Tuesday
1992-02-05,1992,6,06,1992-06,Wednesday
1992-02-06,1992,6,06,1992-06,Thursday
1992-02-07,1992,6,06,1992-06,Friday
1992-02-08,1992,6,06,1992-06,Saturday
1992-02-09,1992,6,06,1992-06,Sunday
1992-02-10,1992,7,07,1992-07,Monday
1992-02-11,1992,7,07,1992-07,Tuesday
1992-02-12,1992,7,07,1992-07,Wednesday
1992-02-13,1992,7,07,1992-07,Thursday
1992-02-14,1992,7,07,1992-07,Friday
1992-02-15,1992,7,07,1992-07,Saturday
1992-02-16,1992,7,07,1992-07,Sunday
1992-02-17,1992,8,08,1992-08,Monday
1992-02-18,1992,8,08,1992-08,Tuesday
1992-02-19,1992,8,08,1992-08,Wednesday
1992-02-20,1992,8,08,1992-08,Thursday
1992-02-21,1992,8,08,1992-08,Friday
1992-02-22,1992,8,08,1992-08,Saturday
1992-02-23,1992,8,08,1992-08,Sunday
1992-02-24,1992,9,09,1992-09,Monday
1992-02-25,1992,9,09,1992-09,Tuesday
1992-02-26,1992,9,09,1992-09,Wednesday
1992-02-27,1992,9,09,1992-09,Thursday
1992-02-28,1992,9,09,1992-09,Friday
1992-02-29,1992,9,09,1992-09,Saturday
1992-03-01,1992,9,09,1992-09,Sunday
1992-03-02,1992,10,10,1992-10,Monday
1992-03-03,1992,10,10,1992-10,Tuesday
1992-03-04,1992,10,10,1992-10,Wednesday
1992-03-05,1992,10,10,1992-10,Thursday
1992-03-06,1992,10,10,1992-10,Friday
1992-03-07,1992,10,10,1992-10,Saturday
1992-03-08,1992,10,10,1992-10,Sunday
1992-03-09,1992,11,11,1992-11,Monday
1992-03-10,1992,11,11,1992-11,Tuesday
1992-03-11,1992,11,11,1992-11,Wednesday
1992-03-12,1992,11,11,1992-11,Thursday
1992-03-13,1992,11,11,1992-11,Friday
1992-03-14,1992,11,11,1992-11,Saturday
1992-03-15,1992,11,11,1992-11,Sunday
1992-03-16,1992,12,12,1992-12,Monday
1992-03-17,1992,12,12,1992-12,Tuesday
1992-03-18,1992,12,12,1992-12,Wednesday
1992-03-19,1992,12,12,1992-12,Thursday
1992-03-20,1992,12,12,1992-12,Friday
1992-03-21,1992,12,12,1992-12,Saturday
1992-03-22,1992,12,12,1992-12,Sunday
1992-03-23,1992,13,13,1992-13,Monday
1992-03-24,1992,13,13,1992-13,Tuesday
1992-03-25,1992,13,13,1992-13,Wednesday
1992-03-26,1992,13,13,1992-13,Thursday
1992-03-27,1992,13,13,1992-13,Friday
1992-03-28,1992,13,13,1992-13,Saturday
1992-03-29,1992,13,13,1992-13,Sunday
1992-03-30,1992,14,14,1992-14,Monday
1992-03-31,1992,14,14,1992-14,Tuesday
1992-04-01,1992,14,14,1992-14,Wednesday
1992-04-02,1992,14,14,1992-14,Thursday
1992-04-03,1992,14,14,1992-14,Friday
1992-04-04,1992,14,14,1992-14,Saturday
1992-04-05,1992,14,14,1992-14,Sunday
1992-04-06,1992,15,15,1992-15,Monday
1992-04-07,1992,15,15,1992-15,Tuesday
1992-04-08,1992,15,15,1992-15,Wednesday
1992-04-09,1992,15,15,1992-15,Thursday
1992-04-10,1992,15,15,1992-15,Friday
1992-04-11,1992,15,15,1992-15,Saturday
1992-04-12,1992,15,15,1992-15,Sunday
1992-04-13,1992,16,16,1992-16,Monday
1992-04-14,1992,16,16,1992-16,Tuesday
1992-04-15,1992,16,16,1992-16,Wednesday
1992-04-16,1992,16,16,1992-16,Thursday
1992-04-17,1992,16,16,1992-16,Friday
1992-04-18,1992,16,16,1992-16,Saturday
1992-04-19,1992,16,16,1992-16,Sunday
1992-04-20,1992,17,17,1992-17,Monday
1992-04-21,1992,17,17,1992-17,Tuesday
1992-04-22,1992,17,17,1992-17,Wednesday
1992-04-23,1992,17,17,1992-17,Thursday
1992-04-24,1992,17,17,1992-17,Friday
1992-04-25,1992,17,17,1992-17,Saturday
1992-04-26,1992,17,17,1992-17,Sunday
1992-04-27,1992,18,18,1992-18,Monday
1992-04-28,1992,18,18,1992-18,Tuesday
1992-04-29,1992,18,18,1992-18,Wednesday
1992-04-30,1992,18,18,1992-18,Thursday
1992-05-01,1992,18,18,1992-18,Friday
1992-05-02,1992,18,18,1992-18,Saturday
1992-05-03,1992,18,18,1992-18,Sunday
1992-05-04,1992,19,19,1992-19,Monday
1992-05-05,1992,19,19,1992-19,Tuesday
1992-05-06,1992,19,19,1992-19,Wednesday
1992-05-07,1992,19,19,1992-19,Thursday
1992-05-08,1992,19,19,1992-19,Friday
1992-05-09,1992,19,19,1992-19,Saturday
1992-05-10,1992,19,19,1992-19,Sunday
1992-05-11,1992,20,20,1992-20,Monday
1992-05-12,1992,20,20,1992-20,Tuesday
1992-05-13,1992,20,20,1992-20,Wednesday
1992-05-14,1992,20,20,1992-20,Thursday
1992-05-15,1992,20,20,1992-20,Friday
1992-05-16,1992,20,20,1992-20,Saturday
1992-05-17,1992,20,20,1992-20,Sunday
1992-05-18,1992,21,21,1992-21,Monday
1992-05-19,1992,21,21,1992-21,Tuesday
1992-05-20,1992,21,21,1992-21,Wednesday
1992-05-21,1992,21,21,1992-21,Thursday
1992-05-22,1992,21,21,1992-21,Friday
1992-05-23,1992,21,21,1992-21,Saturday
1992-05-24,1992,21,21,1992-21,Sunday
1992-05-25,1992,22,22,1992-22,Monday
1992-05-26,1992,22,22,1992-22,Tuesday
1992-05-27,1992,22,22,1992-22,Wednesday
1992-05-28,1992,22,22,1992-22,Thursday
1992-05-29,1992,22,22,1992-22,Friday
1992-05-30,1992,22,22,1992-22,Saturday
1992-05-31,1992,22,22,1992-22,Sunday
1992-06-01,1992,23,23,1992-23,Monday
1992-06-02,1992,23,23,1992-23,Tuesday
1992-06-03,1992,23,23,1992-23,Wednesday
1992-06-04,1992,23,23,1992-23,Thursday
1992-06-05,1992,23,23,1992-23,Friday
1992-06-06,1992,23,23,1992-23,Saturday
1992-06-07,1992,23,23,1992-23,Sunday
1992-06-08,1992,24,24,1992-24,Monday
1992-06-09,1992,24,24,1992-24,Tuesday
1992-06-10,1992,24,24,1992-24,Wednesday
1992-06-11,1992,24,24,1992-24,Thursday
1992-06-12,1992,24,24,1992-24,Friday
1992-06-13,1992,24,24,1992-24,Saturday
1992-06-14,1992,24,24,1992-24,Sunday
1992-06-15,1992,25,25,1992-25,Monday
1992-06-16,1992,25,25,1992-25,Tuesday
1992-06-17,1992,25,25,1992-25,Wednesday
1992-06-18,1992,25,25,1992-25,Thursday
1992-06-19,1992,25,25,1992-25,Friday
1992-06-20,1992,25,25,1992-25,Saturday
1992-06-21,1992,25,25,1992-25,Sunday
1992-06-22,1992,26,26,1992-26,Monday
1992-06-23,1992,26,26,1992-26,Tuesday
1992-06-24,1992,26,26,1992-26,Wednesday
1992-06-25,1992,26,26,1992-26,Thursday
1992-06-26,1992,26,26,1992-26,Friday
1992-06-27,1992,26,26,1992-26,Saturday
1992-06-28,1992,26,26,1992-26,Sunday
1992-06-29,1992,27,27,1992-27,Monday
1992-06-30,1992,27,27,1992-27,Tuesday
1992-07-01,1992,27,27,1992-27,Wednesday
1992-07-02,1992,27,27,1992-27,Thursday
1992-07-03,1992,27,27,1992-27,Friday
1992-07-04,1992,27,27,1992-27,Saturday
1992-07-05,1992,27,27,1992-27,Sunday
1992-07-06,1992,28,28,1992-28,Monday
1992-07-07,1992,28,28,1992-28,Tuesday
1992-07-08,1992,28,28,1992-28,Wednesday
1992-07-09,1992,28,28,1992-28,Thursday
1992-07-10,1992,28,28,1992-28,Friday
1992-07-11,1992,28,28,1992-28,Saturday
1992-07-12,1992,28,28,1992-28,Sunday
1992-07-13,1992,29,29,1992-29,Monday
1992-07-14,1992,29,29,1992-29,Tuesday
1992-07-15,1992,29,29,1992-29,Wednesday
1992-07-16,1992,29,29,1992-29,Thursday
1992-07-17,1992,29,29,1992-29,Friday
1992-07-18,1992,29,29,1992-29,Saturday
1992-07-19,1992,29,29,1992-29,Sunday
1992-07-20,1992,30,30,1992-30,Monday
1992-07-21,1992,30,30,1992-30,Tuesday
1992-07-22,1992,30,30,1992-30,Wednesday
1992-07-23,1992,30,30,1992-30,Thursday
1992-07-24,1992,30,30,1992-30,Friday
1992-07-25,1992,30,30,1992-30,Saturday
1992-07-26,1992,30,30,1992-30,Sunday
1992-07-27,1992,31,31,1992-31,Monday
1992-07-28,1992,31,31,1992-31,Tuesday
1992-07-29,1992,31,31,1992-31,Wednesday
1992-07-30,1992,31,31,1992-31,Thursday
1992-07-31,1992,31,31,1992-31,Friday
1992-08-01,1992,31,31,1992-31,Saturday
1992-08-02,1992,31,31,1992-31,Sunday
1992-08-03,1992,32,32,1992-32,Monday
1992-08-04,1992,32,32,1992-32,Tuesday
1992-08-05,1992,32,32,1992-32,Wednesday
1992-08-06,1992,32,32,1992-32,Thursday
1992-08-07,1992,32,32,1992-32,Friday
1992-08-08,1992,32,32,1992-32,Saturday
1992-08-09,1992,32,32,1992-32,Sunday
1992-08-10,1992,33,33,1992-33,Monday
1992-08-11,1992,33,33,1992-33,Tuesday
1992-08-12,1992,33,33,1992-33,Wednesday
1992-08-13,1992,33,33,1992-33,Thursday
1992-08-14,1992,33,33,1992-33,Friday
1992-08-15,1992,33,33,1992-33,Saturday
1992-08-16,1992,33,33,1992-33,Sunday
1992-08-17,1992,34,34,1992-34,Monday
1992-08-18,1992,34,34,1992-34,Tuesday
1992-08-19,1992,34,34,1992-34,Wednesday
1992-08-20,1992,34,34,1992-34,Thursday
1992-08-21,1992,34,34,1992-34,Friday
1992-08-22,1992,34,34,1992-34,Saturday
1992-08-23,1992,34,34,1992-34,Sunday
1992-08-24,1992,35,35,1992-35,Monday
1992-08-25,1992,35,35,1992-35,Tuesday
1992-08-26,1992,35,35,1992-35,Wednesday
1992-08-27,1992,35,35,1992-35,Thursday
1992-08-28,1992,35,35,1992-35,Friday
1992-08-29,1992,35,35,1992-35,Saturday
1992-08-30,1992,35,35,1992-35,Sunday
1992-08-31,1992,36,36,1992-36,Monday
1992-09-01,1992,36,36,1992-36,Tuesday
1992-09-02,1992,36,36,1992-36,Wednesday
1992-09-03,1992,36,36,1992-36,Thursday
1992-09-04,1992,36,36,1992-36,Friday
1992-09-05,1992,36,36,1992-36,Saturday
1992-09-06,1992,36,36,1992-36,Sunday
1992-09-07,1992,37,37,1992-37,Monday
1992-09-08,1992,37,37,1992-37,Tuesday
1992-09-09,1992,37,37,1992-37,Wednesday
1992-09-10,1992,37,37,1992-37,Thursday
1992-09-11,1992,37,37,1992-37,Friday
1992-09-12,1992,37,37,1992-37,Saturday
1992-09-13,1992,37,37,1992-37,Sunday
1992-09-14,1992,38,38,1992-38,Monday
1992-09-15,1992,38,38,1992-38,Tuesday
1992-09-16,1992,38,38,1992-38,Wednesday
1992-09-17,1992,38,38,1992-38,Thursday
1992-09-18,1992,38,38,1992-38,Friday
1992-09-19,1992,38,38,1992-38,Saturday
1992-09-20,1992,38,38,1992-38,Sunday
1992-09-21,1992,39,39,1992-39,Monday
1992-09-22,1992,39,39,1992-39,Tuesday
1992-09-23,1992,39,39,1992-39,Wednesday
1992-09-24,1992,39,39,1992-39,Thursday
1992-09-25,1992,39,39,1992-39,Friday
1992-09-26,1992,39,39,1992-39,Saturday
1992-09-27,1992,39,39,1992-39,Sunday
1992-09-28,1992,40,40,1992-40,Monday
1992-09-29,1992,40,40,1992-40,Tuesday
1992-09-30,1992,40,40,1992-40,Wednesday
1992-10-01,1992,40,40,1992-40,Thursday
1992-10-02,1992,40,40,1992-40,Friday
1992-10-03,1992,40,40,1992-40,Saturday
1992-10-04,1992,40,40,1992-40,Sunday
1992-10-05,1992,41,41,1992-41,Monday
1992-10-06,1992,41,41,1992-41,Tuesday
1992-10-07,1992,41,41,1992-41,Wednesday
1992-10-08,1992,41,41,1992-41,Thursday
1992-10-09,1992,41,41,1992-41,Friday
1992-10-10,1992,41,41,1992-41,Saturday
1992-10-11,1992,41,41,1992-41,Sunday
1992-10-12,1992,42,42,1992-42,Monday
1992-10-13,1992,42,42,1992-42,Tuesday
1992-10-14,1992,42,42,1992-42,Wednesday
1992-10-15,1992,42,42,1992-42,Thursday
1992-10-16,1992,42,42,1992-42,Friday
1992-10-17,1992,42,42,1992-42,Saturday
1992-10-18,1992,42,42,1992-42,Sunday
1992-10-19,1992,43,43,1992-43,Monday
1992-10-20,1992,43,43,1992-43,Tuesday
1992-10-21,1992,43,43,1992-43,Wednesday
1992-10-22,1992,43,43,1992-43,Thursday
1992-10-23,1992,43,43,1992-43,Friday
1992-10-24,1992,43,43,1992-43,Saturday
1992-10-25,1992,43,43,1992-43,Sunday
1992-10-26,1992,44,44,1992-44,Monday
1992-10-27,1992,44,44,1992-44,Tuesday
1992-10-28,1992,44,44,1992-44,Wednesday
1992-10-29,1992,44,44,1992-44,Thursday
1992-10-30,1992,44,44,1992-44,Friday
1992-10-31,1992,44,44,1992-44,Saturday
1992-11-01,1992,44,44,1992-44,Sunday
1992-11-02,1992,45,45,1992-45,Monday
1992-11-03,1992,45,45,1992-45,Tuesday
1992-11-04,1992,45,45,1992-45,Wednesday
1992-11-05,1992,45,45,1992-45,Thursday
1992-11-06,1992,45,45,1992-45,Friday
1992-11-07,1992,45,45,1992-45,Saturday
1992-11-08,1992,45,45,1992-45,Sunday
1992-11-09,1992,46,46,1992-46,Monday
1992-11-10,1992,46,46,1992-46,Tuesday
1992-11-11,1992,46,46,1992-46,Wednesday
1992-11-12,1992,46,46,1992-46,Thursday
1992-11-13,1992,46,46,1992-46,Friday
1992-11-14,1992,46,46,1992-46,Saturday
1992-11-15,1992,46,46,1992-46,Sunday
1992-11-16,1992,47,47,1992-47,Monday
1992-11-17,1992,47,47,1992-47,Tuesday
1992-11-18,1992,47,47,1992-47,Wednesday
1992-11-19,1992,47,47,1992-47,Thursday
1992-11-20,1992,47,47,1992-47,Friday
1992-11-21,1992,47,47,1992-47,Saturday
1992-11-22,1992,47,47,1992-47,Sunday
1992-11-23,1992,48,48,1992-48,Monday
1992-11-24,1992,48,48,1992-48,Tuesday
1992-11-25,1992,48,48,1992-48,Wednesday
1992-11-26,1992,48,48,1992-48,Thursday
1992-11-27,1992,48,48,1992-48,Friday
1992-11-28,1992,48,48,1992-48,Saturday
1992-11-29,1992,48,48,1992-48,Sunday
1992-11-30,1992,49,49,1992-49,Monday
1992-12-01,1992,49,49,1992-49,Tuesday
1992-12-02,1992,49,49,1992-49,Wednesday
1992-12-03,1992,49,49,1992-49,Thursday
1992-12-04,1992,49,49,1992-49,Friday
1992-12-05,1992,49,49,1992-49,Saturday
1992-12-06,1992,49,49,1992-49,Sunday
1992-12-07,1992,50,50,1992-50,Monday
1992-12-08,1992,50,50,1992-50,Tuesday
1992-12-09,1992,50,50,1992-50,Wednesday
1992-12-10,1992,50,50,1992-50,Thursday
1992-12-11,1992,50,50,1992-50,Friday
1992-12-12,1992,50,50,1992-50,Saturday
1992-12-13,1992,50,50,1992-50,Sunday
1992-12-14,1992,51,51,1992-51,Monday
1992-12-15,1992,51,51,1992-51,Tuesday
1992-12-16,1992,51,51,1992-51,Wednesday
1992-12-17,1992,51,51,1992-51,Thursday
1992-12-18,1992,51,51,1992-51,Friday
1992-12-19,1992,51,51,1992-51,Saturday
1992-12-20,1992,51,51,1992-51,Sunday
1992-12-21,1992,52,52,1992-52,Monday
1992-12-22,1992,52,52,1992-52,Tuesday
1992-12-23,1992,52,52,1992-52,Wednesday
1992-12-24,1992,52,52,1992-52,Thursday
1992-12-25,1992,52,52,1992-52,Friday
1992-12-26,1992,52,52,1992-52,Saturday
1992-12-27,1992,52,52,1992-52,Sunday
1992-12-28,1992,53,53,1992-53,Monday
1992-12-29,1992,53,53,1992-53,Tuesday
1992-12-30,1992,53,53,1992-53,Wednesday
1992-12-31,1992,53,53,1992-53,Thursday
1993-01-01,1992,53,53,1992-53,Friday
1993-01-02,1992,53,53,1992-53,Saturday
1993-01-03,1992,53,53,1992-53,Sunday
1993-01-04,1993,1,01,1993-01,Monday
1993-01-05,1993,1,01,1993-01,Tuesday
1993-01-06,1993,1,01,1993-01,Wednesday
1993-01-07,1993,1,01,1993-01,Thursday
1993-01-08,1993,1,01,1993-01,Friday
1993-01-09,1993,1,01,1993-01,Saturday
1993-01-10,1993,1,01,1993-01,Sunday
1993-01-11,1993,2,02,1993-02,Monday
1993-01-12,1993,2,02,1993-02,Tuesday
1993-01-13,1993,2,02,1993-02,Wednesday
1993-01-14,1993,2,02,1993-02,Thursday
1993-01-15,1993,2,02,1993-02,Friday
1993-01-16,1993,2,02,1993-02,Saturday
1993-01-17,1993,2,02,1993-02,Sunday
1993-01-18,1993,3,03,1993-03,Monday
1993-01-19,1993,3,03,1993-03,Tuesday
1993-01-20,1993,3,03,1993-03,Wednesday
1993-01-21,1993,3,03,1993-03,Thursday
1993-01-22,1993,3,03,1993-03,Friday
1993-01-23,1993,3,03,1993-03,Saturday
1993-01-24,1993,3,03,1993-03,Sunday
1993-01-25,1993,4,04,1993-04,Monday
1993-01-26,1993,4,04,1993-04,Tuesday
1993-01-27,1993,4,04,1993-04,Wednesday
1993-01-28,1993,4,04,1993-04,Thursday
1993-01-29,1993,4,04,1993-04,Friday
1993-01-30,1993,4,04,1993-04,Saturday
1993-01-31,1993,4,04,1993-04,Sunday
1993-02-01,1993,5,05,1993-05,Monday
1993-02-02,1993,5,05,1993-05,Tuesday
1993-02-03,1993,5,05,1993-05,Wednesday
1993-02-04,1993,5,05,1993-05,Thursday
1993-02-05,1993,5,05,1993-05,Friday
1993-02-06,1993,5,05,1993-05,Saturday
1993-02-07,1993,5,05,1993-05,Sunday
1993-02-08,1993,6,06,1993-06,Monday
1993-02-09,1993,6,06,1993-06,Tuesday
1993-02-10,1993,6,06,1993-06,Wednesday
1993-02-11,1993,6,06,1993-06,Thursday
1993-02-12,1993,6,06,1993-06,Friday
1993-02-13,1993,6,06,1993-06,Saturday
1993-02-14,1993,6,06,1993-06,Sunday
1993-02-15,1993,7,07,1993-07,Monday
1993-02-16,1993,7,07,1993-07,Tuesday
1993-02-17,1993,7,07,1993-07,Wednesday
1993-02-18,1993,7,07,1993-07,Thursday
1993-02-19,1993,7,07,1993-07,Friday
1993-02-20,1993,7,07,1993-07,Saturday
1993-02-21,1993,7,07,1993-07,Sunday
1993-02-22,1993,8,08,1993-08,Monday
1993-02-23,1993,8,08,1993-08,Tuesday
1993-02-24,1993,8,08,1993-08,Wednesday
1993-02-25,1993,8,08,1993-08,Thursday
1993-02-26,1993,8,08,1993-08,Friday
1993-02-27,1993,8,08,1993-08,Saturday
1993-02-28,1993,8,08,1993-08,Sunday
1993-03-01,1993,9,09,1993-09,Monday
1993-03-02,1993,9,09,1993-09,Tuesday
1993-03-03,1993,9,09,1993-09,Wednesday
1993-03-04,1993,9,09,1993-09,Thursday
1993-03-05,1993,9,09,1993-09,Friday
1993-03-06,1993,9,09,1993-09,Saturday
1993-03-07,1993,9,09,1993-09,Sunday
1993-03-08,1993,10,10,1993-10,Monday
1993-03-09,1993,10,10,1993-10,Tuesday
1993-03-10,1993,10,10,1993-10,Wednesday
1993-03-11,1993,10,10,1993-10,Thursday
1993-03-12,1993,10,10,1993-10,Friday
1993-03-13,1993,10,10,1993-10,Saturday
1993-03-14,1993,10,10,1993-10,Sunday
1993-03-15,1993,11,11,1993-11,Monday
1993-03-16,1993,11,11,1993-11,Tuesday
1993-03-17,1993,11,11,1993-11,Wednesday
1993-03-18,1993,11,11,1993-11,Thursday
1993-03-19,1993,11,11,1993-11,Friday
1993-03-20,1993,11,11,1993-11,Saturday
1993-03-21,1993,11,11,1993-11,Sunday
1993-03-22,1993,12,12,1993-12,Monday
1993-03-23,1993,12,12,1993-12,Tuesday
1993-03-24,1993,12,12,1993-12,Wednesday
1993-03-25,1993,12,12,1993-12,Thursday
1993-03-26,1993,12,12,1993-12,Friday
1993-03-27,1993,12,12,1993-12,Saturday
1993-03-28,1993,12,12,1993-12,Sunday
1993-03-29,1993,13,13,1993-13,Monday
1993-03-30,1993,13,13,1993-13,Tuesday
1993-03-31,1993,13,13,1993-13,Wednesday
1993-04-01,1993,13,13,1993-13,Thursday
1993-04-02,1993,13,13,1993-13,Friday
1993-04-03,1993,13,13,1993-13,Saturday
1993-04-04,1993,13,13,1993-13,Sunday
1993-04-05,1993,14,14,1993-14,Monday
1993-04-06,1993,14,14,1993-14,Tuesday
1993-04-07,1993,14,14,1993-14,Wednesday
1993-04-08,1993,14,14,1993-14,Thursday
1993-04-09,1993,14,14,1993-14,Friday
1993-04-10,1993,14,14,1993-14,Saturday
1993-04-11,1993,14,14,1993-14,Sunday
1993-04-12,1993,15,15,1993-15,Monday
1993-04-13,1993,15,15,1993-15,Tuesday
1993-04-14,1993,15,15,1993-15,Wednesday
1993-04-15,1993,15,15,1993-15,Thursday
1993-04-16,1993,15,15,1993-15,Friday
1993-04-17,1993,15,15,1993-15,Saturday
1993-04-18,1993,15,15,1993-15,Sunday
1993-04-19,1993,16,16,1993-16,Monday
1993-04-20,1993,16,16,1993-16,Tuesday
1993-04-21,1993,16,16,1993-16,Wednesday
1993-04-22,1993,16,16,1993-16,Thursday
1993-04-23,1993,16,16,1993-16,Friday
1993-04-24,1993,16,16,1993-16,Saturday
1993-04-25,1993,16,16,1993-16,Sunday
1993-04-26,1993,17,17,1993-17,Monday
1993-04-27,1993,17,17,1993-17,Tuesday
1993-04-28,1993,17,17,1993-17,Wednesday
1993-04-29,1993,17,17,1993-17,Thursday
1993-04-30,1993,17,17,1993-17,Friday
1993-05-01,1993,17,17,1993-17,Saturday
1993-05-02,1993,17,17,1993-17,Sunday
1993-05-03,1993,18,18,1993-18,Monday
1993-05-04,1993,18,18,1993-18,Tuesday
1993-05-05,1993,18,18,1993-18,Wednesday
1993-05-06,1993,18,18,1993-18,Thursday
1993-05-07,1993,18,18,1993-18,Friday
1993-05-08,1993,18,18,1993-18,Saturday
1993-05-09,1993,18,18,1993-18,Sunday
1993-05-10,1993,19,19,1993-19,Monday
1993-05-11,1993,19,19,1993-19,Tuesday
1993-05-12,1993,19,19,1993-19,Wednesday
1993-05-13,1993,19,19,1993-19,Thursday
1993-05-14,1993,19,19,1993-19,Friday
1993-05-15,1993,19,19,1993-19,Saturday
1993-05-16,1993,19,19,1993-19,Sunday
1993-05-17,1993,20,20,1993-20,Monday
1993-05-18,1993,20,20,1993-20,Tuesday
1993-05-19,1993,20,20,1993-20,Wednesday
1993-05-20,1993,20,20,1993-20,Thursday
1993-05-21,1993,20,20,1993-20,Friday
1993-05-22,1993,20,20,1993-20,Saturday
1993-05-23,1993,20,20,1993-20,Sunday
1993-05-24,1993,21,21,1993-21,Monday
1993-05-25,1993,21,21,1993-21,Tuesday
1993-05-26,1993,21,21,1993-21,Wednesday
1993-05-27,1993,21,21,1993-21,Thursday
1993-05-28,1993,21,21,1993-21,Friday
1993-05-29,1993,21,21,1993-21,Saturday
1993-05-30,1993,21,21,1993-21,Sunday
1993-05-31,1993,22,22,1993-22,Monday
1993-06-01,1993,22,22,1993-22,Tuesday
1993-06-02,1993,22,22,1993-22,Wednesday
1993-06-03,1993,22,22,1993-22,Thursday
1993-06-04,1993,22,22,1993-22,Friday
1993-06-05,1993,22,22,1993-22,Saturday
1993-06-06,1993,22,22,1993-22,Sunday
1993-06-07,1993,23,23,1993-23,Monday
1993-06-08,1993,23,23,1993-23,Tuesday
1993-06-09,1993,23,23,1993-23,Wednesday
1993-06-10,1993,23,23,1993-23,Thursday
1993-06-11,1993,23,23,1993-23,Friday
1993-06-12,1993,23,23,1993-23,Saturday
1993-06-13,1993,23,23,1993-23,Sunday
1993-06-14,1993,24,24,1993-24,Monday
1993-06-15,1993,24,24,1993-24,Tuesday
1993-06-16,1993,24,24,1993-24,Wednesday
1993-06-17,1993,24,24,1993-24,Thursday
1993-06-18,1993,24,24,1993-24,Friday
1993-06-19,1993,24,24,1993-24,Saturday
1993-06-20,1993,24,24,1993-24,Sunday
1993-06-21,1993,25,25,1993-25,Monday
1993-06-22,1993,25,25,1993-25,Tuesday
1993-06-23,1993,25,25,1993-25,Wednesday
1993-06-24,1993,25,25,1993-25,Thursday
1993-06-25,1993,25,25,1993-25,Friday
1993-06-26,1993,25,25,1993-25,Saturday
1993-06-27,1993,25,25,1993-25,Sunday
1993-06-28,1993,26,26,1993-26,Monday
1993-06-29,1993,26,26,1993-26,Tuesday
1993-06-30,1993,26,26,1993-26,Wednesday
1993-07-01,1993,26,26,1993-26,Thursday
1993-07-02,1993,26,26,1993-26,Friday
1993-07-03,1993,26,26,1993-26,Saturday
1993-07-04,1993,26,26,1993-26,Sunday
1993-07-05,1993,27,27,1993-27,Monday
1993-07-06,1993,27,27,1993-27,Tuesday
1993-07-07,1993,27,27,1993-27,Wednesday
1993-07-08,1993,27,27,1993-27,Thursday
1993-07-09,1993,27,27,1993-27,Friday
1993-07-10,1993,27,27,1993-27,Saturday
1993-07-11,1993,27,27,1993-27,Sunday
1993-07-12,1993,28,28,1993-28,Monday
1993-07-13,1993,28,28,1993-28,Tuesday
1993-07-14,1993,28,28,1993-28,Wednesday
1993-07-15,1993,28,28,1993-28,Thursday
1993-07-16,1993,28,28,1993-28,Friday
1993-07-17,1993,28,28,1993-28,Saturday
1993-07-18,1993,28,28,1993-28,Sunday
1993-07-19,1993,29,29,1993-29,Monday
1993-07-20,1993,29,29,1993-29,Tuesday
1993-07-21,1993,29,29,1993-29,Wednesday
1993-07-22,1993,29,29,1993-29,Thursday
1993-07-23,1993,29,29,1993-29,Friday
1993-07-24,1993,29,29,1993-29,Saturday
1993-07-25,1993,29,29,1993-29,Sunday
1993-07-26,1993,30,30,1993-30,Monday
1993-07-27,1993,30,30,1993-30,Tuesday
1993-07-28,1993,30,30,1993-30,Wednesday
1993-07-29,1993,30,30,1993-30,Thursday
1993-07-30,1993,30,30,1993-30,Friday
1993-07-31,1993,30,30,1993-30,Saturday
1993-08-01,1993,30,30,1993-30,Sunday
1993-08-02,1993,31,31,1993-31,Monday
1993-08-03,1993,31,31,1993-31,Tuesday
1993-08-04,1993,31,31,1993-31,Wednesday
1993-08-05,1993,31,31,1993-31,Thursday
1993-08-06,1993,31,31,1993-31,Friday
1993-08-07,1993,31,31,1993-31,Saturday
1993-08-08,1993,31,31,1993-31,Sunday
1993-08-09,1993,32,32,1993-32,Monday
1993-08-10,1993,32,32,1993-32,Tuesday
1993-08-11,1993,32,32,1993-32,Wednesday
1993-08-12,1993,32,32,1993-32,Thursday
1993-08-13,1993,32,32,1993-32,Friday
1993-08-14,1993,32,32,1993-32,Saturday
1993-08-15,1993,32,32,1993-32,Sunday
1993-08-16,1993,33,33,1993-33,Monday
1993-08-17,1993,33,33,1993-33,Tuesday
1993-08-18,1993,33,33,1993-33,Wednesday
1993-08-19,1993,33,33,1993-33,Thursday
1993-08-20,1993,33,33,1993-33,Friday
1993-08-21,1993,33,33,1993-33,Saturday
1993-08-22,1993,33,33,1993-33,Sunday
1993-08-23,1993,34,34,1993-34,Monday
1993-08-24,1993,34,34,1993-34,Tuesday
1993-08-25,1993,34,34,1993-34,Wednesday
1993-08-26,1993,34,34,1993-34,Thursday
1993-08-27,1993,34,34,1993-34,Friday
1993-08-28,1993,34,34,1993-34,Saturday
1993-08-29,1993,34,34,1993-34,Sunday
1993-08-30,1993,35,35,1993-35,Monday
1993-08-31,1993,35,35,1993-35,Tuesday
1993-09-01,1993,35,35,1993-35,Wednesday
1993-09-02,1993,35,35,1993-35,Thursday
1993-09-03,1993,35,35,1993-35,Friday
1993-09-04,1993,35,35,1993-35,Saturday
1993-09-05,1993,35,35,1993-35,Sunday
1993-09-06,1993,36,36,1993-36,Monday
1993-09-07,1993,36,36,1993-36,Tuesday
1993-09-08,1993,36,36,1993-36,Wednesday
1993-09-09,1993,36,36,1993-36,Thursday
1993-09-10,1993,36,36,1993-36,Friday
1993-09-11,1993,36,36,1993-36,Saturday
1993-09-12,1993,36,36,1993-36,Sunday
1993-09-13,1993,37,37,1993-37,Monday
1993-09-14,1993,37,37,1993-37,Tuesday
1993-09-15,1993,37,37,1993-37,Wednesday
1993-09-16,1993,37,37,1993-37,Thursday
1993-09-17,1993,37,37,1993-37,Friday
1993-09-18,1993,37,37,1993-37,Saturday
1993-09-19,1993,37,37,1993-37,Sunday
1993-09-20,1993,38,38,1993-38,Monday
1993-09-21,1993,38,38,1993-38,Tuesday
1993-09-22,1993,38,38,1993-38,Wednesday
1993-09-23,1993,38,38,1993-38,Thursday
1993-09-24,1993,38,38,1993-38,Friday
1993-09-25,1993,38,38,1993-38,Saturday
1993-09-26,1993,38,38,1993-38,Sunday
1993-09-27,1993,39,39,1993-39,Monday
1993-09-28,1993,39,39,1993-39,Tuesday
1993-09-29,1993,39,39,1993-39,Wednesday
1993-09-30,1993,39,39,1993-39,Thursday
1993-10-01,1993,39,39,1993-39,Friday
1993-10-02,1993,39,39,1993-39,Saturday
1993-10-03,1993,39,39,1993-39,Sunday
1993-10-04,1993,40,40,1993-40,Monday
1993-10-05,1993,40,40,1993-40,Tuesday
1993-10-06,1993,40,40,1993-40,Wednesday
1993-10-07,1993,40,40,1993-40,Thursday
1993-10-08,1993,40,40,1993-40,Friday
1993-10-09,1993,40,40,1993-40,Saturday
1993-10-10,1993,40,40,1993-40,Sunday
1993-10-11,1993,41,41,1993-41,Monday
1993-10-12,1993,41,41,1993-41,Tuesday
1993-10-13,1993,41,41,1993-41,Wednesday
1993-10-14,1993,41,41,1993-41,Thursday
1993-10-15,1993,41,41,1993-41,Friday
1993-10-16,1993,41,41,1993-41,Saturday
1993-10-17,1993,41,41,1993-41,Sunday
1993-10-18,1993,42,42,1993-42,Monday
1993-10-19,1993,42,42,1993-42,Tuesday
1993-10-20,1993,42,42,1993-42,Wednesday
1993-10-21,1993,42,42,1993-42,Thursday
1993-10-22,1993,42,42,1993-42,Friday
1993-10-23,1993,42,42,1993-42,Saturday
1993-10-24,1993,42,42,1993-42,Sunday
1993-10-25,1993,43,43,1993-43,Monday
1993-10-26,1993,43,43,1993-43,Tuesday
1993-10-27,1993,43,43,1993-43,Wednesday
1993-10-28,1993,43,43,1993-43,Thursday
1993-10-29,1993,43,43,1993-43,Friday
1993-10-30,1993,43,43,1993-43,Saturday
1993-10-31,1993,43,43,1993-43,Sunday
1993-11-01,1993,44,44,1993-44,Monday
1993-11-02,1993,44,44,1993-44,Tuesday
1993-11-03,1993,44,44,1993-44,Wednesday
1993-11-04,1993,44,44,1993-44,Thursday
1993-11-05,1993,44,44,1993-44,Friday
1993-11-06,1993,44,44,1993-44,Saturday
1993-11-07,1993,44,44,1993-44,Sunday
1993-11-08,1993,45,45,1993-45,Monday
1993-11-09,1993,45,45,1993-45,Tuesday
1993-11-10,1993,45,45,1993-45,Wednesday
1993-11-11,1993,45,45,1993-45,Thursday
1993-11-12,1993,45,45,1993-45,Friday
1993-11-13,1993,45,45,1993-45,Saturday
1993-11-14,1993,45,45,1993-45,Sunday
1993-11-15,1993,46,46,1993-46,Monday
1993-11-16,1993,46,46,1993-46,Tuesday
1993-11-17,1993,46,46,1993-46,Wednesday
1993-11-18,1993,46,46,1993-46,Thursday
1993-11-19,1993,46,46,1993-46,Friday
1993-11-20,1993,46,46,1993-46,Saturday
1993-11-21,1993,46,46,1993-46,Sunday
1993-11-22,1993,47,47,1993-47,Monday
1993-11-23,1993,47,47,1993-47,Tuesday
1993-11-24,1993,47,47,1993-47,Wednesday
1993-11-25,1993,47,47,1993-47,Thursday
1993-11-26,1993,47,47,1993-47,Friday
1993-11-27,1993,47,47,1993-47,Saturday
1993-11-28,1993,47,47,1993-47,Sunday
1993-11-29,1993,48,48,1993-48,Monday
1993-11-30,1993,48,48,1993-48,Tuesday
1993-12-01,1993,48,48,1993-48,Wednesday
1993-12-02,1993,48,48,1993-48,Thursday
1993-12-03,1993,48,48,1993-48,Friday
1993-12-04,1993,48,48,1993-48,Saturday
1993-12-05,1993,48,48,1993-48,Sunday
1993-12-06,1993,49,49,1993-49,Monday
1993-12-07,1993,49,49,1993-49,Tuesday
1993-12-08,1993,49,49,1993-49,Wednesday
1993-12-09,1993,49,49,1993-49,Thursday
1993-12-10,1993,49,49,1993-49,Friday
1993-12-11,1993,49,49,1993-49,Saturday
1993-12-12,1993,49,49,1993-49,Sunday
1993-12-13,1993,50,50,1993-50,Monday
1993-12-14,1993,50,50,1993-50,Tuesday
1993-12-15,1993,50,50,1993-50,Wednesday
1993-12-16,1993,50,50,1993-50,Thursday
1993-12-17,1993,50,50,1993-50,Friday
1993-12-18,1993,50,50,1993-50,Saturday
1993-12-19,1993,50,50,1993-50,Sunday
1993-12-20,1993,51,51,1993-51,Monday
1993-12-21,1993,51,51,1993-51,Tuesday
1993-12-22,1993,51,51,1993-51,Wednesday
1993-12-23,1993,51,51,1993-51,Thursday
1993-12-24,1993,51,51,1993-51,Friday
1993-12-25,1993,51,51,1993-51,Saturday
1993-12-26,1993,51,51,1993-51,Sunday
1993-12-27,1993,52,52,1993-52,Monday
1993-12-28,1993,52,52,1993-52,Tuesday
1993-12-29,1993,52,52,1993-52,Wednesday
1993-12-30,1993,52,52,1993-52,Thursday
1993-12-31,1993,52,52,1993-52,Friday
1994-01-01,1993,52,52,1993-52,Saturday
1994-01-02,1993,52,52,1993-52,Sunday
1994-01-03,1994,1,01,1994-01,Monday
1994-01-04,1994,1,01,1994-01,Tuesday
1994-01-05,1994,1,01,1994-01,Wednesday
1994-01-06,1994,1,01,1994-01,Thursday
1994-01-07,1994,1,01,1994-01,Friday
1994-01-08,1994,1,01,1994-01,Saturday
1994-01-09,1994,1,01,1994-01,Sunday
1994-01-10,1994,2,02,1994-02,Monday
1994-01-11,1994,2,02,1994-02,Tuesday
1994-01-12,1994,2,02,1994-02,Wednesday
1994-01-13,1994,2,02,1994-02,Thursday
1994-01-14,1994,2,02,1994-02,Friday
1994-01-15,1994,2,02,1994-02,Saturday
1994-01-16,1994,2,02,1994-02,Sunday
1994-01-17,1994,3,03,1994-03,Monday
1994-01-18,1994,3,03,1994-03,Tuesday
1994-01-19,1994,3,03,1994-03,Wednesday
1994-01-20,1994,3,03,1994-03,Thursday
1994-01-21,1994,3,03,1994-03,Friday
1994-01-22,1994,3,03,1994-03,Saturday
1994-01-23,1994,3,03,1994-03,Sunday
1994-01-24,1994,4,04,1994-04,Monday
1994-01-25,1994,4,04,1994-04,Tuesday
1994-01-26,1994,4,04,1994-04,Wednesday
1994-01-27,1994,4,04,1994-04,Thursday
1994-01-28,1994,4,04,1994-04,Friday
1994-01-29,1994,4,04,1994-04,Saturday
1994-01-30,1994,4,04,1994-04,Sunday
1994-01-31,1994,5,05,1994-05,Monday
1994-02-01,1994,5,05,1994-05,Tuesday
1994-02-02,1994,5,05,1994-05,Wednesday
1994-02-03,1994,5,05,1994-05,Thursday
1994-02-04,1994,5,05,1994-05,Friday
1994-02-05,1994,5,05,1994-05,Saturday
1994-02-06,1994,5,05,1994-05,Sunday
1994-02-07,1994,6,06,1994-06,Monday
1994-02-08,1994,6,06,1994-06,Tuesday
1994-02-09,1994,6,06,1994-06,Wednesday
1994-02-10,1994,6,06,1994-06,Thursday
1994-02-11,1994,6,06,1994-06,Friday
1994-02-12,1994,6,06,1994-06,Saturday
1994-02-13,1994,6,06,1994-06,Sunday
1994-02-14,1994,7,07,1994-07,Monday
1994-02-15,1994,7,07,1994-07,Tuesday
1994-02-16,1994,7,07,1994-07,Wednesday
1994-02-17,1994,7,07,1994-07,Thursday
1994-02-18,1994,7,07,1994-07,Friday
1994-02-19,1994,7,07,1994-07,Saturday
1994-02-20,1994,7,07,1994-07,Sunday
1994-02-21,1994,8,08,1994-08,Monday
1994-02-22,1994,8,08,1994-08,Tuesday
1994-02-23,1994,8,08,1994-08,Wednesday
1994-02-24,1994,8,08,1994-08,Thursday
1994-02-25,1994,8,08,1994-08,Friday
1994-02-26,1994,8,08,1994-08,Saturday
1994-02-27,1994,8,08,1994-08,Sunday
1994-02-28,1994,9,09,1994-09,Monday
1994-03-01,1994,9,09,1994-09,Tuesday
1994-03-02,1994,9,09,1994-09,Wednesday
1994-03-03,1994,9,09,1994-09,Thursday
1994-03-04,1994,9,09,1994-09,Friday
1994-03-05,1994,9,09,1994-09,Saturday
1994-03-06,1994,9,09,1994-09,Sunday
1994-03-07,1994,10,10,1994-10,Monday
1994-03-08,1994,10,10,1994-10,Tuesday
1994-03-09,1994,10,10,1994-10,Wednesday
1994-03-10,1994,10,10,1994-10,Thursday
1994-03-11,1994,10,10,1994-10,Friday
1994-03-12,1994,10,10,1994-10,Saturday
1994-03-13,1994,10,10,1994-10,Sunday
1994-03-14,1994,11,11,1994-11,Monday
1994-03-15,1994,11,11,1994-11,Tuesday
1994-03-16,1994,11,11,1994-11,Wednesday
1994-03-17,1994,11,11,1994-11,Thursday
1994-03-18,1994,11,11,1994-11,Friday
1994-03-19,1994,11,11,1994-11,Saturday
1994-03-20,1994,11,11,1994-11,Sunday
1994-03-21,1994,12,12,1994-12,Monday
1994-03-22,1994,12,12,1994-12,Tuesday
1994-03-23,1994,12,12,1994-12,Wednesday
1994-03-24,1994,12,12,1994-12,Thursday
1994-03-25,1994,12,12,1994-12,Friday
1994-03-26,1994,12,12,1994-12,Saturday
1994-03-27,1994,12,12,1994-12,Sunday
1994-03-28,1994,13,13,1994-13,Monday
1994-03-29,1994,13,13,1994-13,Tuesday
1994-03-30,1994,13,13,1994-13,Wednesday
1994-03-31,1994,13,13,1994-13,Thursday
1994-04-01,1994,13,13,1994-13,Friday
1994-04-02,1994,13,13,1994-13,Saturday
1994-04-03,1994,13,13,1994-13,Sunday
1994-04-04,1994,14,14,1994-14,Monday
1994-04-05,1994,14,14,1994-14,Tuesday
1994-04-06,1994,14,14,1994-14,Wednesday
1994-04-07,1994,14,14,1994-14,Thursday
1994-04-08,1994,14,14,1994-14,Friday
1994-04-09,1994,14,14,1994-14,Saturday
1994-04-10,1994,14,14,1994-14,Sunday
1994-04-11,1994,15,15,1994-15,Monday
1994-04-12,1994,15,15,1994-15,Tuesday
1994-04-13,1994,15,15,1994-15,Wednesday
1994-04-14,1994,15,15,1994-15,Thursday
1994-04-15,1994,15,15,1994-15,Friday
1994-04-16,1994,15,15,1994-15,Saturday
1994-04-17,1994,15,15,1994-15,Sunday
1994-04-18,1994,16,16,1994-16,Monday
1994-04-19,1994,16,16,1994-16,Tuesday
1994-04-20,1994,16,16,1994-16,Wednesday
1994-04-21,1994,16,16,1994-16,Thursday
1994-04-22,1994,16,16,1994-16,Friday
1994-04-23,1994,16,16,1994-16,Saturday
1994-04-24,1994,16,16,1994-16,Sunday
1994-04-25,1994,17,17,1994-17,Monday
1994-04-26,1994,17,17,1994-17,Tuesday
1994-04-27,1994,17,17,1994-17,Wednesday
1994-04-28,1994,17,17,1994-17,Thursday
1994-04-29,1994,17,17,1994-17,Friday
1994-04-30,1994,17,17,1994-17,Saturday
1994-05-01,1994,17,17,1994-17,Sunday
1994-05-02,1994,18,18,1994-18,Monday
1994-05-03,1994,18,18,1994-18,Tuesday
1994-05-04,1994,18,18,1994-18,Wednesday
1994-05-05,1994,18,18,1994-18,Thursday
1994-05-06,1994,18,18,1994-18,Friday
1994-05-07,1994,18,18,1994-18,Saturday
1994-05-08,1994,18,18,1994-18,Sunday
1994-05-09,1994,19,19,1994-19,Monday
1994-05-10,1994,19,19,1994-19,Tuesday
1994-05-11,1994,19,19,1994-19,Wednesday
1994-05-12,1994,19,19,1994-19,Thursday
1994-05-13,1994,19,19,1994-19,Friday
1994-05-14,1994,19,19,1994-19,Saturday
1994-05-15,1994,19,19,1994-19,Sunday
1994-05-16,1994,20,20,1994-20,Monday
1994-05-17,1994,20,20,1994-20,Tuesday
1994-05-18,1994,20,20,1994-20,Wednesday
1994-05-19,1994,20,20,1994-20,Thursday
1994-05-20,1994,20,20,1994-20,Friday
1994-05-21,1994,20,20,1994-20,Saturday
1994-05-22,1994,20,20,1994-20,Sunday
1994-05-23,1994,21,21,1994-21,Monday
1994-05-24,1994,21,21,1994-21,Tuesday
1994-05-25,1994,21,21,1994-21,Wednesday
1994-05-26,1994,21,21,1994-21,Thursday
1994-05-27,1994,21,21,1994-21,Friday
1994-05-28,1994,21,21,1994-21,Saturday
1994-05-29,1994,21,21,1994-21,Sunday
1994-05-30,1994,22,22,1994-22,Monday
1994-05-31,1994,22,22,1994-22,Tuesday
1994-06-01,1994,22,22,1994-22,Wednesday
1994-06-02,1994,22,22,1994-22,Thursday
1994-06-03,1994,22,22,1994-22,Friday
1994-06-04,1994,22,22,1994-22,Saturday
1994-06-05,1994,22,22,1994-22,Sunday
1994-06-06,1994,23,23,1994-23,Monday
1994-06-07,1994,23,23,1994-23,Tuesday
1994-06-08,1994,23,23,1994-23,Wednesday
1994-06-09,1994,23,23,1994-23,Thursday
1994-06-10,1994,23,23,1994-23,Friday
1994-06-11,1994,23,23,1994-23,Saturday
1994-06-12,1994,23,23,1994-23,Sunday
1994-06-13,1994,24,24,1994-24,Monday
1994-06-14,1994,24,24,1994-24,Tuesday
1994-06-15,1994,24,24,1994-24,Wednesday
1994-06-16,1994,24,24,1994-24,Thursday
1994-06-17,1994,24,24,1994-24,Friday
1994-06-18,1994,24,24,1994-24,Saturday
1994-06-19,1994,24,24,1994-24,Sunday
1994-06-20,1994,25,25,1994-25,Monday
1994-06-21,1994,25,25,1994-25,Tuesday
1994-06-22,1994,25,25,1994-25,Wednesday
1994-06-23,1994,25,25,1994-25,Thursday
1994-06-24,1994,25,25,1994-25,Friday
1994-06-25,1994,25,25,1994-25,Saturday
1994-06-26,1994,25,25,1994-25,Sunday
1994-06-27,1994,26,26,1994-26,Monday
1994-06-28,1994,26,26,1994-26,Tuesday
1994-06-29,1994,26,26,1994-26,Wednesday
1994-06-30,1994,26,26,1994-26,Thursday
1994-07-01,1994,26,26,1994-26,Friday
1994-07-02,1994,26,26,1994-26,Saturday
1994-07-03,1994,26,26,1994-26,Sunday
1994-07-04,1994,27,27,1994-27,Monday
1994-07-05,1994,27,27,1994-27,Tuesday
1994-07-06,1994,27,27,1994-27,Wednesday
1994-07-07,1994,27,27,1994-27,Thursday
1994-07-08,1994,27,27,1994-27,Friday
1994-07-09,1994,27,27,1994-27,Saturday
1994-07-10,1994,27,27,1994-27,Sunday
1994-07-11,1994,28,28,1994-28,Monday
1994-07-12,1994,28,28,1994-28,Tuesday
1994-07-13,1994,28,28,1994-28,Wednesday
1994-07-14,1994,28,28,1994-28,Thursday
1994-07-15,1994,28,28,1994-28,Friday
1994-07-16,1994,28,28,1994-28,Saturday
1994-07-17,1994,28,28,1994-28,Sunday
1994-07-18,1994,29,29,1994-29,Monday
1994-07-19,1994,29,29,1994-29,Tuesday
1994-07-20,1994,29,29,1994-29,Wednesday
1994-07-21,1994,29,29,1994-29,Thursday
1994-07-22,1994,29,29,1994-29,Friday
1994-07-23,1994,29,29,1994-29,Saturday
1994-07-24,1994,29,29,1994-29,Sunday
1994-07-25,1994,30,30,1994-30,Monday
1994-07-26,1994,30,30,1994-30,Tuesday
1994-07-27,1994,30,30,1994-30,Wednesday
1994-07-28,1994,30,30,1994-30,Thursday
1994-07-29,1994,30,30,1994-30,Friday
1994-07-30,1994,30,30,1994-30,Saturday
1994-07-31,1994,30,30,1994-30,Sunday
1994-08-01,1994,31,31,1994-31,Monday
1994-08-02,1994,31,31,1994-31,Tuesday
1994-08-03,1994,31,31,1994-31,Wednesday
1994-08-04,1994,31,31,1994-31,Thursday
1994-08-05,1994,31,31,1994-31,Friday
1994-08-06,1994,31,31,1994-31,Saturday
1994-08-07,1994,31,31,1994-31,Sunday
1994-08-08,1994,32,32,1994-32,Monday
1994-08-09,1994,32,32,1994-32,Tuesday
1994-08-10,1994,32,32,1994-32,Wednesday
1994-08-11,1994,32,32,1994-32,Thursday
1994-08-12,1994,32,32,1994-32,Friday
1994-08-13,1994,32,32,1994-32,Saturday
1994-08-14,1994,32,32,1994-32,Sunday
1994-08-15,1994,33,33,1994-33,Monday
1994-08-16,1994,33,33,1994-33,Tuesday
1994-08-17,1994,33,33,1994-33,Wednesday
1994-08-18,1994,33,33,1994-33,Thursday
1994-08-19,1994,33,33,1994-33,Friday
1994-08-20,1994,33,33,1994-33,Saturday
1994-08-21,1994,33,33,1994-33,Sunday
1994-08-22,1994,34,34,1994-34,Monday
1994-08-23,1994,34,34,1994-34,Tuesday
1994-08-24,1994,34,34,1994-34,Wednesday
1994-08-25,1994,34,34,1994-34,Thursday
1994-08-26,1994,34,34,1994-34,Friday
1994-08-27,1994,34,34,1994-34,Saturday
1994-08-28,1994,34,34,1994-34,Sunday
1994-08-29,1994,35,35,1994-35,Monday
1994-08-30,1994,35,35,1994-35,Tuesday
1994-08-31,1994,35,35,1994-35,Wednesday
1994-09-01,1994,35,35,1994-35,Thursday
1994-09-02,1994,35,35,1994-35,Friday
1994-09-03,1994,35,35,1994-35,Saturday
1994-09-04,1994,35,35,1994-35,Sunday
1994-09-05,1994,36,36,1994-36,Monday
1994-09-06,1994,36,36,1994-36,Tuesday
1994-09-07,1994,36,36,1994-36,Wednesday
1994-09-08,1994,36,36,1994-36,Thursday
1994-09-09,1994,36,36,1994-36,Friday
1994-09-10,1994,36,36,1994-36,Saturday
1994-09-11,1994,36,36,1994-36,Sunday
1994-09-12,1994,37,37,1994-37,Monday
1994-09-13,1994,37,37,1994-37,Tuesday
1994-09-14,1994,37,37,1994-37,Wednesday
1994-09-15,1994,37,37,1994-37,Thursday
1994-09-16,1994,37,37,1994-37,Friday
1994-09-17,1994,37,37,1994-37,Saturday
1994-09-18,1994,37,37,1994-37,Sunday
1994-09-19,1994,38,38,1994-38,Monday
1994-09-20,1994,38,38,1994-38,Tuesday
1994-09-21,1994,38,38,1994-38,Wednesday
1994-09-22,1994,38,38,1994-38,Thursday
1994-09-23,1994,38,38,1994-38,Friday
1994-09-24,1994,38,38,1994-38,Saturday
1994-09-25,1994,38,38,1994-38,Sunday
1994-09-26,1994,39,39,1994-39,Monday
1994-09-27,1994,39,39,1994-39,Tuesday
1994-09-28,1994,39,39,1994-39,Wednesday
1994-09-29,1994,39,39,1994-39,Thursday
1994-09-30,1994,39,39,1994-39,Friday
1994-10-01,1994,39,39,1994-39,Saturday
1994-10-02,1994,39,39,1994-39,Sunday
1994-10-03,1994,40,40,1994-40,Monday
1994-10-04,1994,40,40,1994-40,Tuesday
1994-10-05,1994,40,40,1994-40,Wednesday
1994-10-06,1994,40,40,1994-40,Thursday
1994-10-07,1994,40,40,1994-40,Friday
1994-10-08,1994,40,40,1994-40,Saturday
1994-10-09,1994,40,40,1994-40,Sunday
1994-10-10,1994,41,41,1994-41,Monday
1994-10-11,1994,41,41,1994-41,Tuesday
1994-10-12,1994,41,41,1994-41,Wednesday
1994-10-13,1994,41,41,1994-41,Thursday
1994-10-14,1994,41,41,1994-41,Friday
1994-10-15,1994,41,41,1994-41,Saturday
1994-10-16,1994,41,41,1994-41,Sunday
1994-10-17,1994,42,42,1994-42,Monday
1994-10-18,1994,42,42,1994-42,Tuesday
1994-10-19,1994,42,42,1994-42,Wednesday
1994-10-20,1994,42,42,1994-42,Thursday
1994-10-21,1994,42,42,1994-42,Friday
1994-10-22,1994,42,42,1994-42,Saturday
1994-10-23,1994,42,42,1994-42,Sunday
1994-10-24,1994,43,43,1994-43,Monday
1994-10-25,1994,43,43,1994-43,Tuesday
1994-10-26,1994,43,43,1994-43,Wednesday
1994-10-27,1994,43,43,1994-43,Thursday
1994-10-28,1994,43,43,1994-43,Friday
1994-10-29,1994,43,43,1994-43,Saturday
1994-10-30,1994,43,43,1994-43,Sunday
1994-10-31,1994,44,44,1994-44,Monday
1994-11-01,1994,44,44,1994-44,Tuesday
1994-11-02,1994,44,44,1994-44,Wednesday
1994-11-03,1994,44,44,1994-44,Thursday
1994-11-04,1994,44,44,1994-44,Friday
1994-11-05,1994,44,44,1994-44,Saturday
1994-11-06,1994,44,44,1994-44,Sunday
1994-11-07,1994,45,45,1994-45,Monday
1994-11-08,1994,45,45,1994-45,Tuesday
1994-11-09,1994,45,45,1994-45,Wednesday
1994-11-10,1994,45,45,1994-45,Thursday
1994-11-11,1994,45,45,1994-45,Friday
1994-11-12,1994,45,45,1994-45,Saturday
1994-11-13,1994,45,45,1994-45,Sunday
1994-11-14,1994,46,46,1994-46,Monday
1994-11-15,1994,46,46,1994-46,Tuesday
1994-11-16,1994,46,46,1994-46,Wednesday
1994-11-17,1994,46,46,1994-46,Thursday
1994-11-18,1994,46,46,1994-46,Friday
1994-11-19,1994,46,46,1994-46,Saturday
1994-11-20,1994,46,46,1994-46,Sunday
1994-11-21,1994,47,47,1994-47,Monday
1994-11-22,1994,47,47,1994-47,Tuesday
1994-11-23,1994,47,47,1994-47,Wednesday
1994-11-24,1994,47,47,1994-47,Thursday
1994-11-25,1994,47,47,1994-47,Friday
1994-11-26,1994,47,47,1994-47,Saturday
1994-11-27,1994,47,47,1994-47,Sunday
1994-11-28,1994,48,48,1994-48,Monday
1994-11-29,1994,48,48,1994-48,Tuesday
1994-11-30,1994,48,48,1994-48,Wednesday
1994-12-01,1994,48,48,1994-48,Thursday
1994-12-02,1994,48,48,1994-48,Friday
1994-12-03,1994,48,48,1994-48,Saturday
1994-12-04,1994,48,48,1994-48,Sunday
1994-12-05,1994,49,49,1994-49,Monday
1994-12-06,1994,49,49,1994-49,Tuesday
1994-12-07,1994,49,49,1994-49,Wednesday
1994-12-08,1994,49,49,1994-49,Thursday
1994-12-09,1994,49,49,1994-49,Friday
1994-12-10,1994,49,49,1994-49,Saturday
1994-12-11,1994,49,49,1994-49,Sunday
1994-12-12,1994,50,50,1994-50,Monday
1994-12-13,1994,50,50,1994-50,Tuesday
1994-12-14,1994,50,50,1994-50,Wednesday
1994-12-15,1994,50,50,1994-50,Thursday
1994-12-16,1994,50,50,1994-50,Friday
1994-12-17,1994,50,50,1994-50,Saturday
1994-12-18,1994,50,50,1994-50,Sunday
1994-12-19,1994,51,51,1994-51,Monday
1994-12-20,1994,51,51,1994-51,Tuesday
1994-12-21,1994,51,51,1994-51,Wednesday
1994-12-22,1994,51,51,1994-51,Thursday
1994-12-23,1994,51,51,1994-51,Friday
1994-12-24,1994,51,51,1994-51,Saturday
1994-12-25,1994,51,51,1994-51,Sunday
1994-12-26,1994,52,52,1994-52,Monday
1994-12-27,1994,52,52,1994-52,Tuesday
1994-12-28,1994,52,52,1994-52,Wednesday
1994-12-29,1994,52,52,1994-52,Thursday
1994-12-30,1994,52,52,1994-52,Friday
1994-12-31,1994,52,52,1994-52,Saturday
1995-01-01,1994,52,52,1994-52,Sunday
1995-01-02,1995,1,01,1995-01,Monday
1995-01-03,1995,1,01,1995-01,Tuesday
1995-01-04,1995,1,01,1995-01,Wednesday
1995-01-05,1995,1,01,1995-01,Thursday
1995-01-06,1995,1,01,1995-01,Friday
1995-01-07,1995,1,01,1995-01,Saturday
1995-01-08,1995,1,01,1995-01,Sunday
1995-01-09,1995,2,02,1995-02,Monday
1995-01-10,1995,2,02,1995-02,Tuesday
1995-01-11,1995,2,02,1995-02,Wednesday
1995-01-12,1995,2,02,1995-02,Thursday
1995-01-13,1995,2,02,1995-02,Friday
1995-01-14,1995,2,02,1995-02,Saturday
1995-01-15,1995,2,02,1995-02,Sunday
1995-01-16,1995,3,03,1995-03,Monday
1995-01-17,1995,3,03,1995-03,Tuesday
1995-01-18,1995,3,03,1995-03,Wednesday
1995-01-19,1995,3,03,1995-03,Thursday
1995-01-20,1995,3,03,1995-03,Friday
1995-01-21,1995,3,03,1995-03,Saturday
1995-01-22,1995,3,03,1995-03,Sunday
1995-01-23,1995,4,04,1995-04,Monday
1995-01-24,1995,4,04,1995-04,Tuesday
1995-01-25,1995,4,04,1995-04,Wednesday
1995-01-26,1995,4,04,1995-04,Thursday
1995-01-27,1995,4,04,1995-04,Friday
1995-01-28,1995,4,04,1995-04,Saturday
1995-01-29,1995,4,04,1995-04,Sunday
1995-01-30,1995,5,05,1995-05,Monday
1995-01-31,1995,5,05,1995-05,Tuesday
1995-02-01,1995,5,05,1995-05,Wednesday
1995-02-02,1995,5,05,1995-05,Thursday
1995-02-03,1995,5,05,1995-05,Friday
1995-02-04,1995,5,05,1995-05,Saturday
1995-02-05,1995,5,05,1995-05,Sunday
1995-02-06,1995,6,06,1995-06,Monday
1995-02-07,1995,6,06,1995-06,Tuesday
1995-02-08,1995,6,06,1995-06,Wednesday
1995-02-09,1995,6,06,1995-06,Thursday
1995-02-10,1995,6,06,1995-06,Friday
1995-02-11,1995,6,06,1995-06,Saturday
1995-02-12,1995,6,06,1995-06,Sunday
1995-02-13,1995,7,07,1995-07,Monday
1995-02-14,1995,7,07,1995-07,Tuesday
1995-02-15,1995,7,07,1995-07,Wednesday
1995-02-16,1995,7,07,1995-07,Thursday
1995-02-17,1995,7,07,1995-07,Friday
1995-02-18,1995,7,07,1995-07,Saturday
1995-02-19,1995,7,07,1995-07,Sunday
1995-02-20,1995,8,08,1995-08,Monday
1995-02-21,1995,8,08,1995-08,Tuesday
1995-02-22,1995,8,08,1995-08,Wednesday
1995-02-23,1995,8,08,1995-08,Thursday
1995-02-24,1995,8,08,1995-08,Friday
1995-02-25,1995,8,08,1995-08,Saturday
1995-02-26,1995,8,08,1995-08,Sunday
1995-02-27,1995,9,09,1995-09,Monday
1995-02-28,1995,9,09,1995-09,Tuesday
1995-03-01,1995,9,09,1995-09,Wednesday
1995-03-02,1995,9,09,1995-09,Thursday
1995-03-03,1995,9,09,1995-09,Friday
1995-03-04,1995,9,09,1995-09,Saturday
1995-03-05,1995,9,09,1995-09,Sunday
1995-03-06,1995,10,10,1995-10,Monday
1995-03-07,1995,10,10,1995-10,Tuesday
1995-03-08,1995,10,10,1995-10,Wednesday
1995-03-09,1995,10,10,1995-10,Thursday
1995-03-10,1995,10,10,1995-10,Friday
1995-03-11,1995,10,10,1995-10,Saturday
1995-03-12,1995,10,10,1995-10,Sunday
1995-03-13,1995,11,11,1995-11,Monday
1995-03-14,1995,11,11,1995-11,Tuesday
1995-03-15,1995,11,11,1995-11,Wednesday
1995-03-16,1995,11,11,1995-11,Thursday
1995-03-17,1995,11,11,1995-11,Friday
1995-03-18,1995,11,11,1995-11,Saturday
1995-03-19,1995,11,11,1995-11,Sunday
1995-03-20,1995,12,12,1995-12,Monday
1995-03-21,1995,12,12,1995-12,Tuesday
1995-03-22,1995,12,12,1995-12,Wednesday
1995-03-23,1995,12,12,1995-12,Thursday
1995-03-24,1995,12,12,1995-12,Friday
1995-03-25,1995,12,12,1995-12,Saturday
1995-03-26,1995,12,12,1995-12,Sunday
1995-03-27,1995,13,13,1995-13,Monday
1995-03-28,1995,13,13,1995-13,Tuesday
1995-03-29,1995,13,13,1995-13,Wednesday
1995-03-30,1995,13,13,1995-13,Thursday
1995-03-31,1995,13,13,1995-13,Friday
1995-04-01,1995,13,13,1995-13,Saturday
1995-04-02,1995,13,13,1995-13,Sunday
1995-04-03,1995,14,14,1995-14,Monday
1995-04-04,1995,14,14,1995-14,Tuesday
1995-04-05,1995,14,14,1995-14,Wednesday
1995-04-06,1995,14,14,1995-14,Thursday
1995-04-07,1995,14,14,1995-14,Friday
1995-04-08,1995,14,14,1995-14,Saturday
1995-04-09,1995,14,14,1995-14,Sunday
1995-04-10,1995,15,15,1995-15,Monday
1995-04-11,1995,15,15,1995-15,Tuesday
1995-04-12,1995,15,15,1995-15,Wednesday
1995-04-13,1995,15,15,1995-15,Thursday
1995-04-14,1995,15,15,1995-15,Friday
1995-04-15,1995,15,15,1995-15,Saturday
1995-04-16,1995,15,15,1995-15,Sunday
1995-04-17,1995,16,16,1995-16,Monday
1995-04-18,1995,16,16,1995-16,Tuesday
1995-04-19,1995,16,16,1995-16,Wednesday
1995-04-20,1995,16,16,1995-16,Thursday
1995-04-21,1995,16,16,1995-16,Friday
1995-04-22,1995,16,16,1995-16,Saturday
1995-04-23,1995,16,16,1995-16,Sunday
1995-04-24,1995,17,17,1995-17,Monday
1995-04-25,1995,17,17,1995-17,Tuesday
1995-04-26,1995,17,17,1995-17,Wednesday
1995-04-27,1995,17,17,1995-17,Thursday
1995-04-28,1995,17,17,1995-17,Friday
1995-04-29,1995,17,17,1995-17,Saturday
1995-04-30,1995,17,17,1995-17,Sunday
1995-05-01,1995,18,18,1995-18,Monday
1995-05-02,1995,18,18,1995-18,Tuesday
1995-05-03,1995,18,18,1995-18,Wednesday
1995-05-04,1995,18,18,1995-18,Thursday
1995-05-05,1995,18,18,1995-18,Friday
1995-05-06,1995,18,18,1995-18,Saturday
1995-05-07,1995,18,18,1995-18,Sunday
1995-05-08,1995,19,19,1995-19,Monday
1995-05-09,1995,19,19,1995-19,Tuesday
1995-05-10,1995,19,19,1995-19,Wednesday
1995-05-11,1995,19,19,1995-19,Thursday
1995-05-12,1995,19,19,1995-19,Friday
1995-05-13,1995,19,19,1995-19,Saturday
1995-05-14,1995,19,19,1995-19,Sunday
1995-05-15,1995,20,20,1995-20,Monday
1995-05-16,1995,20,20,1995-20,Tuesday
1995-05-17,1995,20,20,1995-20,Wednesday
1995-05-18,1995,20,20,1995-20,Thursday
1995-05-19,1995,20,20,1995-20,Friday
1995-05-20,1995,20,20,1995-20,Saturday
1995-05-21,1995,20,20,1995-20,Sunday
1995-05-22,1995,21,21,1995-21,Monday
1995-05-23,1995,21,21,1995-21,Tuesday
1995-05-24,1995,21,21,1995-21,Wednesday
1995-05-25,1995,21,21,1995-21,Thursday
1995-05-26,1995,21,21,1995-21,Friday
1995-05-27,1995,21,21,1995-21,Saturday
1995-05-28,1995,21,21,1995-21,Sunday
1995-05-29,1995,22,22,1995-22,Monday
1995-05-30,1995,22,22,1995-22,Tuesday
1995-05-31,1995,22,22,1995-22,Wednesday
1995-06-01,1995,22,22,1995-22,Thursday
1995-06-02,1995,22,22,1995-22,Friday
1995-06-03,1995,22,22,1995-22,Saturday
1995-06-04,1995,22,22,1995-22,Sunday
1995-06-05,1995,23,23,1995-23,Monday
1995-06-06,1995,23,23,1995-23,Tuesday
1995-06-07,1995,23,23,1995-23,Wednesday
1995-06-08,1995,23,23,1995-23,Thursday
1995-06-09,1995,23,23,1995-23,Friday
1995-06-10,1995,23,23,1995-23,Saturday
1995-06-11,1995,23,23,1995-23,Sunday
1995-06-12,1995,24,24,1995-24,Monday
1995-06-13,1995,24,24,1995-24,Tuesday
1995-06-14,1995,24,24,1995-24,Wednesday
1995-06-15,1995,24,24,1995-24,Thursday
1995-06-16,1995,24,24,1995-24,Friday
1995-06-17,1995,24,24,1995-24,Saturday
1995-06-18,1995,24,24,1995-24,Sunday
1995-06-19,1995,25,25,1995-25,Monday
1995-06-20,1995,25,25,1995-25,Tuesday
1995-06-21,1995,25,25,1995-25,Wednesday
1995-06-22,1995,25,25,1995-25,Thursday
1995-06-23,1995,25,25,1995-25,Friday
1995-06-24,1995,25,25,1995-25,Saturday
1995-06-25,1995,25,25,1995-25,Sunday
1995-06-26,1995,26,26,1995-26,Monday
1995-06-27,1995,26,26,1995-26,Tuesday
1995-06-28,1995,26,26,1995-26,Wednesday
1995-06-29,1995,26,26,1995-26,Thursday
1995-06-30,1995,26,26,1995-26,Friday
1995-07-01,1995,26,26,1995-26,Saturday
1995-07-02,1995,26,26,1995-26,Sunday
1995-07-03,1995,27,27,1995-27,Monday
1995-07-04,1995,27,27,1995-27,Tuesday
1995-07-05,1995,27,27,1995-27,Wednesday
1995-07-06,1995,27,27,1995-27,Thursday
1995-07-07,1995,27,27,1995-27,Friday
1995-07-08,1995,27,27,1995-27,Saturday
1995-07-09,1995,27,27,1995-27,Sunday
1995-07-10,1995,28,28,1995-28,Monday
1995-07-11,1995,28,28,1995-28,Tuesday
1995-07-12,1995,28,28,1995-28,Wednesday
1995-07-13,1995,28,28,1995-28,Thursday
1995-07-14,1995,28,28,1995-28,Friday
1995-07-15,1995,28,28,1995-28,Saturday
1995-07-16,1995,28,28,1995-28,Sunday
1995-07-17,1995,29,29,1995-29,Monday
1995-07-18,1995,29,29,1995-29,Tuesday
1995-07-19,1995,29,29,1995-29,Wednesday
1995-07-20,1995,29,29,1995-29,Thursday
1995-07-21,1995,29,29,1995-29,Friday
1995-07-22,1995,29,29,1995-29,Saturday
1995-07-23,1995,29,29,1995-29,Sunday
1995-07-24,1995,30,30,1995-30,Monday
1995-07-25,1995,30,30,1995-30,Tuesday
1995-07-26,1995,30,30,1995-30,Wednesday
1995-07-27,1995,30,30,1995-30,Thursday
1995-07-28,1995,30,30,1995-30,Friday
1995-07-29,1995,30,30,1995-30,Saturday
1995-07-30,1995,30,30,1995-30,Sunday
1995-07-31,1995,31,31,1995-31,Monday
1995-08-01,1995,31,31,1995-31,Tuesday
1995-08-02,1995,31,31,1995-31,Wednesday
1995-08-03,1995,31,31,1995-31,Thursday
1995-08-04,1995,31,31,1995-31,Friday
1995-08-05,1995,31,31,1995-31,Saturday
1995-08-06,1995,31,31,1995-31,Sunday
1995-08-07,1995,32,32,1995-32,Monday
1995-08-08,1995,32,32,1995-32,Tuesday
1995-08-09,1995,32,32,1995-32,Wednesday
1995-08-10,1995,32,32,1995-32,Thursday
1995-08-11,1995,32,32,1995-32,Friday
1995-08-12,1995,32,32,1995-32,Saturday
1995-08-13,1995,32,32,1995-32,Sunday
1995-08-14,1995,33,33,1995-33,Monday
1995-08-15,1995,33,33,1995-33,Tuesday
1995-08-16,1995,33,33,1995-33,Wednesday
1995-08-17,1995,33,33,1995-33,Thursday
1995-08-18,1995,33,33,1995-33,Friday
1995-08-19,1995,33,33,1995-33,Saturday
1995-08-20,1995,33,33,1995-33,Sunday
1995-08-21,1995,34,34,1995-34,Monday
1995-08-22,1995,34,34,1995-34,Tuesday
1995-08-23,1995,34,34,1995-34,Wednesday
1995-08-24,1995,34,34,1995-34,Thursday
1995-08-25,1995,34,34,1995-34,Friday
1995-08-26,1995,34,34,1995-34,Saturday
1995-08-27,1995,34,34,1995-34,Sunday
1995-08-28,1995,35,35,1995-35,Monday
1995-08-29,1995,35,35,1995-35,Tuesday
1995-08-30,1995,35,35,1995-35,Wednesday
1995-08-31,1995,35,35,1995-35,Thursday
1995-09-01,1995,35,35,1995-35,Friday
1995-09-02,1995,35,35,1995-35,Saturday
1995-09-03,1995,35,35,1995-35,Sunday
1995-09-04,1995,36,36,1995-36,Monday
1995-09-05,1995,36,36,1995-36,Tuesday
1995-09-06,1995,36,36,1995-36,Wednesday
1995-09-07,1995,36,36,1995-36,Thursday
1995-09-08,1995,36,36,1995-36,Friday
1995-09-09,1995,36,36,1995-36,Saturday
1995-09-10,1995,36,36,1995-36,Sunday
1995-09-11,1995,37,37,1995-37,Monday
1995-09-12,1995,37,37,1995-37,Tuesday
1995-09-13,1995,37,37,1995-37,Wednesday
1995-09-14,1995,37,37,1995-37,Thursday
1995-09-15,1995,37,37,1995-37,Friday
1995-09-16,1995,37,37,1995-37,Saturday
1995-09-17,1995,37,37,1995-37,Sunday
1995-09-18,1995,38,38,1995-38,Monday
1995-09-19,1995,38,38,1995-38,Tuesday
1995-09-20,1995,38,38,1995-38,Wednesday
1995-09-21,1995,38,38,1995-38,Thursday
1995-09-22,1995,38,38,1995-38,Friday
1995-09-23,1995,38,38,1995-38,Saturday
1995-09-24,1995,38,38,1995-38,Sunday
1995-09-25,1995,39,39,1995-39,Monday
1995-09-26,1995,39,39,1995-39,Tuesday
1995-09-27,1995,39,39,1995-39,Wednesday
1995-09-28,1995,39,39,1995-39,Thursday
1995-09-29,1995,39,39,1995-39,Friday
1995-09-30,1995,39,39,1995-39,Saturday
1995-10-01,1995,39,39,1995-39,Sunday
1995-10-02,1995,40,40,1995-40,Monday
1995-10-03,1995,40,40,1995-40,Tuesday
1995-10-04,1995,40,40,1995-40,Wednesday
1995-10-05,1995,40,40,1995-40,Thursday
1995-10-06,1995,40,40,1995-40,Friday
1995-10-07,1995,40,40,1995-40,Saturday
1995-10-08,1995,40,40,1995-40,Sunday
1995-10-09,1995,41,41,1995-41,Monday
1995-10-10,1995,41,41,1995-41,Tuesday
1995-10-11,1995,41,41,1995-41,Wednesday
1995-10-12,1995,41,41,1995-41,Thursday
1995-10-13,1995,41,41,1995-41,Friday
1995-10-14,1995,41,41,1995-41,Saturday
1995-10-15,1995,41,41,1995-41,Sunday
1995-10-16,1995,42,42,1995-42,Monday
1995-10-17,1995,42,42,1995-42,Tuesday
1995-10-18,1995,42,42,1995-42,Wednesday
1995-10-19,1995,42,42,1995-42,Thursday
1995-10-20,1995,42,42,1995-42,Friday
1995-10-21,1995,42,42,1995-42,Saturday
1995-10-22,1995,42,42,1995-42,Sunday
1995-10-23,1995,43,43,1995-43,Monday
1995-10-24,1995,43,43,1995-43,Tuesday
1995-10-25,1995,43,43,1995-43,Wednesday
1995-10-26,1995,43,43,1995-43,Thursday
1995-10-27,1995,43,43,1995-43,Friday
1995-10-28,1995,43,43,1995-43,Saturday
1995-10-29,1995,43,43,1995-43,Sunday
1995-10-30,1995,44,44,1995-44,Monday
1995-10-31,1995,44,44,1995-44,Tuesday
1995-11-01,1995,44,44,1995-44,Wednesday
1995-11-02,1995,44,44,1995-44,Thursday
1995-11-03,1995,44,44,1995-44,Friday
1995-11-04,1995,44,44,1995-44,Saturday
1995-11-05,1995,44,44,1995-44,Sunday
1995-11-06,1995,45,45,1995-45,Monday
1995-11-07,1995,45,45,1995-45,Tuesday
1995-11-08,1995,45,45,1995-45,Wednesday
1995-11-09,1995,45,45,1995-45,Thursday
1995-11-10,1995,45,45,1995-45,Friday
1995-11-11,1995,45,45,1995-45,Saturday
1995-11-12,1995,45,45,1995-45,Sunday
1995-11-13,1995,46,46,1995-46,Monday
1995-11-14,1995,46,46,1995-46,Tuesday
1995-11-15,1995,46,46,1995-46,Wednesday
1995-11-16,1995,46,46,1995-46,Thursday
1995-11-17,1995,46,46,1995-46,Friday
1995-11-18,1995,46,46,1995-46,Saturday
1995-11-19,1995,46,46,1995-46,Sunday
1995-11-20,1995,47,47,1995-47,Monday
1995-11-21,1995,47,47,1995-47,Tuesday
1995-11-22,1995,47,47,1995-47,Wednesday
1995-11-23,1995,47,47,1995-47,Thursday
1995-11-24,1995,47,47,1995-47,Friday
1995-11-25,1995,47,47,1995-47,Saturday
1995-11-26,1995,47,47,1995-47,Sunday
1995-11-27,1995,48,48,1995-48,Monday
1995-11-28,1995,48,48,1995-48,Tuesday
1995-11-29,1995,48,48,1995-48,Wednesday
1995-11-30,1995,48,48,1995-48,Thursday
1995-12-01,1995,48,48,1995-48,Friday
1995-12-02,1995,48,48,1995-48,Saturday
1995-12-03,1995,48,48,1995-48,Sunday
1995-12-04,1995,49,49,1995-49,Monday
1995-12-05,1995,49,49,1995-49,Tuesday
1995-12-06,1995,49,49,1995-49,Wednesday
1995-12-07,1995,49,49,1995-49,Thursday
1995-12-08,1995,49,49,1995-49,Friday
1995-12-09,1995,49,49,1995-49,Saturday
1995-12-10,1995,49,49,1995-49,Sunday
1995-12-11,1995,50,50,1995-50,Monday
1995-12-12,1995,50,50,1995-50,Tuesday
1995-12-13,1995,50,50,1995-50,Wednesday
1995-12-14,1995,50,50,1995-50,Thursday
1995-12-15,1995,50,50,1995-50,Friday
1995-12-16,1995,50,50,1995-50,Saturday
1995-12-17,1995,50,50,1995-50,Sunday
1995-12-18,1995,51,51,1995-51,Monday
1995-12-19,1995,51,51,1995-51,Tuesday
1995-12-20,1995,51,51,1995-51,Wednesday
1995-12-21,1995,51,51,1995-51,Thursday
1995-12-22,1995,51,51,1995-51,Friday
1995-12-23,1995,51,51,1995-51,Saturday
1995-12-24,1995,51,51,1995-51,Sunday
1995-12-25,1995,52,52,1995-52,Monday
1995-12-26,1995,52,52,1995-52,Tuesday
1995-12-27,1995,52,52,1995-52,Wednesday
1995-12-28,1995,52,52,1995-52,Thursday
1995-12-29,1995,52,52,1995-52,Friday
1995-12-30,1995,52,52,1995-52,Saturday
1995-12-31,1995,52,52,1995-52,Sunday
1996-01-01,1996,1,01,1996-01,Monday
1996-01-02,1996,1,01,1996-01,Tuesday
1996-01-03,1996,1,01,1996-01,Wednesday
1996-01-04,1996,1,01,1996-01,Thursday
1996-01-05,1996,1,01,1996-01,Friday
1996-01-06,1996,1,01,1996-01,Saturday
1996-01-07,1996,1,01,1996-01,Sunday
1996-01-08,1996,2,02,1996-02,Monday
1996-01-09,1996,2,02,1996-02,Tuesday
1996-01-10,1996,2,02,1996-02,Wednesday
1996-01-11,1996,2,02,1996-02,Thursday
1996-01-12,1996,2,02,1996-02,Friday
1996-01-13,1996,2,02,1996-02,Saturday
1996-01-14,1996,2,02,1996-02,Sunday
1996-01-15,1996,3,03,1996-03,Monday
1996-01-16,1996,3,03,1996-03,Tuesday
1996-01-17,1996,3,03,1996-03,Wednesday
1996-01-18,1996,3,03,1996-03,Thursday
1996-01-19,1996,3,03,1996-03,Friday
1996-01-20,1996,3,03,1996-03,Saturday
1996-01-21,1996,3,03,1996-03,Sunday
1996-01-22,1996,4,04,1996-04,Monday
1996-01-23,1996,4,04,1996-04,Tuesday
1996-01-24,1996,4,04,1996-04,Wednesday
1996-01-25,1996,4,04,1996-04,Thursday
1996-01-26,1996,4,04,1996-04,Friday
1996-01-27,1996,4,04,1996-04,Saturday
1996-01-28,1996,4,04,1996-04,Sunday
1996-01-29,1996,5,05,1996-05,Monday
1996-01-30,1996,5,05,1996-05,Tuesday
1996-01-31,1996,5,05,1996-05,Wednesday
1996-02-01,1996,5,05,1996-05,Thursday
1996-02-02,1996,5,05,1996-05,Friday
1996-02-03,1996,5,05,1996-05,Saturday
1996-02-04,1996,5,05,1996-05,Sunday
1996-02-05,1996,6,06,1996-06,Monday
1996-02-06,1996,6,06,1996-06,Tuesday
1996-02-07,1996,6,06,1996-06,Wednesday
1996-02-08,1996,6,06,1996-06,Thursday
1996-02-09,1996,6,06,1996-06,Friday
1996-02-10,1996,6,06,1996-06,Saturday
1996-02-11,1996,6,06,1996-06,Sunday
1996-02-12,1996,7,07,1996-07,Monday
1996-02-13,1996,7,07,1996-07,Tuesday
1996-02-14,1996,7,07,1996-07,Wednesday
1996-02-15,1996,7,07,1996-07,Thursday
1996-02-16,1996,7,07,1996-07,Friday
1996-02-17,1996,7,07,1996-07,Saturday
1996-02-18,1996,7,07,1996-07,Sunday
1996-02-19,1996,8,08,1996-08,Monday
1996-02-20,1996,8,08,1996-08,Tuesday
1996-02-21,1996,8,08,1996-08,Wednesday
1996-02-22,1996,8,08,1996-08,Thursday
1996-02-23,1996,8,08,1996-08,Friday
1996-02-24,1996,8,08,1996-08,Saturday
1996-02-25,1996,8,08,1996-08,Sunday
1996-02-26,1996,9,09,1996-09,Monday
1996-02-27,1996,9,09,1996-09,Tuesday
1996-02-28,1996,9,09,1996-09,Wednesday
1996-02-29,1996,9,09,1996-09,Thursday
1996-03-01,1996,9,09,1996-09,Friday
1996-03-02,1996,9,09,1996-09,Saturday
1996-03-03,1996,9,09,1996-09,Sunday
1996-03-04,1996,10,10,1996-10,Monday
1996-03-05,1996,10,10,1996-10,Tuesday
1996-03-06,1996,10,10,1996-10,Wednesday
1996-03-07,1996,10,10,1996-10,Thursday
1996-03-08,1996,10,10,1996-10,Friday
1996-03-09,1996,10,10,1996-10,Saturday
1996-03-10,1996,10,10,1996-10,Sunday
1996-03-11,1996,11,11,1996-11,Monday
1996-03-12,1996,11,11,1996-11,Tuesday
1996-03-13,1996,11,11,1996-11,Wednesday
1996-03-14,1996,11,11,1996-11,Thursday
1996-03-15,1996,11,11,1996-11,Friday
1996-03-16,1996,11,11,1996-11,Saturday
1996-03-17,1996,11,11,1996-11,Sunday
1996-03-18,1996,12,12,1996-12,Monday
1996-03-19,1996,12,12,1996-12,Tuesday
1996-03-20,1996,12,12,1996-12,Wednesday
1996-03-21,1996,12,12,1996-12,Thursday
1996-03-22,1996,12,12,1996-12,Friday
1996-03-23,1996,12,12,1996-12,Saturday
1996-03-24,1996,12,12,1996-12,Sunday
1996-03-25,1996,13,13,1996-13,Monday
1996-03-26,1996,13,13,1996-13,Tuesday
1996-03-27,1996,13,13,1996-13,Wednesday
1996-03-28,1996,13,13,1996-13,Thursday
1996-03-29,1996,13,13,1996-13,Friday
1996-03-30,1996,13,13,1996-13,Saturday
1996-03-31,1996,13,13,1996-13,Sunday
1996-04-01,1996,14,14,1996-14,Monday
1996-04-02,1996,14,14,1996-14,Tuesday
1996-04-03,1996,14,14,1996-14,Wednesday
1996-04-04,1996,14,14,1996-14,Thursday
1996-04-05,1996,14,14,1996-14,Friday
1996-04-06,1996,14,14,1996-14,Saturday
1996-04-07,1996,14,14,1996-14,Sunday
1996-04-08,1996,15,15,1996-15,Monday
1996-04-09,1996,15,15,1996-15,Tuesday
1996-04-10,1996,15,15,1996-15,Wednesday
1996-04-11,1996,15,15,1996-15,Thursday
1996-04-12,1996,15,15,1996-15,Friday
1996-04-13,1996,15,15,1996-15,Saturday
1996-04-14,1996,15,15,1996-15,Sunday
1996-04-15,1996,16,16,1996-16,Monday
1996-04-16,1996,16,16,1996-16,Tuesday
1996-04-17,1996,16,16,1996-16,Wednesday
1996-04-18,1996,16,16,1996-16,Thursday
1996-04-19,1996,16,16,1996-16,Friday
1996-04-20,1996,16,16,1996-16,Saturday
1996-04-21,1996,16,16,1996-16,Sunday
1996-04-22,1996,17,17,1996-17,Monday
1996-04-23,1996,17,17,1996-17,Tuesday
1996-04-24,1996,17,17,1996-17,Wednesday
1996-04-25,1996,17,17,1996-17,Thursday
1996-04-26,1996,17,17,1996-17,Friday
1996-04-27,1996,17,17,1996-17,Saturday
1996-04-28,1996,17,17,1996-17,Sunday
1996-04-29,1996,18,18,1996-18,Monday
1996-04-30,1996,18,18,1996-18,Tuesday
1996-05-01,1996,18,18,1996-18,Wednesday
1996-05-02,1996,18,18,1996-18,Thursday
1996-05-03,1996,18,18,1996-18,Friday
1996-05-04,1996,18,18,1996-18,Saturday
1996-05-05,1996,18,18,1996-18,Sunday
1996-05-06,1996,19,19,1996-19,Monday
1996-05-07,1996,19,19,1996-19,Tuesday
1996-05-08,1996,19,19,1996-19,Wednesday
1996-05-09,1996,19,19,1996-19,Thursday
1996-05-10,1996,19,19,1996-19,Friday
1996-05-11,1996,19,19,1996-19,Saturday
1996-05-12,1996,19,19,1996-19,Sunday
1996-05-13,1996,20,20,1996-20,Monday
1996-05-14,1996,20,20,1996-20,Tuesday
1996-05-15,1996,20,20,1996-20,Wednesday
1996-05-16,1996,20,20,1996-20,Thursday
1996-05-17,1996,20,20,1996-20,Friday
1996-05-18,1996,20,20,1996-20,Saturday
1996-05-19,1996,20,20,1996-20,Sunday
1996-05-20,1996,21,21,1996-21,Monday
1996-05-21,1996,21,21,1996-21,Tuesday
1996-05-22,1996,21,21,1996-21,Wednesday
1996-05-23,1996,21,21,1996-21,Thursday
1996-05-24,1996,21,21,1996-21,Friday
1996-05-25,1996,21,21,1996-21,Saturday
1996-05-26,1996,21,21,1996-21,Sunday
1996-05-27,1996,22,22,1996-22,Monday
1996-05-28,1996,22,22,1996-22,Tuesday
1996-05-29,1996,22,22,1996-22,Wednesday
1996-05-30,1996,22,22,1996-22,Thursday
1996-05-31,1996,22,22,1996-22,Friday
1996-06-01,1996,22,22,1996-22,Saturday
1996-06-02,1996,22,22,1996-22,Sunday
1996-06-03,1996,23,23,1996-23,Monday
1996-06-04,1996,23,23,1996-23,Tuesday
1996-06-05,1996,23,23,1996-23,Wednesday
1996-06-06,1996,23,23,1996-23,Thursday
1996-06-07,1996,23,23,1996-23,Friday
1996-06-08,1996,23,23,1996-23,Saturday
1996-06-09,1996,23,23,1996-23,Sunday
1996-06-10,1996,24,24,1996-24,Monday
1996-06-11,1996,24,24,1996-24,Tuesday
1996-06-12,1996,24,24,1996-24,Wednesday
1996-06-13,1996,24,24,1996-24,Thursday
1996-06-14,1996,24,24,1996-24,Friday
1996-06-15,1996,24,24,1996-24,Saturday
1996-06-16,1996,24,24,1996-24,Sunday
1996-06-17,1996,25,25,1996-25,Monday
1996-06-18,1996,25,25,1996-25,Tuesday
1996-06-19,1996,25,25,1996-25,Wednesday
1996-06-20,1996,25,25,1996-25,Thursday
1996-06-21,1996,25,25,1996-25,Friday
1996-06-22,1996,25,25,1996-25,Saturday
1996-06-23,1996,25,25,1996-25,Sunday
1996-06-24,1996,26,26,1996-26,Monday
1996-06-25,1996,26,26,1996-26,Tuesday
1996-06-26,1996,26,26,1996-26,Wednesday
1996-06-27,1996,26,26,1996-26,Thursday
1996-06-28,1996,26,26,1996-26,Friday
1996-06-29,1996,26,26,1996-26,Saturday
1996-06-30,1996,26,26,1996-26,Sunday
1996-07-01,1996,27,27,1996-27,Monday
1996-07-02,1996,27,27,1996-27,Tuesday
1996-07-03,1996,27,27,1996-27,Wednesday
1996-07-04,1996,27,27,1996-27,Thursday
1996-07-05,1996,27,27,1996-27,Friday
1996-07-06,1996,27,27,1996-27,Saturday
1996-07-07,1996,27,27,1996-27,Sunday
1996-07-08,1996,28,28,1996-28,Monday
1996-07-09,1996,28,28,1996-28,Tuesday
1996-07-10,1996,28,28,1996-28,Wednesday
1996-07-11,1996,28,28,1996-28,Thursday
1996-07-12,1996,28,28,1996-28,Friday
1996-07-13,1996,28,28,1996-28,Saturday
1996-07-14,1996,28,28,1996-28,Sunday
1996-07-15,1996,29,29,1996-29,Monday
1996-07-16,1996,29,29,1996-29,Tuesday
1996-07-17,1996,29,29,1996-29,Wednesday
1996-07-18,1996,29,29,1996-29,Thursday
1996-07-19,1996,29,29,1996-29,Friday
1996-07-20,1996,29,29,1996-29,Saturday
1996-07-21,1996,29,29,1996-29,Sunday
1996-07-22,1996,30,30,1996-30,Monday
1996-07-23,1996,30,30,1996-30,Tuesday
1996-07-24,1996,30,30,1996-30,Wednesday
1996-07-25,1996,30,30,1996-30,Thursday
1996-07-26,1996,30,30,1996-30,Friday
1996-07-27,1996,30,30,1996-30,Saturday
1996-07-28,1996,30,30,1996-30,Sunday
1996-07-29,1996,31,31,1996-31,Monday
1996-07-30,1996,31,31,1996-31,Tuesday
1996-07-31,1996,31,31,1996-31,Wednesday
1996-08-01,1996,31,31,1996-31,Thursday
1996-08-02,1996,31,31,1996-31,Friday
1996-08-03,1996,31,31,1996-31,Saturday
1996-08-04,1996,31,31,1996-31,Sunday
1996-08-05,1996,32,32,1996-32,Monday
1996-08-06,1996,32,32,1996-32,Tuesday
1996-08-07,1996,32,32,1996-32,Wednesday
1996-08-08,1996,32,32,1996-32,Thursday
1996-08-09,1996,32,32,1996-32,Friday
1996-08-10,1996,32,32,1996-32,Saturday
1996-08-11,1996,32,32,1996-32,Sunday
1996-08-12,1996,33,33,1996-33,Monday
1996-08-13,1996,33,33,1996-33,Tuesday
1996-08-14,1996,33,33,1996-33,Wednesday
1996-08-15,1996,33,33,1996-33,Thursday
1996-08-16,1996,33,33,1996-33,Friday
1996-08-17,1996,33,33,1996-33,Saturday
1996-08-18,1996,33,33,1996-33,Sunday
1996-08-19,1996,34,34,1996-34,Monday
1996-08-20,1996,34,34,1996-34,Tuesday
1996-08-21,1996,34,34,1996-34,Wednesday
1996-08-22,1996,34,34,1996-34,Thursday
1996-08-23,1996,34,34,1996-34,Friday
1996-08-24,1996,34,34,1996-34,Saturday
1996-08-25,1996,34,34,1996-34,Sunday
1996-08-26,1996,35,35,1996-35,Monday
1996-08-27,1996,35,35,1996-35,Tuesday
1996-08-28,1996,35,35,1996-35,Wednesday
1996-08-29,1996,35,35,1996-35,Thursday
1996-08-30,1996,35,35,1996-35,Friday
1996-08-31,1996,35,35,1996-35,Saturday
1996-09-01,1996,35,35,1996-35,Sunday
1996-09-02,1996,36,36,1996-36,Monday
1996-09-03,1996,36,36,1996-36,Tuesday
1996-09-04,1996,36,36,1996-36,Wednesday
1996-09-05,1996,36,36,1996-36,Thursday
1996-09-06,1996,36,36,1996-36,Friday
1996-09-07,1996,36,36,1996-36,Saturday
1996-09-08,1996,36,36,1996-36,Sunday
1996-09-09,1996,37,37,1996-37,Monday
1996-09-10,1996,37,37,1996-37,Tuesday
1996-09-11,1996,37,37,1996-37,Wednesday
1996-09-12,1996,37,37,1996-37,Thursday
1996-09-13,1996,37,37,1996-37,Friday
1996-09-14,1996,37,37,1996-37,Saturday
1996-09-15,1996,37,37,1996-37,Sunday
1996-09-16,1996,38,38,1996-38,Monday
1996-09-17,1996,38,38,1996-38,Tuesday
1996-09-18,1996,38,38,1996-38,Wednesday
1996-09-19,1996,38,38,1996-38,Thursday
1996-09-20,1996,38,38,1996-38,Friday
1996-09-21,1996,38,38,1996-38,Saturday
1996-09-22,1996,38,38,1996-38,Sunday
1996-09-23,1996,39,39,1996-39,Monday
1996-09-24,1996,39,39,1996-39,Tuesday
1996-09-25,1996,39,39,1996-39,Wednesday
1996-09-26,1996,39,39,1996-39,Thursday
1996-09-27,1996,39,39,1996-39,Friday
1996-09-28,1996,39,39,1996-39,Saturday
1996-09-29,1996,39,39,1996-39,Sunday
1996-09-30,1996,40,40,1996-40,Monday
1996-10-01,1996,40,40,1996-40,Tuesday
1996-10-02,1996,40,40,1996-40,Wednesday
1996-10-03,1996,40,40,1996-40,Thursday
1996-10-04,1996,40,40,1996-40,Friday
1996-10-05,1996,40,40,1996-40,Saturday
1996-10-06,1996,40,40,1996-40,Sunday
1996-10-07,1996,41,41,1996-41,Monday
1996-10-08,1996,41,41,1996-41,Tuesday
1996-10-09,1996,41,41,1996-41,Wednesday
1996-10-10,1996,41,41,1996-41,Thursday
1996-10-11,1996,41,41,1996-41,Friday
1996-10-12,1996,41,41,1996-41,Saturday
1996-10-13,1996,41,41,1996-41,Sunday
1996-10-14,1996,42,42,1996-42,Monday
1996-10-15,1996,42,42,1996-42,Tuesday
1996-10-16,1996,42,42,1996-42,Wednesday
1996-10-17,1996,42,42,1996-42,Thursday
1996-10-18,1996,42,42,1996-42,Friday
1996-10-19,1996,42,42,1996-42,Saturday
1996-10-20,1996,42,42,1996-42,Sunday
1996-10-21,1996,43,43,1996-43,Monday
1996-10-22,1996,43,43,1996-43,Tuesday
1996-10-23,1996,43,43,1996-43,Wednesday
1996-10-24,1996,43,43,1996-43,Thursday
1996-10-25,1996,43,43,1996-43,Friday
1996-10-26,1996,43,43,1996-43,Saturday
1996-10-27,1996,43,43,1996-43,Sunday
1996-10-28,1996,44,44,1996-44,Monday
1996-10-29,1996,44,44,1996-44,Tuesday
1996-10-30,1996,44,44,1996-44,Wednesday
1996-10-31,1996,44,44,1996-44,Thursday
1996-11-01,1996,44,44,1996-44,Friday
1996-11-02,1996,44,44,1996-44,Saturday
1996-11-03,1996,44,44,1996-44,Sunday
1996-11-04,1996,45,45,1996-45,Monday
1996-11-05,1996,45,45,1996-45,Tuesday
1996-11-06,1996,45,45,1996-45,Wednesday
1996-11-07,1996,45,45,1996-45,Thursday
1996-11-08,1996,45,45,1996-45,Friday
1996-11-09,1996,45,45,1996-45,Saturday
1996-11-10,1996,45,45,1996-45,Sunday
1996-11-11,1996,46,46,1996-46,Monday
1996-11-12,1996,46,46,1996-46,Tuesday
1996-11-13,1996,46,46,1996-46,Wednesday
1996-11-14,1996,46,46,1996-46,Thursday
1996-11-15,1996,46,46,1996-46,Friday
1996-11-16,1996,46,46,1996-46,Saturday
1996-11-17,1996,46,46,1996-46,Sunday
1996-11-18,1996,47,47,1996-47,Monday
1996-11-19,1996,47,47,1996-47,Tuesday
1996-11-20,1996,47,47,1996-47,Wednesday
1996-11-21,1996,47,47,1996-47,Thursday
1996-11-22,1996,47,47,1996-47,Friday
1996-11-23,1996,47,47,1996-47,Saturday
1996-11-24,1996,47,47,1996-47,Sunday
1996-11-25,1996,48,48,1996-48,Monday
1996-11-26,1996,48,48,1996-48,Tuesday
1996-11-27,1996,48,48,1996-48,Wednesday
1996-11-28,1996,48,48,1996-48,Thursday
1996-11-29,1996,48,48,1996-48,Friday
1996-11-30,1996,48,48,1996-48,Saturday
1996-12-01,1996,48,48,1996-48,Sunday
1996-12-02,1996,49,49,1996-49,Monday
1996-12-03,1996,49,49,1996-49,Tuesday
1996-12-04,1996,49,49,1996-49,Wednesday
1996-12-05,1996,49,49,1996-49,Thursday
1996-12-06,1996,49,49,1996-49,Friday
1996-12-07,1996,49,49,1996-49,Saturday
1996-12-08,1996,49,49,1996-49,Sunday
1996-12-09,1996,50,50,1996-50,Monday
1996-12-10,1996,50,50,1996-50,Tuesday
1996-12-11,1996,50,50,1996-50,Wednesday
1996-12-12,1996,50,50,1996-50,Thursday
1996-12-13,1996,50,50,1996-50,Friday
1996-12-14,1996,50,50,1996-50,Saturday
1996-12-15,1996,50,50,1996-50,Sunday
1996-12-16,1996,51,51,1996-51,Monday
1996-12-17,1996,51,51,1996-51,Tuesday
1996-12-18,1996,51,51,1996-51,Wednesday
1996-12-19,1996,51,51,1996-51,Thursday
1996-12-20,1996,51,51,1996-51,Friday
1996-12-21,1996,51,51,1996-51,Saturday
1996-12-22,1996,51,51,1996-51,Sunday
1996-12-23,1996,52,52,1996-52,Monday
1996-12-24,1996,52,52,1996-52,Tuesday
1996-12-25,1996,52,52,1996-52,Wednesday
1996-12-26,1996,52,52,1996-52,Thursday
1996-12-27,1996,52,52,1996-52,Friday
1996-12-28,1996,52,52,1996-52,Saturday
1996-12-29,1996,52,52,1996-52,Sunday
1996-12-30,1997,1,01,1997-01,Monday
1996-12-31,1997,1,01,1997-01,Tuesday
1997-01-01,1997,1,01,1997-01,Wednesday
1997-01-02,1997,1,01,1997-01,Thursday
1997-01-03,1997,1,01,1997-01,Friday
1997-01-04,1997,1,01,1997-01,Saturday
1997-01-05,1997,1,01,1997-01,Sunday
1997-01-06,1997,2,02,1997-02,Monday
1997-01-07,1997,2,02,1997-02,Tuesday
1997-01-08,1997,2,02,1997-02,Wednesday
1997-01-09,1997,2,02,1997-02,Thursday
1997-01-10,1997,2,02,1997-02,Friday
1997-01-11,1997,2,02,1997-02,Saturday
1997-01-12,1997,2,02,1997-02,Sunday
1997-01-13,1997,3,03,1997-03,Monday
1997-01-14,1997,3,03,1997-03,Tuesday
1997-01-15,1997,3,03,1997-03,Wednesday
1997-01-16,1997,3,03,1997-03,Thursday
1997-01-17,1997,3,03,1997-03,Friday
1997-01-18,1997,3,03,1997-03,Saturday
1997-01-19,1997,3,03,1997-03,Sunday
1997-01-20,1997,4,04,1997-04,Monday
1997-01-21,1997,4,04,1997-04,Tuesday
1997-01-22,1997,4,04,1997-04,Wednesday
1997-01-23,1997,4,04,1997-04,Thursday
1997-01-24,1997,4,04,1997-04,Friday
1997-01-25,1997,4,04,1997-04,Saturday
1997-01-26,1997,4,04,1997-04,Sunday
1997-01-27,1997,5,05,1997-05,Monday
1997-01-28,1997,5,05,1997-05,Tuesday
1997-01-29,1997,5,05,1997-05,Wednesday
1997-01-30,1997,5,05,1997-05,Thursday
1997-01-31,1997,5,05,1997-05,Friday
1997-02-01,1997,5,05,1997-05,Saturday
1997-02-02,1997,5,05,1997-05,Sunday
1997-02-03,1997,6,06,1997-06,Monday
1997-02-04,1997,6,06,1997-06,Tuesday
1997-02-05,1997,6,06,1997-06,Wednesday
1997-02-06,1997,6,06,1997-06,Thursday
1997-02-07,1997,6,06,1997-06,Friday
1997-02-08,1997,6,06,1997-06,Saturday
1997-02-09,1997,6,06,1997-06,Sunday
1997-02-10,1997,7,07,1997-07,Monday
1997-02-11,1997,7,07,1997-07,Tuesday
1997-02-12,1997,7,07,1997-07,Wednesday
1997-02-13,1997,7,07,1997-07,Thursday
1997-02-14,1997,7,07,1997-07,Friday
1997-02-15,1997,7,07,1997-07,Saturday
1997-02-16,1997,7,07,1997-07,Sunday
1997-02-17,1997,8,08,1997-08,Monday
1997-02-18,1997,8,08,1997-08,Tuesday
1997-02-19,1997,8,08,1997-08,Wednesday
1997-02-20,1997,8,08,1997-08,Thursday
1997-02-21,1997,8,08,1997-08,Friday
1997-02-22,1997,8,08,1997-08,Saturday
1997-02-23,1997,8,08,1997-08,Sunday
1997-02-24,1997,9,09,1997-09,Monday
1997-02-25,1997,9,09,1997-09,Tuesday
1997-02-26,1997,9,09,1997-09,Wednesday
1997-02-27,1997,9,09,1997-09,Thursday
1997-02-28,1997,9,09,1997-09,Friday
1997-03-01,1997,9,09,1997-09,Saturday
1997-03-02,1997,9,09,1997-09,Sunday
1997-03-03,1997,10,10,1997-10,Monday
1997-03-04,1997,10,10,1997-10,Tuesday
1997-03-05,1997,10,10,1997-10,Wednesday
1997-03-06,1997,10,10,1997-10,Thursday
1997-03-07,1997,10,10,1997-10,Friday
1997-03-08,1997,10,10,1997-10,Saturday
1997-03-09,1997,10,10,1997-10,Sunday
1997-03-10,1997,11,11,1997-11,Monday
1997-03-11,1997,11,11,1997-11,Tuesday
1997-03-12,1997,11,11,1997-11,Wednesday
1997-03-13,1997,11,11,1997-11,Thursday
1997-03-14,1997,11,11,1997-11,Friday
1997-03-15,1997,11,11,1997-11,Saturday
1997-03-16,1997,11,11,1997-11,Sunday
1997-03-17,1997,12,12,1997-12,Monday
1997-03-18,1997,12,12,1997-12,Tuesday
1997-03-19,1997,12,12,1997-12,Wednesday
1997-03-20,1997,12,12,1997-12,Thursday
1997-03-21,1997,12,12,1997-12,Friday
1997-03-22,1997,12,12,1997-12,Saturday
1997-03-23,1997,12,12,1997-12,Sunday
1997-03-24,1997,13,13,1997-13,Monday
1997-03-25,1997,13,13,1997-13,Tuesday
1997-03-26,1997,13,13,1997-13,Wednesday
1997-03-27,1997,13,13,1997-13,Thursday
1997-03-28,1997,13,13,1997-13,Friday
1997-03-29,1997,13,13,1997-13,Saturday
1997-03-30,1997,13,13,1997-13,Sunday
1997-03-31,1997,14,14,1997-14,Monday
1997-04-01,1997,14,14,1997-14,Tuesday
1997-04-02,1997,14,14,1997-14,Wednesday
1997-04-03,1997,14,14,1997-14,Thursday
1997-04-04,1997,14,14,1997-14,Friday
1997-04-05,1997,14,14,1997-14,Saturday
1997-04-06,1997,14,14,1997-14,Sunday
1997-04-07,1997,15,15,1997-15,Monday
1997-04-08,1997,15,15,1997-15,Tuesday
1997-04-09,1997,15,15,1997-15,Wednesday
1997-04-10,1997,15,15,1997-15,Thursday
1997-04-11,1997,15,15,1997-15,Friday
1997-04-12,1997,15,15,1997-15,Saturday
1997-04-13,1997,15,15,1997-15,Sunday
1997-04-14,1997,16,16,1997-16,Monday
1997-04-15,1997,16,16,1997-16,Tuesday
1997-04-16,1997,16,16,1997-16,Wednesday
1997-04-17,1997,16,16,1997-16,Thursday
1997-04-18,1997,16,16,1997-16,Friday
1997-04-19,1997,16,16,1997-16,Saturday
1997-04-20,1997,16,16,1997-16,Sunday
1997-04-21,1997,17,17,1997-17,Monday
1997-04-22,1997,17,17,1997-17,Tuesday
1997-04-23,1997,17,17,1997-17,Wednesday
1997-04-24,1997,17,17,1997-17,Thursday
1997-04-25,1997,17,17,1997-17,Friday
1997-04-26,1997,17,17,1997-17,Saturday
1997-04-27,1997,17,17,1997-17,Sunday
1997-04-28,1997,18,18,1997-18,Monday
1997-04-29,1997,18,18,1997-18,Tuesday
1997-04-30,1997,18,18,1997-18,Wednesday
1997-05-01,1997,18,18,1997-18,Thursday
1997-05-02,1997,18,18,1997-18,Friday
1997-05-03,1997,18,18,1997-18,Saturday
1997-05-04,1997,18,18,1997-18,Sunday
1997-05-05,1997,19,19,1997-19,Monday
1997-05-06,1997,19,19,1997-19,Tuesday
1997-05-07,1997,19,19,1997-19,Wednesday
1997-05-08,1997,19,19,1997-19,Thursday
1997-05-09,1997,19,19,1997-19,Friday
1997-05-10,1997,19,19,1997-19,Saturday
1997-05-11,1997,19,19,1997-19,Sunday
1997-05-12,1997,20,20,1997-20,Monday
1997-05-13,1997,20,20,1997-20,Tuesday
1997-05-14,1997,20,20,1997-20,Wednesday
1997-05-15,1997,20,20,1997-20,Thursday
1997-05-16,1997,20,20,1997-20,Friday
1997-05-17,1997,20,20,1997-20,Saturday
1997-05-18,1997,20,20,1997-20,Sunday
1997-05-19,1997,21,21,1997-21,Monday
1997-05-20,1997,21,21,1997-21,Tuesday
1997-05-21,1997,21,21,1997-21,Wednesday
1997-05-22,1997,21,21,1997-21,Thursday
1997-05-23,1997,21,21,1997-21,Friday
1997-05-24,1997,21,21,1997-21,Saturday
1997-05-25,1997,21,21,1997-21,Sunday
1997-05-26,1997,22,22,1997-22,Monday
1997-05-27,1997,22,22,1997-22,Tuesday
1997-05-28,1997,22,22,1997-22,Wednesday
1997-05-29,1997,22,22,1997-22,Thursday
1997-05-30,1997,22,22,1997-22,Friday
1997-05-31,1997,22,22,1997-22,Saturday
1997-06-01,1997,22,22,1997-22,Sunday
1997-06-02,1997,23,23,1997-23,Monday
1997-06-03,1997,23,23,1997-23,Tuesday
1997-06-04,1997,23,23,1997-23,Wednesday
1997-06-05,1997,23,23,1997-23,Thursday
1997-06-06,1997,23,23,1997-23,Friday
1997-06-07,1997,23,23,1997-23,Saturday
1997-06-08,1997,23,23,1997-23,Sunday
1997-06-09,1997,24,24,1997-24,Monday
1997-06-10,1997,24,24,1997-24,Tuesday
1997-06-11,1997,24,24,1997-24,Wednesday
1997-06-12,1997,24,24,1997-24,Thursday
1997-06-13,1997,24,24,1997-24,Friday
1997-06-14,1997,24,24,1997-24,Saturday
1997-06-15,1997,24,24,1997-24,Sunday
1997-06-16,1997,25,25,1997-25,Monday
1997-06-17,1997,25,25,1997-25,Tuesday
1997-06-18,1997,25,25,1997-25,Wednesday
1997-06-19,1997,25,25,1997-25,Thursday
1997-06-20,1997,25,25,1997-25,Friday
1997-06-21,1997,25,25,1997-25,Saturday
1997-06-22,1997,25,25,1997-25,Sunday
1997-06-23,1997,26,26,1997-26,Monday
1997-06-24,1997,26,26,1997-26,Tuesday
1997-06-25,1997,26,26,1997-26,Wednesday
1997-06-26,1997,26,26,1997-26,Thursday
1997-06-27,1997,26,26,1997-26,Friday
1997-06-28,1997,26,26,1997-26,Saturday
1997-06-29,1997,26,26,1997-26,Sunday
1997-06-30,1997,27,27,1997-27,Monday
1997-07-01,1997,27,27,1997-27,Tuesday
1997-07-02,1997,27,27,1997-27,Wednesday
1997-07-03,1997,27,27,1997-27,Thursday
1997-07-04,1997,27,27,1997-27,Friday
1997-07-05,1997,27,27,1997-27,Saturday
1997-07-06,1997,27,27,1997-27,Sunday
1997-07-07,1997,28,28,1997-28,Monday
1997-07-08,1997,28,28,1997-28,Tuesday
1997-07-09,1997,28,28,1997-28,Wednesday
1997-07-10,1997,28,28,1997-28,Thursday
1997-07-11,1997,28,28,1997-28,Friday
1997-07-12,1997,28,28,1997-28,Saturday
1997-07-13,1997,28,28,1997-28,Sunday
1997-07-14,1997,29,29,1997-29,Monday
1997-07-15,1997,29,29,1997-29,Tuesday
1997-07-16,1997,29,29,1997-29,Wednesday
1997-07-17,1997,29,29,1997-29,Thursday
1997-07-18,1997,29,29,1997-29,Friday
1997-07-19,1997,29,29,1997-29,Saturday
1997-07-20,1997,29,29,1997-29,Sunday
1997-07-21,1997,30,30,1997-30,Monday
1997-07-22,1997,30,30,1997-30,Tuesday
1997-07-23,1997,30,30,1997-30,Wednesday
1997-07-24,1997,30,30,1997-30,Thursday
1997-07-25,1997,30,30,1997-30,Friday
1997-07-26,1997,30,30,1997-30,Saturday
1997-07-27,1997,30,30,1997-30,Sunday
1997-07-28,1997,31,31,1997-31,Monday
1997-07-29,1997,31,31,1997-31,Tuesday
1997-07-30,1997,31,31,1997-31,Wednesday
1997-07-31,1997,31,31,1997-31,Thursday
1997-08-01,1997,31,31,1997-31,Friday
1997-08-02,1997,31,31,1997-31,Saturday
1997-08-03,1997,31,31,1997-31,Sunday
1997-08-04,1997,32,32,1997-32,Monday
1997-08-05,1997,32,32,1997-32,Tuesday
1997-08-06,1997,32,32,1997-32,Wednesday
1997-08-07,1997,32,32,1997-32,Thursday
1997-08-08,1997,32,32,1997-32,Friday
1997-08-09,1997,32,32,1997-32,Saturday
1997-08-10,1997,32,32,1997-32,Sunday
1997-08-11,1997,33,33,1997-33,Monday
1997-08-12,1997,33,33,1997-33,Tuesday
1997-08-13,1997,33,33,1997-33,Wednesday
1997-08-14,1997,33,33,1997-33,Thursday
1997-08-15,1997,33,33,1997-33,Friday
1997-08-16,1997,33,33,1997-33,Saturday
1997-08-17,1997,33,33,1997-33,Sunday
1997-08-18,1997,34,34,1997-34,Monday
1997-08-19,1997,34,34,1997-34,Tuesday
1997-08-20,1997,34,34,1997-34,Wednesday
1997-08-21,1997,34,34,1997-34,Thursday
1997-08-22,1997,34,34,1997-34,Friday
1997-08-23,1997,34,34,1997-34,Saturday
1997-08-24,1997,34,34,1997-34,Sunday
1997-08-25,1997,35,35,1997-35,Monday
1997-08-26,1997,35,35,1997-35,Tuesday
1997-08-27,1997,35,35,1997-35,Wednesday
1997-08-28,1997,35,35,1997-35,Thursday
1997-08-29,1997,35,35,1997-35,Friday
1997-08-30,1997,35,35,1997-35,Saturday
1997-08-31,1997,35,35,1997-35,Sunday
1997-09-01,1997,36,36,1997-36,Monday
1997-09-02,1997,36,36,1997-36,Tuesday
1997-09-03,1997,36,36,1997-36,Wednesday
1997-09-04,1997,36,36,1997-36,Thursday
1997-09-05,1997,36,36,1997-36,Friday
1997-09-06,1997,36,36,1997-36,Saturday
1997-09-07,1997,36,36,1997-36,Sunday
1997-09-08,1997,37,37,1997-37,Monday
1997-09-09,1997,37,37,1997-37,Tuesday
1997-09-10,1997,37,37,1997-37,Wednesday
1997-09-11,1997,37,37,1997-37,Thursday
1997-09-12,1997,37,37,1997-37,Friday
1997-09-13,1997,37,37,1997-37,Saturday
1997-09-14,1997,37,37,1997-37,Sunday
1997-09-15,1997,38,38,1997-38,Monday
1997-09-16,1997,38,38,1997-38,Tuesday
1997-09-17,1997,38,38,1997-38,Wednesday
1997-09-18,1997,38,38,1997-38,Thursday
1997-09-19,1997,38,38,1997-38,Friday
1997-09-20,1997,38,38,1997-38,Saturday
1997-09-21,1997,38,38,1997-38,Sunday
1997-09-22,1997,39,39,1997-39,Monday
1997-09-23,1997,39,39,1997-39,Tuesday
1997-09-24,1997,39,39,1997-39,Wednesday
1997-09-25,1997,39,39,1997-39,Thursday
1997-09-26,1997,39,39,1997-39,Friday
1997-09-27,1997,39,39,1997-39,Saturday
1997-09-28,1997,39,39,1997-39,Sunday
1997-09-29,1997,40,40,1997-40,Monday
1997-09-30,1997,40,40,1997-40,Tuesday
1997-10-01,1997,40,40,1997-40,Wednesday
1997-10-02,1997,40,40,1997-40,Thursday
1997-10-03,1997,40,40,1997-40,Friday
1997-10-04,1997,40,40,1997-40,Saturday
1997-10-05,1997,40,40,1997-40,Sunday
1997-10-06,1997,41,41,1997-41,Monday
1997-10-07,1997,41,41,1997-41,Tuesday
1997-10-08,1997,41,41,1997-41,Wednesday
1997-10-09,1997,41,41,1997-41,Thursday
1997-10-10,1997,41,41,1997-41,Friday
1997-10-11,1997,41,41,1997-41,Saturday
1997-10-12,1997,41,41,1997-41,Sunday
1997-10-13,1997,42,42,1997-42,Monday
1997-10-14,1997,42,42,1997-42,Tuesday
1997-10-15,1997,42,42,1997-42,Wednesday
1997-10-16,1997,42,42,1997-42,Thursday
1997-10-17,1997,42,42,1997-42,Friday
1997-10-18,1997,42,42,1997-42,Saturday
1997-10-19,1997,42,42,1997-42,Sunday
1997-10-20,1997,43,43,1997-43,Monday
1997-10-21,1997,43,43,1997-43,Tuesday
1997-10-22,1997,43,43,1997-43,Wednesday
1997-10-23,1997,43,43,1997-43,Thursday
1997-10-24,1997,43,43,1997-43,Friday
1997-10-25,1997,43,43,1997-43,Saturday
1997-10-26,1997,43,43,1997-43,Sunday
1997-10-27,1997,44,44,1997-44,Monday
1997-10-28,1997,44,44,1997-44,Tuesday
1997-10-29,1997,44,44,1997-44,Wednesday
1997-10-30,1997,44,44,1997-44,Thursday
1997-10-31,1997,44,44,1997-44,Friday
1997-11-01,1997,44,44,1997-44,Saturday
1997-11-02,1997,44,44,1997-44,Sunday
1997-11-03,1997,45,45,1997-45,Monday
1997-11-04,1997,45,45,1997-45,Tuesday
1997-11-05,1997,45,45,1997-45,Wednesday
1997-11-06,1997,45,45,1997-45,Thursday
1997-11-07,1997,45,45,1997-45,Friday
1997-11-08,1997,45,45,1997-45,Saturday
1997-11-09,1997,45,45,1997-45,Sunday
1997-11-10,1997,46,46,1997-46,Monday
1997-11-11,1997,46,46,1997-46,Tuesday
1997-11-12,1997,46,46,1997-46,Wednesday
1997-11-13,1997,46,46,1997-46,Thursday
1997-11-14,1997,46,46,1997-46,Friday
1997-11-15,1997,46,46,1997-46,Saturday
1997-11-16,1997,46,46,1997-46,Sunday
1997-11-17,1997,47,47,1997-47,Monday
1997-11-18,1997,47,47,1997-47,Tuesday
1997-11-19,1997,47,47,1997-47,Wednesday
1997-11-20,1997,47,47,1997-47,Thursday
1997-11-21,1997,47,47,1997-47,Friday
1997-11-22,1997,47,47,1997-47,Saturday
1997-11-23,1997,47,47,1997-47,Sunday
1997-11-24,1997,48,48,1997-48,Monday
1997-11-25,1997,48,48,1997-48,Tuesday
1997-11-26,1997,48,48,1997-48,Wednesday
1997-11-27,1997,48,48,1997-48,Thursday
1997-11-28,1997,48,48,1997-48,Friday
1997-11-29,1997,48,48,1997-48,Saturday
1997-11-30,1997,48,48,1997-48,Sunday
1997-12-01,1997,49,49,1997-49,Monday
1997-12-02,1997,49,49,1997-49,Tuesday
1997-12-03,1997,49,49,1997-49,Wednesday
1997-12-04,1997,49,49,1997-49,Thursday
1997-12-05,1997,49,49,1997-49,Friday
1997-12-06,1997,49,49,1997-49,Saturday
1997-12-07,1997,49,49,1997-49,Sunday
1997-12-08,1997,50,50,1997-50,Monday
1997-12-09,1997,50,50,1997-50,Tuesday
1997-12-10,1997,50,50,1997-50,Wednesday
1997-12-11,1997,50,50,1997-50,Thursday
1997-12-12,1997,50,50,1997-50,Friday
1997-12-13,1997,50,50,1997-50,Saturday
1997-12-14,1997,50,50,1997-50,Sunday
1997-12-15,1997,51,51,1997-51,Monday
1997-12-16,1997,51,51,1997-51,Tuesday
1997-12-17,1997,51,51,1997-51,Wednesday
1997-12-18,1997,51,51,1997-51,Thursday
1997-12-19,1997,51,51,1997-51,Friday
1997-12-20,1997,51,51,1997-51,Saturday
1997-12-21,1997,51,51,1997-51,Sunday
1997-12-22,1997,52,52,1997-52,Monday
1997-12-23,1997,52,52,1997-52,Tuesday
1997-12-24,1997,52,52,1997-52,Wednesday
1997-12-25,1997,52,52,1997-52,Thursday
1997-12-26,1997,52,52,1997-52,Friday
1997-12-27,1997,52,52,1997-52,Saturday
1997-12-28,1997,52,52,1997-52,Sunday
1997-12-29,1998,1,01,1998-01,Monday
1997-12-30,1998,1,01,1998-01,Tuesday
1997-12-31,1998,1,01,1998-01,Wednesday
1998-01-01,1998,1,01,1998-01,Thursday
1998-01-02,1998,1,01,1998-01,Friday
1998-01-03,1998,1,01,1998-01,Saturday
1998-01-04,1998,1,01,1998-01,Sunday
1998-01-05,1998,2,02,1998-02,Monday
1998-01-06,1998,2,02,1998-02,Tuesday
1998-01-07,1998,2,02,1998-02,Wednesday
1998-01-08,1998,2,02,1998-02,Thursday
1998-01-09,1998,2,02,1998-02,Friday
1998-01-10,1998,2,02,1998-02,Saturday
1998-01-11,1998,2,02,1998-02,Sunday
1998-01-12,1998,3,03,1998-03,Monday
1998-01-13,1998,3,03,1998-03,Tuesday
1998-01-14,1998,3,03,1998-03,Wednesday
1998-01-15,1998,3,03,1998-03,Thursday
1998-01-16,1998,3,03,1998-03,Friday
1998-01-17,1998,3,03,1998-03,Saturday
1998-01-18,1998,3,03,1998-03,Sunday
1998-01-19,1998,4,04,1998-04,Monday
1998-01-20,1998,4,04,1998-04,Tuesday
1998-01-21,1998,4,04,1998-04,Wednesday
1998-01-22,1998,4,04,1998-04,Thursday
1998-01-23,1998,4,04,1998-04,Friday
1998-01-24,1998,4,04,1998-04,Saturday
1998-01-25,1998,4,04,1998-04,Sunday
1998-01-26,1998,5,05,1998-05,Monday
1998-01-27,1998,5,05,1998-05,Tuesday
1998-01-28,1998,5,05,1998-05,Wednesday
1998-01-29,1998,5,05,1998-05,Thursday
1998-01-30,1998,5,05,1998-05,Friday
1998-01-31,1998,5,05,1998-05,Saturday
1998-02-01,1998,5,05,1998-05,Sunday
1998-02-02,1998,6,06,1998-06,Monday
1998-02-03,1998,6,06,1998-06,Tuesday
1998-02-04,1998,6,06,1998-06,Wednesday
1998-02-05,1998,6,06,1998-06,Thursday
1998-02-06,1998,6,06,1998-06,Friday
1998-02-07,1998,6,06,1998-06,Saturday
1998-02-08,1998,6,06,1998-06,Sunday
1998-02-09,1998,7,07,1998-07,Monday
1998-02-10,1998,7,07,1998-07,Tuesday
1998-02-11,1998,7,07,1998-07,Wednesday
1998-02-12,1998,7,07,1998-07,Thursday
1998-02-13,1998,7,07,1998-07,Friday
1998-02-14,1998,7,07,1998-07,Saturday
1998-02-15,1998,7,07,1998-07,Sunday
1998-02-16,1998,8,08,1998-08,Monday
1998-02-17,1998,8,08,1998-08,Tuesday
1998-02-18,1998,8,08,1998-08,Wednesday
1998-02-19,1998,8,08,1998-08,Thursday
1998-02-20,1998,8,08,1998-08,Friday
1998-02-21,1998,8,08,1998-08,Saturday
1998-02-22,1998,8,08,1998-08,Sunday
1998-02-23,1998,9,09,1998-09,Monday
1998-02-24,1998,9,09,1998-09,Tuesday
1998-02-25,1998,9,09,1998-09,Wednesday
1998-02-26,1998,9,09,1998-09,Thursday
1998-02-27,1998,9,09,1998-09,Friday
1998-02-28,1998,9,09,1998-09,Saturday
1998-03-01,1998,9,09,1998-09,Sunday
1998-03-02,1998,10,10,1998-10,Monday
1998-03-03,1998,10,10,1998-10,Tuesday
1998-03-04,1998,10,10,1998-10,Wednesday
1998-03-05,1998,10,10,1998-10,Thursday
1998-03-06,1998,10,10,1998-10,Friday
1998-03-07,1998,10,10,1998-10,Saturday
1998-03-08,1998,10,10,1998-10,Sunday
1998-03-09,1998,11,11,1998-11,Monday
1998-03-10,1998,11,11,1998-11,Tuesday
1998-03-11,1998,11,11,1998-11,Wednesday
1998-03-12,1998,11,11,1998-11,Thursday
1998-03-13,1998,11,11,1998-11,Friday
1998-03-14,1998,11,11,1998-11,Saturday
1998-03-15,1998,11,11,1998-11,Sunday
1998-03-16,1998,12,12,1998-12,Monday
1998-03-17,1998,12,12,1998-12,Tuesday
1998-03-18,1998,12,12,1998-12,Wednesday
1998-03-19,1998,12,12,1998-12,Thursday
1998-03-20,1998,12,12,1998-12,Friday
1998-03-21,1998,12,12,1998-12,Saturday
1998-03-22,1998,12,12,1998-12,Sunday
1998-03-23,1998,13,13,1998-13,Monday
1998-03-24,1998,13,13,1998-13,Tuesday
1998-03-25,1998,13,13,1998-13,Wednesday
1998-03-26,1998,13,13,1998-13,Thursday
1998-03-27,1998,13,13,1998-13,Friday
1998-03-28,1998,13,13,1998-13,Saturday
1998-03-29,1998,13,13,1998-13,Sunday
1998-03-30,1998,14,14,1998-14,Monday
1998-03-31,1998,14,14,1998-14,Tuesday
1998-04-01,1998,14,14,1998-14,Wednesday
1998-04-02,1998,14,14,1998-14,Thursday
1998-04-03,1998,14,14,1998-14,Friday
1998-04-04,1998,14,14,1998-14,Saturday
1998-04-05,1998,14,14,1998-14,Sunday
1998-04-06,1998,15,15,1998-15,Monday
1998-04-07,1998,15,15,1998-15,Tuesday
1998-04-08,1998,15,15,1998-15,Wednesday
1998-04-09,1998,15,15,1998-15,Thursday
1998-04-10,1998,15,15,1998-15,Friday
1998-04-11,1998,15,15,1998-15,Saturday
1998-04-12,1998,15,15,1998-15,Sunday
1998-04-13,1998,16,16,1998-16,Monday
1998-04-14,1998,16,16,1998-16,Tuesday
1998-04-15,1998,16,16,1998-16,Wednesday
1998-04-16,1998,16,16,1998-16,Thursday
1998-04-17,1998,16,16,1998-16,Friday
1998-04-18,1998,16,16,1998-16,Saturday
1998-04-19,1998,16,16,1998-16,Sunday
1998-04-20,1998,17,17,1998-17,Monday
1998-04-21,1998,17,17,1998-17,Tuesday
1998-04-22,1998,17,17,1998-17,Wednesday
1998-04-23,1998,17,17,1998-17,Thursday
1998-04-24,1998,17,17,1998-17,Friday
1998-04-25,1998,17,17,1998-17,Saturday
1998-04-26,1998,17,17,1998-17,Sunday
1998-04-27,1998,18,18,1998-18,Monday
1998-04-28,1998,18,18,1998-18,Tuesday
1998-04-29,1998,18,18,1998-18,Wednesday
1998-04-30,1998,18,18,1998-18,Thursday
1998-05-01,1998,18,18,1998-18,Friday
1998-05-02,1998,18,18,1998-18,Saturday
1998-05-03,1998,18,18,1998-18,Sunday
1998-05-04,1998,19,19,1998-19,Monday
1998-05-05,1998,19,19,1998-19,Tuesday
1998-05-06,1998,19,19,1998-19,Wednesday
1998-05-07,1998,19,19,1998-19,Thursday
1998-05-08,1998,19,19,1998-19,Friday
1998-05-09,1998,19,19,1998-19,Saturday
1998-05-10,1998,19,19,1998-19,Sunday
1998-05-11,1998,20,20,1998-20,Monday
1998-05-12,1998,20,20,1998-20,Tuesday
1998-05-13,1998,20,20,1998-20,Wednesday
1998-05-14,1998,20,20,1998-20,Thursday
1998-05-15,1998,20,20,1998-20,Friday
1998-05-16,1998,20,20,1998-20,Saturday
1998-05-17,1998,20,20,1998-20,Sunday
1998-05-18,1998,21,21,1998-21,Monday
1998-05-19,1998,21,21,1998-21,Tuesday
1998-05-20,1998,21,21,1998-21,Wednesday
1998-05-21,1998,21,21,1998-21,Thursday
1998-05-22,1998,21,21,1998-21,Friday
1998-05-23,1998,21,21,1998-21,Saturday
1998-05-24,1998,21,21,1998-21,Sunday
1998-05-25,1998,22,22,1998-22,Monday
1998-05-26,1998,22,22,1998-22,Tuesday
1998-05-27,1998,22,22,1998-22,Wednesday
1998-05-28,1998,22,22,1998-22,Thursday
1998-05-29,1998,22,22,1998-22,Friday
1998-05-30,1998,22,22,1998-22,Saturday
1998-05-31,1998,22,22,1998-22,Sunday
1998-06-01,1998,23,23,1998-23,Monday
1998-06-02,1998,23,23,1998-23,Tuesday
1998-06-03,1998,23,23,1998-23,Wednesday
1998-06-04,1998,23,23,1998-23,Thursday
1998-06-05,1998,23,23,1998-23,Friday
1998-06-06,1998,23,23,1998-23,Saturday
1998-06-07,1998,23,23,1998-23,Sunday
1998-06-08,1998,24,24,1998-24,Monday
1998-06-09,1998,24,24,1998-24,Tuesday
1998-06-10,1998,24,24,1998-24,Wednesday
1998-06-11,1998,24,24,1998-24,Thursday
1998-06-12,1998,24,24,1998-24,Friday
1998-06-13,1998,24,24,1998-24,Saturday
1998-06-14,1998,24,24,1998-24,Sunday
1998-06-15,1998,25,25,1998-25,Monday
1998-06-16,1998,25,25,1998-25,Tuesday
1998-06-17,1998,25,25,1998-25,Wednesday
1998-06-18,1998,25,25,1998-25,Thursday
1998-06-19,1998,25,25,1998-25,Friday
1998-06-20,1998,25,25,1998-25,Saturday
1998-06-21,1998,25,25,1998-25,Sunday
1998-06-22,1998,26,26,1998-26,Monday
1998-06-23,1998,26,26,1998-26,Tuesday
1998-06-24,1998,26,26,1998-26,Wednesday
1998-06-25,1998,26,26,1998-26,Thursday
1998-06-26,1998,26,26,1998-26,Friday
1998-06-27,1998,26,26,1998-26,Saturday
1998-06-28,1998,26,26,1998-26,Sunday
1998-06-29,1998,27,27,1998-27,Monday
1998-06-30,1998,27,27,1998-27,Tuesday
1998-07-01,1998,27,27,1998-27,Wednesday
1998-07-02,1998,27,27,1998-27,Thursday
1998-07-03,1998,27,27,1998-27,Friday
1998-07-04,1998,27,27,1998-27,Saturday
1998-07-05,1998,27,27,1998-27,Sunday
1998-07-06,1998,28,28,1998-28,Monday
1998-07-07,1998,28,28,1998-28,Tuesday
1998-07-08,1998,28,28,1998-28,Wednesday
1998-07-09,1998,28,28,1998-28,Thursday
1998-07-10,1998,28,28,1998-28,Friday
1998-07-11,1998,28,28,1998-28,Saturday
1998-07-12,1998,28,28,1998-28,Sunday
1998-07-13,1998,29,29,1998-29,Monday
1998-07-14,1998,29,29,1998-29,Tuesday
1998-07-15,1998,29,29,1998-29,Wednesday
1998-07-16,1998,29,29,1998-29,Thursday
1998-07-17,1998,29,29,1998-29,Friday
1998-07-18,1998,29,29,1998-29,Saturday
1998-07-19,1998,29,29,1998-29,Sunday
1998-07-20,1998,30,30,1998-30,Monday
1998-07-21,1998,30,30,1998-30,Tuesday
1998-07-22,1998,30,30,1998-30,Wednesday
1998-07-23,1998,30,30,1998-30,Thursday
1998-07-24,1998,30,30,1998-30,Friday
1998-07-25,1998,30,30,1998-30,Saturday
1998-07-26,1998,30,30,1998-30,Sunday
1998-07-27,1998,31,31,1998-31,Monday
1998-07-28,1998,31,31,1998-31,Tuesday
1998-07-29,1998,31,31,1998-31,Wednesday
1998-07-30,1998,31,31,1998-31,Thursday
1998-07-31,1998,31,31,1998-31,Friday
1998-08-01,1998,31,31,1998-31,Saturday
1998-08-02,1998,31,31,1998-31,Sunday
1998-08-03,1998,32,32,1998-32,Monday
1998-08-04,1998,32,32,1998-32,Tuesday
1998-08-05,1998,32,32,1998-32,Wednesday
1998-08-06,1998,32,32,1998-32,Thursday
1998-08-07,1998,32,32,1998-32,Friday
1998-08-08,1998,32,32,1998-32,Saturday
1998-08-09,1998,32,32,1998-32,Sunday
1998-08-10,1998,33,33,1998-33,Monday
1998-08-11,1998,33,33,1998-33,Tuesday
1998-08-12,1998,33,33,1998-33,Wednesday
1998-08-13,1998,33,33,1998-33,Thursday
1998-08-14,1998,33,33,1998-33,Friday
1998-08-15,1998,33,33,1998-33,Saturday
1998-08-16,1998,33,33,1998-33,Sunday
1998-08-17,1998,34,34,1998-34,Monday
1998-08-18,1998,34,34,1998-34,Tuesday
1998-08-19,1998,34,34,1998-34,Wednesday
1998-08-20,1998,34,34,1998-34,Thursday
1998-08-21,1998,34,34,1998-34,Friday
1998-08-22,1998,34,34,1998-34,Saturday
1998-08-23,1998,34,34,1998-34,Sunday
1998-08-24,1998,35,35,1998-35,Monday
1998-08-25,1998,35,35,1998-35,Tuesday
1998-08-26,1998,35,35,1998-35,Wednesday
1998-08-27,1998,35,35,1998-35,Thursday
1998-08-28,1998,35,35,1998-35,Friday
1998-08-29,1998,35,35,1998-35,Saturday
1998-08-30,1998,35,35,1998-35,Sunday
1998-08-31,1998,36,36,1998-36,Monday
1998-09-01,1998,36,36,1998-36,Tuesday
1998-09-02,1998,36,36,1998-36,Wednesday
1998-09-03,1998,36,36,1998-36,Thursday
1998-09-04,1998,36,36,1998-36,Friday
1998-09-05,1998,36,36,1998-36,Saturday
1998-09-06,1998,36,36,1998-36,Sunday
1998-09-07,1998,37,37,1998-37,Monday
1998-09-08,1998,37,37,1998-37,Tuesday
1998-09-09,1998,37,37,1998-37,Wednesday
1998-09-10,1998,37,37,1998-37,Thursday
1998-09-11,1998,37,37,1998-37,Friday
1998-09-12,1998,37,37,1998-37,Saturday
1998-09-13,1998,37,37,1998-37,Sunday
1998-09-14,1998,38,38,1998-38,Monday
1998-09-15,1998,38,38,1998-38,Tuesday
1998-09-16,1998,38,38,1998-38,Wednesday
1998-09-17,1998,38,38,1998-38,Thursday
1998-09-18,1998,38,38,1998-38,Friday
1998-09-19,1998,38,38,1998-38,Saturday
1998-09-20,1998,38,38,1998-38,Sunday
1998-09-21,1998,39,39,1998-39,Monday
1998-09-22,1998,39,39,1998-39,Tuesday
1998-09-23,1998,39,39,1998-39,Wednesday
1998-09-24,1998,39,39,1998-39,Thursday
1998-09-25,1998,39,39,1998-39,Friday
1998-09-26,1998,39,39,1998-39,Saturday
1998-09-27,1998,39,39,1998-39,Sunday
1998-09-28,1998,40,40,1998-40,Monday
1998-09-29,1998,40,40,1998-40,Tuesday
1998-09-30,1998,40,40,1998-40,Wednesday
1998-10-01,1998,40,40,1998-40,Thursday
1998-10-02,1998,40,40,1998-40,Friday
1998-10-03,1998,40,40,1998-40,Saturday
1998-10-04,1998,40,40,1998-40,Sunday
1998-10-05,1998,41,41,1998-41,Monday
1998-10-06,1998,41,41,1998-41,Tuesday
1998-10-07,1998,41,41,1998-41,Wednesday
1998-10-08,1998,41,41,1998-41,Thursday
1998-10-09,1998,41,41,1998-41,Friday
1998-10-10,1998,41,41,1998-41,Saturday
1998-10-11,1998,41,41,1998-41,Sunday
1998-10-12,1998,42,42,1998-42,Monday
1998-10-13,1998,42,42,1998-42,Tuesday
1998-10-14,1998,42,42,1998-42,Wednesday
1998-10-15,1998,42,42,1998-42,Thursday
1998-10-16,1998,42,42,1998-42,Friday
1998-10-17,1998,42,42,1998-42,Saturday
1998-10-18,1998,42,42,1998-42,Sunday
1998-10-19,1998,43,43,1998-43,Monday
1998-10-20,1998,43,43,1998-43,Tuesday
1998-10-21,1998,43,43,1998-43,Wednesday
1998-10-22,1998,43,43,1998-43,Thursday
1998-10-23,1998,43,43,1998-43,Friday
1998-10-24,1998,43,43,1998-43,Saturday
1998-10-25,1998,43,43,1998-43,Sunday
1998-10-26,1998,44,44,1998-44,Monday
1998-10-27,1998,44,44,1998-44,Tuesday
1998-10-28,1998,44,44,1998-44,Wednesday
1998-10-29,1998,44,44,1998-44,Thursday
1998-10-30,1998,44,44,1998-44,Friday
1998-10-31,1998,44,44,1998-44,Saturday
1998-11-01,1998,44,44,1998-44,Sunday
1998-11-02,1998,45,45,1998-45,Monday
1998-11-03,1998,45,45,1998-45,Tuesday
1998-11-04,1998,45,45,1998-45,Wednesday
1998-11-05,1998,45,45,1998-45,Thursday
1998-11-06,1998,45,45,1998-45,Friday
1998-11-07,1998,45,45,1998-45,Saturday
1998-11-08,1998,45,45,1998-45,Sunday
1998-11-09,1998,46,46,1998-46,Monday
1998-11-10,1998,46,46,1998-46,Tuesday
1998-11-11,1998,46,46,1998-46,Wednesday
1998-11-12,1998,46,46,1998-46,Thursday
1998-11-13,1998,46,46,1998-46,Friday
1998-11-14,1998,46,46,1998-46,Saturday
1998-11-15,1998,46,46,1998-46,Sunday
1998-11-16,1998,47,47,1998-47,Monday
1998-11-17,1998,47,47,1998-47,Tuesday
1998-11-18,1998,47,47,1998-47,Wednesday
1998-11-19,1998,47,47,1998-47,Thursday
1998-11-20,1998,47,47,1998-47,Friday
1998-11-21,1998,47,47,1998-47,Saturday
1998-11-22,1998,47,47,1998-47,Sunday
1998-11-23,1998,48,48,1998-48,Monday
1998-11-24,1998,48,48,1998-48,Tuesday
1998-11-25,1998,48,48,1998-48,Wednesday
1998-11-26,1998,48,48,1998-48,Thursday
1998-11-27,1998,48,48,1998-48,Friday
1998-11-28,1998,48,48,1998-48,Saturday
1998-11-29,1998,48,48,1998-48,Sunday
1998-11-30,1998,49,49,1998-49,Monday
1998-12-01,1998,49,49,1998-49,Tuesday
1998-12-02,1998,49,49,1998-49,Wednesday
1998-12-03,1998,49,49,1998-49,Thursday
1998-12-04,1998,49,49,1998-49,Friday
1998-12-05,1998,49,49,1998-49,Saturday
1998-12-06,1998,49,49,1998-49,Sunday
1998-12-07,1998,50,50,1998-50,Monday
1998-12-08,1998,50,50,1998-50,Tuesday
1998-12-09,1998,50,50,1998-50,Wednesday
1998-12-10,1998,50,50,1998-50,Thursday
1998-12-11,1998,50,50,1998-50,Friday
1998-12-12,1998,50,50,1998-50,Saturday
1998-12-13,1998,50,50,1998-50,Sunday
1998-12-14,1998,51,51,1998-51,Monday
1998-12-15,1998,51,51,1998-51,Tuesday
1998-12-16,1998,51,51,1998-51,Wednesday
1998-12-17,1998,51,51,1998-51,Thursday
1998-12-18,1998,51,51,1998-51,Friday
1998-12-19,1998,51,51,1998-51,Saturday
1998-12-20,1998,51,51,1998-51,Sunday
1998-12-21,1998,52,52,1998-52,Monday
1998-12-22,1998,52,52,1998-52,Tuesday
1998-12-23,1998,52,52,1998-52,Wednesday
1998-12-24,1998,52,52,1998-52,Thursday
1998-12-25,1998,52,52,1998-52,Friday
1998-12-26,1998,52,52,1998-52,Saturday
1998-12-27,1998,52,52,1998-52,Sunday
1998-12-28,1998,53,53,1998-53,Monday
1998-12-29,1998,53,53,1998-53,Tuesday
1998-12-30,1998,53,53,1998-53,Wednesday
1998-12-31,1998,53,53,1998-53,Thursday
1999-01-01,1998,53,53,1998-53,Friday
1999-01-02,1998,53,53,1998-53,Saturday
1999-01-03,1998,53,53,1998-53,Sunday
1999-01-04,1999,1,01,1999-01,Monday
1999-01-05,1999,1,01,1999-01,Tuesday
1999-01-06,1999,1,01,1999-01,Wednesday
1999-01-07,1999,1,01,1999-01,Thursday
1999-01-08,1999,1,01,1999-01,Friday
1999-01-09,1999,1,01,1999-01,Saturday
1999-01-10,1999,1,01,1999-01,Sunday
1999-01-11,1999,2,02,1999-02,Monday
1999-01-12,1999,2,02,1999-02,Tuesday
1999-01-13,1999,2,02,1999-02,Wednesday
1999-01-14,1999,2,02,1999-02,Thursday
1999-01-15,1999,2,02,1999-02,Friday
1999-01-16,1999,2,02,1999-02,Saturday
1999-01-17,1999,2,02,1999-02,Sunday
1999-01-18,1999,3,03,1999-03,Monday
1999-01-19,1999,3,03,1999-03,Tuesday
1999-01-20,1999,3,03,1999-03,Wednesday
1999-01-21,1999,3,03,1999-03,Thursday
1999-01-22,1999,3,03,1999-03,Friday
1999-01-23,1999,3,03,1999-03,Saturday
1999-01-24,1999,3,03,1999-03,Sunday
1999-01-25,1999,4,04,1999-04,Monday
1999-01-26,1999,4,04,1999-04,Tuesday
1999-01-27,1999,4,04,1999-04,Wednesday
1999-01-28,1999,4,04,1999-04,Thursday
1999-01-29,1999,4,04,1999-04,Friday
1999-01-30,1999,4,04,1999-04,Saturday
1999-01-31,1999,4,04,1999-04,Sunday
1999-02-01,1999,5,05,1999-05,Monday
1999-02-02,1999,5,05,1999-05,Tuesday
1999-02-03,1999,5,05,1999-05,Wednesday
1999-02-04,1999,5,05,1999-05,Thursday
1999-02-05,1999,5,05,1999-05,Friday
1999-02-06,1999,5,05,1999-05,Saturday
1999-02-07,1999,5,05,1999-05,Sunday
1999-02-08,1999,6,06,1999-06,Monday
1999-02-09,1999,6,06,1999-06,Tuesday
1999-02-10,1999,6,06,1999-06,Wednesday
1999-02-11,1999,6,06,1999-06,Thursday
1999-02-12,1999,6,06,1999-06,Friday
1999-02-13,1999,6,06,1999-06,Saturday
1999-02-14,1999,6,06,1999-06,Sunday
1999-02-15,1999,7,07,1999-07,Monday
1999-02-16,1999,7,07,1999-07,Tuesday
1999-02-17,1999,7,07,1999-07,Wednesday
1999-02-18,1999,7,07,1999-07,Thursday
1999-02-19,1999,7,07,1999-07,Friday
1999-02-20,1999,7,07,1999-07,Saturday
1999-02-21,1999,7,07,1999-07,Sunday
1999-02-22,1999,8,08,1999-08,Monday
1999-02-23,1999,8,08,1999-08,Tuesday
1999-02-24,1999,8,08,1999-08,Wednesday
1999-02-25,1999,8,08,1999-08,Thursday
1999-02-26,1999,8,08,1999-08,Friday
1999-02-27,1999,8,08,1999-08,Saturday
1999-02-28,1999,8,08,1999-08,Sunday
1999-03-01,1999,9,09,1999-09,Monday
1999-03-02,1999,9,09,1999-09,Tuesday
1999-03-03,1999,9,09,1999-09,Wednesday
1999-03-04,1999,9,09,1999-09,Thursday
1999-03-05,1999,9,09,1999-09,Friday
1999-03-06,1999,9,09,1999-09,Saturday
1999-03-07,1999,9,09,1999-09,Sunday
1999-03-08,1999,10,10,1999-10,Monday
1999-03-09,1999,10,10,1999-10,Tuesday
1999-03-10,1999,10,10,1999-10,Wednesday
1999-03-11,1999,10,10,1999-10,Thursday
1999-03-12,1999,10,10,1999-10,Friday
1999-03-13,1999,10,10,1999-10,Saturday
1999-03-14,1999,10,10,1999-10,Sunday
1999-03-15,1999,11,11,1999-11,Monday
1999-03-16,1999,11,11,1999-11,Tuesday
1999-03-17,1999,11,11,1999-11,Wednesday
1999-03-18,1999,11,11,1999-11,Thursday
1999-03-19,1999,11,11,1999-11,Friday
1999-03-20,1999,11,11,1999-11,Saturday
1999-03-21,1999,11,11,1999-11,Sunday
1999-03-22,1999,12,12,1999-12,Monday
1999-03-23,1999,12,12,1999-12,Tuesday
1999-03-24,1999,12,12,1999-12,Wednesday
1999-03-25,1999,12,12,1999-12,Thursday
1999-03-26,1999,12,12,1999-12,Friday
1999-03-27,1999,12,12,1999-12,Saturday
1999-03-28,1999,12,12,1999-12,Sunday
1999-03-29,1999,13,13,1999-13,Monday
1999-03-30,1999,13,13,1999-13,Tuesday
1999-03-31,1999,13,13,1999-13,Wednesday
1999-04-01,1999,13,13,1999-13,Thursday
1999-04-02,1999,13,13,1999-13,Friday
1999-04-03,1999,13,13,1999-13,Saturday
1999-04-04,1999,13,13,1999-13,Sunday
1999-04-05,1999,14,14,1999-14,Monday
1999-04-06,1999,14,14,1999-14,Tuesday
1999-04-07,1999,14,14,1999-14,Wednesday
1999-04-08,1999,14,14,1999-14,Thursday
1999-04-09,1999,14,14,1999-14,Friday
1999-04-10,1999,14,14,1999-14,Saturday
1999-04-11,1999,14,14,1999-14,Sunday
1999-04-12,1999,15,15,1999-15,Monday
1999-04-13,1999,15,15,1999-15,Tuesday
1999-04-14,1999,15,15,1999-15,Wednesday
1999-04-15,1999,15,15,1999-15,Thursday
1999-04-16,1999,15,15,1999-15,Friday
1999-04-17,1999,15,15,1999-15,Saturday
1999-04-18,1999,15,15,1999-15,Sunday
1999-04-19,1999,16,16,1999-16,Monday
1999-04-20,1999,16,16,1999-16,Tuesday
1999-04-21,1999,16,16,1999-16,Wednesday
1999-04-22,1999,16,16,1999-16,Thursday
1999-04-23,1999,16,16,1999-16,Friday
1999-04-24,1999,16,16,1999-16,Saturday
1999-04-25,1999,16,16,1999-16,Sunday
1999-04-26,1999,17,17,1999-17,Monday
1999-04-27,1999,17,17,1999-17,Tuesday
1999-04-28,1999,17,17,1999-17,Wednesday
1999-04-29,1999,17,17,1999-17,Thursday
1999-04-30,1999,17,17,1999-17,Friday
1999-05-01,1999,17,17,1999-17,Saturday
1999-05-02,1999,17,17,1999-17,Sunday
1999-05-03,1999,18,18,1999-18,Monday
1999-05-04,1999,18,18,1999-18,Tuesday
1999-05-05,1999,18,18,1999-18,Wednesday
1999-05-06,1999,18,18,1999-18,Thursday
1999-05-07,1999,18,18,1999-18,Friday
1999-05-08,1999,18,18,1999-18,Saturday
1999-05-09,1999,18,18,1999-18,Sunday
1999-05-10,1999,19,19,1999-19,Monday
1999-05-11,1999,19,19,1999-19,Tuesday
1999-05-12,1999,19,19,1999-19,Wednesday
1999-05-13,1999,19,19,1999-19,Thursday
1999-05-14,1999,19,19,1999-19,Friday
1999-05-15,1999,19,19,1999-19,Saturday
1999-05-16,1999,19,19,1999-19,Sunday
1999-05-17,1999,20,20,1999-20,Monday
1999-05-18,1999,20,20,1999-20,Tuesday
1999-05-19,1999,20,20,1999-20,Wednesday
1999-05-20,1999,20,20,1999-20,Thursday
1999-05-21,1999,20,20,1999-20,Friday
1999-05-22,1999,20,20,1999-20,Saturday
1999-05-23,1999,20,20,1999-20,Sunday
1999-05-24,1999,21,21,1999-21,Monday
1999-05-25,1999,21,21,1999-21,Tuesday
1999-05-26,1999,21,21,1999-21,Wednesday
1999-05-27,1999,21,21,1999-21,Thursday
1999-05-28,1999,21,21,1999-21,Friday
1999-05-29,1999,21,21,1999-21,Saturday
1999-05-30,1999,21,21,1999-21,Sunday
1999-05-31,1999,22,22,1999-22,Monday
1999-06-01,1999,22,22,1999-22,Tuesday
1999-06-02,1999,22,22,1999-22,Wednesday
1999-06-03,1999,22,22,1999-22,Thursday
1999-06-04,1999,22,22,1999-22,Friday
1999-06-05,1999,22,22,1999-22,Saturday
1999-06-06,1999,22,22,1999-22,Sunday
1999-06-07,1999,23,23,1999-23,Monday
1999-06-08,1999,23,23,1999-23,Tuesday
1999-06-09,1999,23,23,1999-23,Wednesday
1999-06-10,1999,23,23,1999-23,Thursday
1999-06-11,1999,23,23,1999-23,Friday
1999-06-12,1999,23,23,1999-23,Saturday
1999-06-13,1999,23,23,1999-23,Sunday
1999-06-14,1999,24,24,1999-24,Monday
1999-06-15,1999,24,24,1999-24,Tuesday
1999-06-16,1999,24,24,1999-24,Wednesday
1999-06-17,1999,24,24,1999-24,Thursday
1999-06-18,1999,24,24,1999-24,Friday
1999-06-19,1999,24,24,1999-24,Saturday
1999-06-20,1999,24,24,1999-24,Sunday
1999-06-21,1999,25,25,1999-25,Monday
1999-06-22,1999,25,25,1999-25,Tuesday
1999-06-23,1999,25,25,1999-25,Wednesday
1999-06-24,1999,25,25,1999-25,Thursday
1999-06-25,1999,25,25,1999-25,Friday
1999-06-26,1999,25,25,1999-25,Saturday
1999-06-27,1999,25,25,1999-25,Sunday
1999-06-28,1999,26,26,1999-26,Monday
1999-06-29,1999,26,26,1999-26,Tuesday
1999-06-30,1999,26,26,1999-26,Wednesday
1999-07-01,1999,26,26,1999-26,Thursday
1999-07-02,1999,26,26,1999-26,Friday
1999-07-03,1999,26,26,1999-26,Saturday
1999-07-04,1999,26,26,1999-26,Sunday
1999-07-05,1999,27,27,1999-27,Monday
1999-07-06,1999,27,27,1999-27,Tuesday
1999-07-07,1999,27,27,1999-27,Wednesday
1999-07-08,1999,27,27,1999-27,Thursday
1999-07-09,1999,27,27,1999-27,Friday
1999-07-10,1999,27,27,1999-27,Saturday
1999-07-11,1999,27,27,1999-27,Sunday
1999-07-12,1999,28,28,1999-28,Monday
1999-07-13,1999,28,28,1999-28,Tuesday
1999-07-14,1999,28,28,1999-28,Wednesday
1999-07-15,1999,28,28,1999-28,Thursday
1999-07-16,1999,28,28,1999-28,Friday
1999-07-17,1999,28,28,1999-28,Saturday
1999-07-18,1999,28,28,1999-28,Sunday
1999-07-19,1999,29,29,1999-29,Monday
1999-07-20,1999,29,29,1999-29,Tuesday
1999-07-21,1999,29,29,1999-29,Wednesday
1999-07-22,1999,29,29,1999-29,Thursday
1999-07-23,1999,29,29,1999-29,Friday
1999-07-24,1999,29,29,1999-29,Saturday
1999-07-25,1999,29,29,1999-29,Sunday
1999-07-26,1999,30,30,1999-30,Monday
1999-07-27,1999,30,30,1999-30,Tuesday
1999-07-28,1999,30,30,1999-30,Wednesday
1999-07-29,1999,30,30,1999-30,Thursday
1999-07-30,1999,30,30,1999-30,Friday
1999-07-31,1999,30,30,1999-30,Saturday
1999-08-01,1999,30,30,1999-30,Sunday
1999-08-02,1999,31,31,1999-31,Monday
1999-08-03,1999,31,31,1999-31,Tuesday
1999-08-04,1999,31,31,1999-31,Wednesday
1999-08-05,1999,31,31,1999-31,Thursday
1999-08-06,1999,31,31,1999-31,Friday
1999-08-07,1999,31,31,1999-31,Saturday
1999-08-08,1999,31,31,1999-31,Sunday
1999-08-09,1999,32,32,1999-32,Monday
1999-08-10,1999,32,32,1999-32,Tuesday
1999-08-11,1999,32,32,1999-32,Wednesday
1999-08-12,1999,32,32,1999-32,Thursday
1999-08-13,1999,32,32,1999-32,Friday
1999-08-14,1999,32,32,1999-32,Saturday
1999-08-15,1999,32,32,1999-32,Sunday
1999-08-16,1999,33,33,1999-33,Monday
1999-08-17,1999,33,33,1999-33,Tuesday
1999-08-18,1999,33,33,1999-33,Wednesday
1999-08-19,1999,33,33,1999-33,Thursday
1999-08-20,1999,33,33,1999-33,Friday
1999-08-21,1999,33,33,1999-33,Saturday
1999-08-22,1999,33,33,1999-33,Sunday
1999-08-23,1999,34,34,1999-34,Monday
1999-08-24,1999,34,34,1999-34,Tuesday
1999-08-25,1999,34,34,1999-34,Wednesday
1999-08-26,1999,34,34,1999-34,Thursday
1999-08-27,1999,34,34,1999-34,Friday
1999-08-28,1999,34,34,1999-34,Saturday
1999-08-29,1999,34,34,1999-34,Sunday
1999-08-30,1999,35,35,1999-35,Monday
1999-08-31,1999,35,35,1999-35,Tuesday
1999-09-01,1999,35,35,1999-35,Wednesday
1999-09-02,1999,35,35,1999-35,Thursday
1999-09-03,1999,35,35,1999-35,Friday
1999-09-04,1999,35,35,1999-35,Saturday
1999-09-05,1999,35,35,1999-35,Sunday
1999-09-06,1999,36,36,1999-36,Monday
1999-09-07,1999,36,36,1999-36,Tuesday
1999-09-08,1999,36,36,1999-36,Wednesday
1999-09-09,1999,36,36,1999-36,Thursday
1999-09-10,1999,36,36,1999-36,Friday
1999-09-11,1999,36,36,1999-36,Saturday
1999-09-12,1999,36,36,1999-36,Sunday
1999-09-13,1999,37,37,1999-37,Monday
1999-09-14,1999,37,37,1999-37,Tuesday
1999-09-15,1999,37,37,1999-37,Wednesday
1999-09-16,1999,37,37,1999-37,Thursday
1999-09-17,1999,37,37,1999-37,Friday
1999-09-18,1999,37,37,1999-37,Saturday
1999-09-19,1999,37,37,1999-37,Sunday
1999-09-20,1999,38,38,1999-38,Monday
1999-09-21,1999,38,38,1999-38,Tuesday
1999-09-22,1999,38,38,1999-38,Wednesday
1999-09-23,1999,38,38,1999-38,Thursday
1999-09-24,1999,38,38,1999-38,Friday
1999-09-25,1999,38,38,1999-38,Saturday
1999-09-26,1999,38,38,1999-38,Sunday
1999-09-27,1999,39,39,1999-39,Monday
1999-09-28,1999,39,39,1999-39,Tuesday
1999-09-29,1999,39,39,1999-39,Wednesday
1999-09-30,1999,39,39,1999-39,Thursday
1999-10-01,1999,39,39,1999-39,Friday
1999-10-02,1999,39,39,1999-39,Saturday
1999-10-03,1999,39,39,1999-39,Sunday
1999-10-04,1999,40,40,1999-40,Monday
1999-10-05,1999,40,40,1999-40,Tuesday
1999-10-06,1999,40,40,1999-40,Wednesday
1999-10-07,1999,40,40,1999-40,Thursday
1999-10-08,1999,40,40,1999-40,Friday
1999-10-09,1999,40,40,1999-40,Saturday
1999-10-10,1999,40,40,1999-40,Sunday
1999-10-11,1999,41,41,1999-41,Monday
1999-10-12,1999,41,41,1999-41,Tuesday
1999-10-13,1999,41,41,1999-41,Wednesday
1999-10-14,1999,41,41,1999-41,Thursday
1999-10-15,1999,41,41,1999-41,Friday
1999-10-16,1999,41,41,1999-41,Saturday
1999-10-17,1999,41,41,1999-41,Sunday
1999-10-18,1999,42,42,1999-42,Monday
1999-10-19,1999,42,42,1999-42,Tuesday
1999-10-20,1999,42,42,1999-42,Wednesday
1999-10-21,1999,42,42,1999-42,Thursday
1999-10-22,1999,42,42,1999-42,Friday
1999-10-23,1999,42,42,1999-42,Saturday
1999-10-24,1999,42,42,1999-42,Sunday
1999-10-25,1999,43,43,1999-43,Monday
1999-10-26,1999,43,43,1999-43,Tuesday
1999-10-27,1999,43,43,1999-43,Wednesday
1999-10-28,1999,43,43,1999-43,Thursday
1999-10-29,1999,43,43,1999-43,Friday
1999-10-30,1999,43,43,1999-43,Saturday
1999-10-31,1999,43,43,1999-43,Sunday
1999-11-01,1999,44,44,1999-44,Monday
1999-11-02,1999,44,44,1999-44,Tuesday
1999-11-03,1999,44,44,1999-44,Wednesday
1999-11-04,1999,44,44,1999-44,Thursday
1999-11-05,1999,44,44,1999-44,Friday
1999-11-06,1999,44,44,1999-44,Saturday
1999-11-07,1999,44,44,1999-44,Sunday
1999-11-08,1999,45,45,1999-45,Monday
1999-11-09,1999,45,45,1999-45,Tuesday
1999-11-10,1999,45,45,1999-45,Wednesday
1999-11-11,1999,45,45,1999-45,Thursday
1999-11-12,1999,45,45,1999-45,Friday
1999-11-13,1999,45,45,1999-45,Saturday
1999-11-14,1999,45,45,1999-45,Sunday
1999-11-15,1999,46,46,1999-46,Monday
1999-11-16,1999,46,46,1999-46,Tuesday
1999-11-17,1999,46,46,1999-46,Wednesday
1999-11-18,1999,46,46,1999-46,Thursday
1999-11-19,1999,46,46,1999-46,Friday
1999-11-20,1999,46,46,1999-46,Saturday
1999-11-21,1999,46,46,1999-46,Sunday
1999-11-22,1999,47,47,1999-47,Monday
1999-11-23,1999,47,47,1999-47,Tuesday
1999-11-24,1999,47,47,1999-47,Wednesday
1999-11-25,1999,47,47,1999-47,Thursday
1999-11-26,1999,47,47,1999-47,Friday
1999-11-27,1999,47,47,1999-47,Saturday
1999-11-28,1999,47,47,1999-47,Sunday
1999-11-29,1999,48,48,1999-48,Monday
1999-11-30,1999,48,48,1999-48,Tuesday
1999-12-01,1999,48,48,1999-48,Wednesday
1999-12-02,1999,48,48,1999-48,Thursday
1999-12-03,1999,48,48,1999-48,Friday
1999-12-04,1999,48,48,1999-48,Saturday
1999-12-05,1999,48,48,1999-48,Sunday
1999-12-06,1999,49,49,1999-49,Monday
1999-12-07,1999,49,49,1999-49,Tuesday
1999-12-08,1999,49,49,1999-49,Wednesday
1999-12-09,1999,49,49,1999-49,Thursday
1999-12-10,1999,49,49,1999-49,Friday
1999-12-11,1999,49,49,1999-49,Saturday
1999-12-12,1999,49,49,1999-49,Sunday
1999-12-13,1999,50,50,1999-50,Monday
1999-12-14,1999,50,50,1999-50,Tuesday
1999-12-15,1999,50,50,1999-50,Wednesday
1999-12-16,1999,50,50,1999-50,Thursday
1999-12-17,1999,50,50,1999-50,Friday
1999-12-18,1999,50,50,1999-50,Saturday
1999-12-19,1999,50,50,1999-50,Sunday
1999-12-20,1999,51,51,1999-51,Monday
1999-12-21,1999,51,51,1999-51,Tuesday
1999-12-22,1999,51,51,1999-51,Wednesday
1999-12-23,1999,51,51,1999-51,Thursday
1999-12-24,1999,51,51,1999-51,Friday
1999-12-25,1999,51,51,1999-51,Saturday
1999-12-26,1999,51,51,1999-51,Sunday
1999-12-27,1999,52,52,1999-52,Monday
1999-12-28,1999,52,52,1999-52,Tuesday
1999-12-29,1999,52,52,1999-52,Wednesday
1999-12-30,1999,52,52,1999-52,Thursday
1999-12-31,1999,52,52,1999-52,Friday
2000-01-01,1999,52,52,1999-52,Saturday
2000-01-02,1999,52,52,1999-52,Sunday
2000-01-03,2000,1,01,2000-01,Monday
2000-01-04,2000,1,01,2000-01,Tuesday
2000-01-05,2000,1,01,2000-01,Wednesday
2000-01-06,2000,1,01,2000-01,Thursday
2000-01-07,2000,1,01,2000-01,Friday
2000-01-08,2000,1,01,2000-01,Saturday
2000-01-09,2000,1,01,2000-01,Sunday
2000-01-10,2000,2,02,2000-02,Monday
2000-01-11,2000,2,02,2000-02,Tuesday
2000-01-12,2000,2,02,2000-02,Wednesday
2000-01-13,2000,2,02,2000-02,Thursday
2000-01-14,2000,2,02,2000-02,Friday
2000-01-15,2000,2,02,2000-02,Saturday
2000-01-16,2000,2,02,2000-02,Sunday
2000-01-17,2000,3,03,2000-03,Monday
2000-01-18,2000,3,03,2000-03,Tuesday
2000-01-19,2000,3,03,2000-03,Wednesday
2000-01-20,2000,3,03,2000-03,Thursday
2000-01-21,2000,3,03,2000-03,Friday
2000-01-22,2000,3,03,2000-03,Saturday
2000-01-23,2000,3,03,2000-03,Sunday
2000-01-24,2000,4,04,2000-04,Monday
2000-01-25,2000,4,04,2000-04,Tuesday
2000-01-26,2000,4,04,2000-04,Wednesday
2000-01-27,2000,4,04,2000-04,Thursday
2000-01-28,2000,4,04,2000-04,Friday
2000-01-29,2000,4,04,2000-04,Saturday
2000-01-30,2000,4,04,2000-04,Sunday
2000-01-31,2000,5,05,2000-05,Monday
2000-02-01,2000,5,05,2000-05,Tuesday
2000-02-02,2000,5,05,2000-05,Wednesday
2000-02-03,2000,5,05,2000-05,Thursday
2000-02-04,2000,5,05,2000-05,Friday
2000-02-05,2000,5,05,2000-05,Saturday
2000-02-06,2000,5,05,2000-05,Sunday
2000-02-07,2000,6,06,2000-06,Monday
2000-02-08,2000,6,06,2000-06,Tuesday
2000-02-09,2000,6,06,2000-06,Wednesday
2000-02-10,2000,6,06,2000-06,Thursday
2000-02-11,2000,6,06,2000-06,Friday
2000-02-12,2000,6,06,2000-06,Saturday
2000-02-13,2000,6,06,2000-06,Sunday
2000-02-14,2000,7,07,2000-07,Monday
2000-02-15,2000,7,07,2000-07,Tuesday
2000-02-16,2000,7,07,2000-07,Wednesday
2000-02-17,2000,7,07,2000-07,Thursday
2000-02-18,2000,7,07,2000-07,Friday
2000-02-19,2000,7,07,2000-07,Saturday
2000-02-20,2000,7,07,2000-07,Sunday
2000-02-21,2000,8,08,2000-08,Monday
2000-02-22,2000,8,08,2000-08,Tuesday
2000-02-23,2000,8,08,2000-08,Wednesday
2000-02-24,2000,8,08,2000-08,Thursday
2000-02-25,2000,8,08,2000-08,Friday
2000-02-26,2000,8,08,2000-08,Saturday
2000-02-27,2000,8,08,2000-08,Sunday
2000-02-28,2000,9,09,2000-09,Monday
2000-02-29,2000,9,09,2000-09,Tuesday
2000-03-01,2000,9,09,2000-09,Wednesday
2000-03-02,2000,9,09,2000-09,Thursday
2000-03-03,2000,9,09,2000-09,Friday
2000-03-04,2000,9,09,2000-09,Saturday
2000-03-05,2000,9,09,2000-09,Sunday
2000-03-06,2000,10,10,2000-10,Monday
2000-03-07,2000,10,10,2000-10,Tuesday
2000-03-08,2000,10,10,2000-10,Wednesday
2000-03-09,2000,10,10,2000-10,Thursday
2000-03-10,2000,10,10,2000-10,Friday
2000-03-11,2000,10,10,2000-10,Saturday
2000-03-12,2000,10,10,2000-10,Sunday
2000-03-13,2000,11,11,2000-11,Monday
2000-03-14,2000,11,11,2000-11,Tuesday
2000-03-15,2000,11,11,2000-11,Wednesday
2000-03-16,2000,11,11,2000-11,Thursday
2000-03-17,2000,11,11,2000-11,Friday
2000-03-18,2000,11,11,2000-11,Saturday
2000-03-19,2000,11,11,2000-11,Sunday
2000-03-20,2000,12,12,2000-12,Monday
2000-03-21,2000,12,12,2000-12,Tuesday
2000-03-22,2000,12,12,2000-12,Wednesday
2000-03-23,2000,12,12,2000-12,Thursday
2000-03-24,2000,12,12,2000-12,Friday
2000-03-25,2000,12,12,2000-12,Saturday
2000-03-26,2000,12,12,2000-12,Sunday
2000-03-27,2000,13,13,2000-13,Monday
2000-03-28,2000,13,13,2000-13,Tuesday
2000-03-29,2000,13,13,2000-13,Wednesday
2000-03-30,2000,13,13,2000-13,Thursday
2000-03-31,2000,13,13,2000-13,Friday
2000-04-01,2000,13,13,2000-13,Saturday
2000-04-02,2000,13,13,2000-13,Sunday
2000-04-03,2000,14,14,2000-14,Monday
2000-04-04,2000,14,14,2000-14,Tuesday
2000-04-05,2000,14,14,2000-14,Wednesday
2000-04-06,2000,14,14,2000-14,Thursday
2000-04-07,2000,14,14,2000-14,Friday
2000-04-08,2000,14,14,2000-14,Saturday
2000-04-09,2000,14,14,2000-14,Sunday
2000-04-10,2000,15,15,2000-15,Monday
2000-04-11,2000,15,15,2000-15,Tuesday
2000-04-12,2000,15,15,2000-15,Wednesday
2000-04-13,2000,15,15,2000-15,Thursday
2000-04-14,2000,15,15,2000-15,Friday
2000-04-15,2000,15,15,2000-15,Saturday
2000-04-16,2000,15,15,2000-15,Sunday
2000-04-17,2000,16,16,2000-16,Monday
2000-04-18,2000,16,16,2000-16,Tuesday
2000-04-19,2000,16,16,2000-16,Wednesday
2000-04-20,2000,16,16,2000-16,Thursday
2000-04-21,2000,16,16,2000-16,Friday
2000-04-22,2000,16,16,2000-16,Saturday
2000-04-23,2000,16,16,2000-16,Sunday
2000-04-24,2000,17,17,2000-17,Monday
2000-04-25,2000,17,17,2000-17,Tuesday
2000-04-26,2000,17,17,2000-17,Wednesday
2000-04-27,2000,17,17,2000-17,Thursday
2000-04-28,2000,17,17,2000-17,Friday
2000-04-29,2000,17,17,2000-17,Saturday
2000-04-30,2000,17,17,2000-17,Sunday
2000-05-01,2000,18,18,2000-18,Monday
2000-05-02,2000,18,18,2000-18,Tuesday
2000-05-03,2000,18,18,2000-18,Wednesday
2000-05-04,2000,18,18,2000-18,Thursday
2000-05-05,2000,18,18,2000-18,Friday
2000-05-06,2000,18,18,2000-18,Saturday
2000-05-07,2000,18,18,2000-18,Sunday
2000-05-08,2000,19,19,2000-19,Monday
2000-05-09,2000,19,19,2000-19,Tuesday
2000-05-10,2000,19,19,2000-19,Wednesday
2000-05-11,2000,19,19,2000-19,Thursday
2000-05-12,2000,19,19,2000-19,Friday
2000-05-13,2000,19,19,2000-19,Saturday
2000-05-14,2000,19,19,2000-19,Sunday
2000-05-15,2000,20,20,2000-20,Monday
2000-05-16,2000,20,20,2000-20,Tuesday
2000-05-17,2000,20,20,2000-20,Wednesday
2000-05-18,2000,20,20,2000-20,Thursday
2000-05-19,2000,20,20,2000-20,Friday
2000-05-20,2000,20,20,2000-20,Saturday
2000-05-21,2000,20,20,2000-20,Sunday
2000-05-22,2000,21,21,2000-21,Monday
2000-05-23,2000,21,21,2000-21,Tuesday
2000-05-24,2000,21,21,2000-21,Wednesday
2000-05-25,2000,21,21,2000-21,Thursday
2000-05-26,2000,21,21,2000-21,Friday
2000-05-27,2000,21,21,2000-21,Saturday
2000-05-28,2000,21,21,2000-21,Sunday
2000-05-29,2000,22,22,2000-22,Monday
2000-05-30,2000,22,22,2000-22,Tuesday
2000-05-31,2000,22,22,2000-22,Wednesday
2000-06-01,2000,22,22,2000-22,Thursday
2000-06-02,2000,22,22,2000-22,Friday
2000-06-03,2000,22,22,2000-22,Saturday
2000-06-04,2000,22,22,2000-22,Sunday
2000-06-05,2000,23,23,2000-23,Monday
2000-06-06,2000,23,23,2000-23,Tuesday
2000-06-07,2000,23,23,2000-23,Wednesday
2000-06-08,2000,23,23,2000-23,Thursday
2000-06-09,2000,23,23,2000-23,Friday
2000-06-10,2000,23,23,2000-23,Saturday
2000-06-11,2000,23,23,2000-23,Sunday
2000-06-12,2000,24,24,2000-24,Monday
2000-06-13,2000,24,24,2000-24,Tuesday
2000-06-14,2000,24,24,2000-24,Wednesday
2000-06-15,2000,24,24,2000-24,Thursday
2000-06-16,2000,24,24,2000-24,Friday
2000-06-17,2000,24,24,2000-24,Saturday
2000-06-18,2000,24,24,2000-24,Sunday
2000-06-19,2000,25,25,2000-25,Monday
2000-06-20,2000,25,25,2000-25,Tuesday
2000-06-21,2000,25,25,2000-25,Wednesday
2000-06-22,2000,25,25,2000-25,Thursday
2000-06-23,2000,25,25,2000-25,Friday
2000-06-24,2000,25,25,2000-25,Saturday
2000-06-25,2000,25,25,2000-25,Sunday
2000-06-26,2000,26,26,2000-26,Monday
2000-06-27,2000,26,26,2000-26,Tuesday
2000-06-28,2000,26,26,2000-26,Wednesday
2000-06-29,2000,26,26,2000-26,Thursday
2000-06-30,2000,26,26,2000-26,Friday
2000-07-01,2000,26,26,2000-26,Saturday
2000-07-02,2000,26,26,2000-26,Sunday
2000-07-03,2000,27,27,2000-27,Monday
2000-07-04,2000,27,27,2000-27,Tuesday
2000-07-05,2000,27,27,2000-27,Wednesday
2000-07-06,2000,27,27,2000-27,Thursday
2000-07-07,2000,27,27,2000-27,Friday
2000-07-08,2000,27,27,2000-27,Saturday
2000-07-09,2000,27,27,2000-27,Sunday
2000-07-10,2000,28,28,2000-28,Monday
2000-07-11,2000,28,28,2000-28,Tuesday
2000-07-12,2000,28,28,2000-28,Wednesday
2000-07-13,2000,28,28,2000-28,Thursday
2000-07-14,2000,28,28,2000-28,Friday
2000-07-15,2000,28,28,2000-28,Saturday
2000-07-16,2000,28,28,2000-28,Sunday
2000-07-17,2000,29,29,2000-29,Monday
2000-07-18,2000,29,29,2000-29,Tuesday
2000-07-19,2000,29,29,2000-29,Wednesday
2000-07-20,2000,29,29,2000-29,Thursday
2000-07-21,2000,29,29,2000-29,Friday
2000-07-22,2000,29,29,2000-29,Saturday
2000-07-23,2000,29,29,2000-29,Sunday
2000-07-24,2000,30,30,2000-30,Monday
2000-07-25,2000,30,30,2000-30,Tuesday
2000-07-26,2000,30,30,2000-30,Wednesday
2000-07-27,2000,30,30,2000-30,Thursday
2000-07-28,2000,30,30,2000-30,Friday
2000-07-29,2000,30,30,2000-30,Saturday
2000-07-30,2000,30,30,2000-30,Sunday
2000-07-31,2000,31,31,2000-31,Monday
2000-08-01,2000,31,31,2000-31,Tuesday
2000-08-02,2000,31,31,2000-31,Wednesday
2000-08-03,2000,31,31,2000-31,Thursday
2000-08-04,2000,31,31,2000-31,Friday
2000-08-05,2000,31,31,2000-31,Saturday
2000-08-06,2000,31,31,2000-31,Sunday
2000-08-07,2000,32,32,2000-32,Monday
2000-08-08,2000,32,32,2000-32,Tuesday
2000-08-09,2000,32,32,2000-32,Wednesday
2000-08-10,2000,32,32,2000-32,Thursday
2000-08-11,2000,32,32,2000-32,Friday
2000-08-12,2000,32,32,2000-32,Saturday
2000-08-13,2000,32,32,2000-32,Sunday
2000-08-14,2000,33,33,2000-33,Monday
2000-08-15,2000,33,33,2000-33,Tuesday
2000-08-16,2000,33,33,2000-33,Wednesday
2000-08-17,2000,33,33,2000-33,Thursday
2000-08-18,2000,33,33,2000-33,Friday
2000-08-19,2000,33,33,2000-33,Saturday
2000-08-20,2000,33,33,2000-33,Sunday
2000-08-21,2000,34,34,2000-34,Monday
2000-08-22,2000,34,34,2000-34,Tuesday
2000-08-23,2000,34,34,2000-34,Wednesday
2000-08-24,2000,34,34,2000-34,Thursday
2000-08-25,2000,34,34,2000-34,Friday
2000-08-26,2000,34,34,2000-34,Saturday
2000-08-27,2000,34,34,2000-34,Sunday
2000-08-28,2000,35,35,2000-35,Monday
2000-08-29,2000,35,35,2000-35,Tuesday
2000-08-30,2000,35,35,2000-35,Wednesday
2000-08-31,2000,35,35,2000-35,Thursday
2000-09-01,2000,35,35,2000-35,Friday
2000-09-02,2000,35,35,2000-35,Saturday
2000-09-03,2000,35,35,2000-35,Sunday
2000-09-04,2000,36,36,2000-36,Monday
2000-09-05,2000,36,36,2000-36,Tuesday
2000-09-06,2000,36,36,2000-36,Wednesday
2000-09-07,2000,36,36,2000-36,Thursday
2000-09-08,2000,36,36,2000-36,Friday
2000-09-09,2000,36,36,2000-36,Saturday
2000-09-10,2000,36,36,2000-36,Sunday
2000-09-11,2000,37,37,2000-37,Monday
2000-09-12,2000,37,37,2000-37,Tuesday
2000-09-13,2000,37,37,2000-37,Wednesday
2000-09-14,2000,37,37,2000-37,Thursday
2000-09-15,2000,37,37,2000-37,Friday
2000-09-16,2000,37,37,2000-37,Saturday
2000-09-17,2000,37,37,2000-37,Sunday
2000-09-18,2000,38,38,2000-38,Monday
2000-09-19,2000,38,38,2000-38,Tuesday
2000-09-20,2000,38,38,2000-38,Wednesday
2000-09-21,2000,38,38,2000-38,Thursday
2000-09-22,2000,38,38,2000-38,Friday
2000-09-23,2000,38,38,2000-38,Saturday
2000-09-24,2000,38,38,2000-38,Sunday
2000-09-25,2000,39,39,2000-39,Monday
2000-09-26,2000,39,39,2000-39,Tuesday
2000-09-27,2000,39,39,2000-39,Wednesday
2000-09-28,2000,39,39,2000-39,Thursday
2000-09-29,2000,39,39,2000-39,Friday
2000-09-30,2000,39,39,2000-39,Saturday
2000-10-01,2000,39,39,2000-39,Sunday
2000-10-02,2000,40,40,2000-40,Monday
2000-10-03,2000,40,40,2000-40,Tuesday
2000-10-04,2000,40,40,2000-40,Wednesday
2000-10-05,2000,40,40,2000-40,Thursday
2000-10-06,2000,40,40,2000-40,Friday
2000-10-07,2000,40,40,2000-40,Saturday
2000-10-08,2000,40,40,2000-40,Sunday
2000-10-09,2000,41,41,2000-41,Monday
2000-10-10,2000,41,41,2000-41,Tuesday
2000-10-11,2000,41,41,2000-41,Wednesday
2000-10-12,2000,41,41,2000-41,Thursday
2000-10-13,2000,41,41,2000-41,Friday
2000-10-14,2000,41,41,2000-41,Saturday
2000-10-15,2000,41,41,2000-41,Sunday
2000-10-16,2000,42,42,2000-42,Monday
2000-10-17,2000,42,42,2000-42,Tuesday
2000-10-18,2000,42,42,2000-42,Wednesday
2000-10-19,2000,42,42,2000-42,Thursday
2000-10-20,2000,42,42,2000-42,Friday
2000-10-21,2000,42,42,2000-42,Saturday
2000-10-22,2000,42,42,2000-42,Sunday
2000-10-23,2000,43,43,2000-43,Monday
2000-10-24,2000,43,43,2000-43,Tuesday
2000-10-25,2000,43,43,2000-43,Wednesday
2000-10-26,2000,43,43,2000-43,Thursday
2000-10-27,2000,43,43,2000-43,Friday
2000-10-28,2000,43,43,2000-43,Saturday
2000-10-29,2000,43,43,2000-43,Sunday
2000-10-30,2000,44,44,2000-44,Monday
2000-10-31,2000,44,44,2000-44,Tuesday
2000-11-01,2000,44,44,2000-44,Wednesday
2000-11-02,2000,44,44,2000-44,Thursday
2000-11-03,2000,44,44,2000-44,Friday
2000-11-04,2000,44,44,2000-44,Saturday
2000-11-05,2000,44,44,2000-44,Sunday
2000-11-06,2000,45,45,2000-45,Monday
2000-11-07,2000,45,45,2000-45,Tuesday
2000-11-08,2000,45,45,2000-45,Wednesday
2000-11-09,2000,45,45,2000-45,Thursday
2000-11-10,2000,45,45,2000-45,Friday
2000-11-11,2000,45,45,2000-45,Saturday
2000-11-12,2000,45,45,2000-45,Sunday
2000-11-13,2000,46,46,2000-46,Monday
2000-11-14,2000,46,46,2000-46,Tuesday
2000-11-15,2000,46,46,2000-46,Wednesday
2000-11-16,2000,46,46,2000-46,Thursday
2000-11-17,2000,46,46,2000-46,Friday
2000-11-18,2000,46,46,2000-46,Saturday
2000-11-19,2000,46,46,2000-46,Sunday
2000-11-20,2000,47,47,2000-47,Monday
2000-11-21,2000,47,47,2000-47,Tuesday
2000-11-22,2000,47,47,2000-47,Wednesday
2000-11-23,2000,47,47,2000-47,Thursday
2000-11-24,2000,47,47,2000-47,Friday
2000-11-25,2000,47,47,2000-47,Saturday
2000-11-26,2000,47,47,2000-47,Sunday
2000-11-27,2000,48,48,2000-48,Monday
2000-11-28,2000,48,48,2000-48,Tuesday
2000-11-29,2000,48,48,2000-48,Wednesday
2000-11-30,2000,48,48,2000-48,Thursday
2000-12-01,2000,48,48,2000-48,Friday
2000-12-02,2000,48,48,2000-48,Saturday
2000-12-03,2000,48,48,2000-48,Sunday
2000-12-04,2000,49,49,2000-49,Monday
2000-12-05,2000,49,49,2000-49,Tuesday
2000-12-06,2000,49,49,2000-49,Wednesday
2000-12-07,2000,49,49,2000-49,Thursday
2000-12-08,2000,49,49,2000-49,Friday
2000-12-09,2000,49,49,2000-49,Saturday
2000-12-10,2000,49,49,2000-49,Sunday
2000-12-11,2000,50,50,2000-50,Monday
2000-12-12,2000,50,50,2000-50,Tuesday
2000-12-13,2000,50,50,2000-50,Wednesday
2000-12-14,2000,50,50,2000-50,Thursday
2000-12-15,2000,50,50,2000-50,Friday
2000-12-16,2000,50,50,2000-50,Saturday
2000-12-17,2000,50,50,2000-50,Sunday
2000-12-18,2000,51,51,2000-51,Monday
2000-12-19,2000,51,51,2000-51,Tuesday
2000-12-20,2000,51,51,2000-51,Wednesday
2000-12-21,2000,51,51,2000-51,Thursday
2000-12-22,2000,51,51,2000-51,Friday
2000-12-23,2000,51,51,2000-51,Saturday
2000-12-24,2000,51,51,2000-51,Sunday
2000-12-25,2000,52,52,2000-52,Monday
2000-12-26,2000,52,52,2000-52,Tuesday
2000-12-27,2000,52,52,2000-52,Wednesday
2000-12-28,2000,52,52,2000-52,Thursday
2000-12-29,2000,52,52,2000-52,Friday
2000-12-30,2000,52,52,2000-52,Saturday
2000-12-31,2000,52,52,2000-52,Sunday
2001-01-01,2001,1,01,2001-01,Monday
2001-01-02,2001,1,01,2001-01,Tuesday
2001-01-03,2001,1,01,2001-01,Wednesday
2001-01-04,2001,1,01,2001-01,Thursday
2001-01-05,2001,1,01,2001-01,Friday
2001-01-06,2001,1,01,2001-01,Saturday
2001-01-07,2001,1,01,2001-01,Sunday
2001-01-08,2001,2,02,2001-02,Monday
2001-01-09,2001,2,02,2001-02,Tuesday
2001-01-10,2001,2,02,2001-02,Wednesday
2001-01-11,2001,2,02,2001-02,Thursday
2001-01-12,2001,2,02,2001-02,Friday
2001-01-13,2001,2,02,2001-02,Saturday
2001-01-14,2001,2,02,2001-02,Sunday
2001-01-15,2001,3,03,2001-03,Monday
2001-01-16,2001,3,03,2001-03,Tuesday
2001-01-17,2001,3,03,2001-03,Wednesday
2001-01-18,2001,3,03,2001-03,Thursday
2001-01-19,2001,3,03,2001-03,Friday
2001-01-20,2001,3,03,2001-03,Saturday
2001-01-21,2001,3,03,2001-03,Sunday
2001-01-22,2001,4,04,2001-04,Monday
2001-01-23,2001,4,04,2001-04,Tuesday
2001-01-24,2001,4,04,2001-04,Wednesday
2001-01-25,2001,4,04,2001-04,Thursday
2001-01-26,2001,4,04,2001-04,Friday
2001-01-27,2001,4,04,2001-04,Saturday
2001-01-28,2001,4,04,2001-04,Sunday
2001-01-29,2001,5,05,2001-05,Monday
2001-01-30,2001,5,05,2001-05,Tuesday
2001-01-31,2001,5,05,2001-05,Wednesday
2001-02-01,2001,5,05,2001-05,Thursday
2001-02-02,2001,5,05,2001-05,Friday
2001-02-03,2001,5,05,2001-05,Saturday
2001-02-04,2001,5,05,2001-05,Sunday
2001-02-05,2001,6,06,2001-06,Monday
2001-02-06,2001,6,06,2001-06,Tuesday
2001-02-07,2001,6,06,2001-06,Wednesday
2001-02-08,2001,6,06,2001-06,Thursday
2001-02-09,2001,6,06,2001-06,Friday
2001-02-10,2001,6,06,2001-06,Saturday
2001-02-11,2001,6,06,2001-06,Sunday
2001-02-12,2001,7,07,2001-07,Monday
2001-02-13,2001,7,07,2001-07,Tuesday
2001-02-14,2001,7,07,2001-07,Wednesday
2001-02-15,2001,7,07,2001-07,Thursday
2001-02-16,2001,7,07,2001-07,Friday
2001-02-17,2001,7,07,2001-07,Saturday
2001-02-18,2001,7,07,2001-07,Sunday
2001-02-19,2001,8,08,2001-08,Monday
2001-02-20,2001,8,08,2001-08,Tuesday
2001-02-21,2001,8,08,2001-08,Wednesday
2001-02-22,2001,8,08,2001-08,Thursday
2001-02-23,2001,8,08,2001-08,Friday
2001-02-24,2001,8,08,2001-08,Saturday
2001-02-25,2001,8,08,2001-08,Sunday
2001-02-26,2001,9,09,2001-09,Monday
2001-02-27,2001,9,09,2001-09,Tuesday
2001-02-28,2001,9,09,2001-09,Wednesday
2001-03-01,2001,9,09,2001-09,Thursday
2001-03-02,2001,9,09,2001-09,Friday
2001-03-03,2001,9,09,2001-09,Saturday
2001-03-04,2001,9,09,2001-09,Sunday
2001-03-05,2001,10,10,2001-10,Monday
2001-03-06,2001,10,10,2001-10,Tuesday
2001-03-07,2001,10,10,2001-10,Wednesday
2001-03-08,2001,10,10,2001-10,Thursday
2001-03-09,2001,10,10,2001-10,Friday
2001-03-10,2001,10,10,2001-10,Saturday
2001-03-11,2001,10,10,2001-10,Sunday
2001-03-12,2001,11,11,2001-11,Monday
2001-03-13,2001,11,11,2001-11,Tuesday
2001-03-14,2001,11,11,2001-11,Wednesday
2001-03-15,2001,11,11,2001-11,Thursday
2001-03-16,2001,11,11,2001-11,Friday
2001-03-17,2001,11,11,2001-11,Saturday
2001-03-18,2001,11,11,2001-11,Sunday
2001-03-19,2001,12,12,2001-12,Monday
2001-03-20,2001,12,12,2001-12,Tuesday
2001-03-21,2001,12,12,2001-12,Wednesday
2001-03-22,2001,12,12,2001-12,Thursday
2001-03-23,2001,12,12,2001-12,Friday
2001-03-24,2001,12,12,2001-12,Saturday
2001-03-25,2001,12,12,2001-12,Sunday
2001-03-26,2001,13,13,2001-13,Monday
2001-03-27,2001,13,13,2001-13,Tuesday
2001-03-28,2001,13,13,2001-13,Wednesday
2001-03-29,2001,13,13,2001-13,Thursday
2001-03-30,2001,13,13,2001-13,Friday
2001-03-31,2001,13,13,2001-13,Saturday
2001-04-01,2001,13,13,2001-13,Sunday
2001-04-02,2001,14,14,2001-14,Monday
2001-04-03,2001,14,14,2001-14,Tuesday
2001-04-04,2001,14,14,2001-14,Wednesday
2001-04-05,2001,14,14,2001-14,Thursday
2001-04-06,2001,14,14,2001-14,Friday
2001-04-07,2001,14,14,2001-14,Saturday
2001-04-08,2001,14,14,2001-14,Sunday
2001-04-09,2001,15,15,2001-15,Monday
2001-04-10,2001,15,15,2001-15,Tuesday
2001-04-11,2001,15,15,2001-15,Wednesday
2001-04-12,2001,15,15,2001-15,Thursday
2001-04-13,2001,15,15,2001-15,Friday
2001-04-14,2001,15,15,2001-15,Saturday
2001-04-15,2001,15,15,2001-15,Sunday
2001-04-16,2001,16,16,2001-16,Monday
2001-04-17,2001,16,16,2001-16,Tuesday
2001-04-18,2001,16,16,2001-16,Wednesday
2001-04-19,2001,16,16,2001-16,Thursday
2001-04-20,2001,16,16,2001-16,Friday
2001-04-21,2001,16,16,2001-16,Saturday
2001-04-22,2001,16,16,2001-16,Sunday
2001-04-23,2001,17,17,2001-17,Monday
2001-04-24,2001,17,17,2001-17,Tuesday
2001-04-25,2001,17,17,2001-17,Wednesday
2001-04-26,2001,17,17,2001-17,Thursday
2001-04-27,2001,17,17,2001-17,Friday
2001-04-28,2001,17,17,2001-17,Saturday
2001-04-29,2001,17,17,2001-17,Sunday
2001-04-30,2001,18,18,2001-18,Monday
2001-05-01,2001,18,18,2001-18,Tuesday
2001-05-02,2001,18,18,2001-18,Wednesday
2001-05-03,2001,18,18,2001-18,Thursday
2001-05-04,2001,18,18,2001-18,Friday
2001-05-05,2001,18,18,2001-18,Saturday
2001-05-06,2001,18,18,2001-18,Sunday
2001-05-07,2001,19,19,2001-19,Monday
2001-05-08,2001,19,19,2001-19,Tuesday
2001-05-09,2001,19,19,2001-19,Wednesday
2001-05-10,2001,19,19,2001-19,Thursday
2001-05-11,2001,19,19,2001-19,Friday
2001-05-12,2001,19,19,2001-19,Saturday
2001-05-13,2001,19,19,2001-19,Sunday
2001-05-14,2001,20,20,2001-20,Monday
2001-05-15,2001,20,20,2001-20,Tuesday
2001-05-16,2001,20,20,2001-20,Wednesday
2001-05-17,2001,20,20,2001-20,Thursday
2001-05-18,2001,20,20,2001-20,Friday
2001-05-19,2001,20,20,2001-20,Saturday
2001-05-20,2001,20,20,2001-20,Sunday
2001-05-21,2001,21,21,2001-21,Monday
2001-05-22,2001,21,21,2001-21,Tuesday
2001-05-23,2001,21,21,2001-21,Wednesday
2001-05-24,2001,21,21,2001-21,Thursday
2001-05-25,2001,21,21,2001-21,Friday
2001-05-26,2001,21,21,2001-21,Saturday
2001-05-27,2001,21,21,2001-21,Sunday
2001-05-28,2001,22,22,2001-22,Monday
2001-05-29,2001,22,22,2001-22,Tuesday
2001-05-30,2001,22,22,2001-22,Wednesday
2001-05-31,2001,22,22,2001-22,Thursday
2001-06-01,2001,22,22,2001-22,Friday
2001-06-02,2001,22,22,2001-22,Saturday
2001-06-03,2001,22,22,2001-22,Sunday
2001-06-04,2001,23,23,2001-23,Monday
2001-06-05,2001,23,23,2001-23,Tuesday
2001-06-06,2001,23,23,2001-23,Wednesday
2001-06-07,2001,23,23,2001-23,Thursday
2001-06-08,2001,23,23,2001-23,Friday
2001-06-09,2001,23,23,2001-23,Saturday
2001-06-10,2001,23,23,2001-23,Sunday
2001-06-11,2001,24,24,2001-24,Monday
2001-06-12,2001,24,24,2001-24,Tuesday
2001-06-13,2001,24,24,2001-24,Wednesday
2001-06-14,2001,24,24,2001-24,Thursday
2001-06-15,2001,24,24,2001-24,Friday
2001-06-16,2001,24,24,2001-24,Saturday
2001-06-17,2001,24,24,2001-24,Sunday
2001-06-18,2001,25,25,2001-25,Monday
2001-06-19,2001,25,25,2001-25,Tuesday
2001-06-20,2001,25,25,2001-25,Wednesday
2001-06-21,2001,25,25,2001-25,Thursday
2001-06-22,2001,25,25,2001-25,Friday
2001-06-23,2001,25,25,2001-25,Saturday
2001-06-24,2001,25,25,2001-25,Sunday
2001-06-25,2001,26,26,2001-26,Monday
2001-06-26,2001,26,26,2001-26,Tuesday
2001-06-27,2001,26,26,2001-26,Wednesday
2001-06-28,2001,26,26,2001-26,Thursday
2001-06-29,2001,26,26,2001-26,Friday
2001-06-30,2001,26,26,2001-26,Saturday
2001-07-01,2001,26,26,2001-26,Sunday
2001-07-02,2001,27,27,2001-27,Monday
2001-07-03,2001,27,27,2001-27,Tuesday
2001-07-04,2001,27,27,2001-27,Wednesday
2001-07-05,2001,27,27,2001-27,Thursday
2001-07-06,2001,27,27,2001-27,Friday
2001-07-07,2001,27,27,2001-27,Saturday
2001-07-08,2001,27,27,2001-27,Sunday
2001-07-09,2001,28,28,2001-28,Monday
2001-07-10,2001,28,28,2001-28,Tuesday
2001-07-11,2001,28,28,2001-28,Wednesday
2001-07-12,2001,28,28,2001-28,Thursday
2001-07-13,2001,28,28,2001-28,Friday
2001-07-14,2001,28,28,2001-28,Saturday
2001-07-15,2001,28,28,2001-28,Sunday
2001-07-16,2001,29,29,2001-29,Monday
2001-07-17,2001,29,29,2001-29,Tuesday
2001-07-18,2001,29,29,2001-29,Wednesday
2001-07-19,2001,29,29,2001-29,Thursday
2001-07-20,2001,29,29,2001-29,Friday
2001-07-21,2001,29,29,2001-29,Saturday
2001-07-22,2001,29,29,2001-29,Sunday
2001-07-23,2001,30,30,2001-30,Monday
2001-07-24,2001,30,30,2001-30,Tuesday
2001-07-25,2001,30,30,2001-30,Wednesday
2001-07-26,2001,30,30,2001-30,Thursday
2001-07-27,2001,30,30,2001-30,Friday
2001-07-28,2001,30,30,2001-30,Saturday
2001-07-29,2001,30,30,2001-30,Sunday
2001-07-30,2001,31,31,2001-31,Monday
2001-07-31,2001,31,31,2001-31,Tuesday
2001-08-01,2001,31,31,2001-31,Wednesday
2001-08-02,2001,31,31,2001-31,Thursday
2001-08-03,2001,31,31,2001-31,Friday
2001-08-04,2001,31,31,2001-31,Saturday
2001-08-05,2001,31,31,2001-31,Sunday
2001-08-06,2001,32,32,2001-32,Monday
2001-08-07,2001,32,32,2001-32,Tuesday
2001-08-08,2001,32,32,2001-32,Wednesday
2001-08-09,2001,32,32,2001-32,Thursday
2001-08-10,2001,32,32,2001-32,Friday
2001-08-11,2001,32,32,2001-32,Saturday
2001-08-12,2001,32,32,2001-32,Sunday
2001-08-13,2001,33,33,2001-33,Monday
2001-08-14,2001,33,33,2001-33,Tuesday
2001-08-15,2001,33,33,2001-33,Wednesday
2001-08-16,2001,33,33,2001-33,Thursday
2001-08-17,2001,33,33,2001-33,Friday
2001-08-18,2001,33,33,2001-33,Saturday
2001-08-19,2001,33,33,2001-33,Sunday
2001-08-20,2001,34,34,2001-34,Monday
2001-08-21,2001,34,34,2001-34,Tuesday
2001-08-22,2001,34,34,2001-34,Wednesday
2001-08-23,2001,34,34,2001-34,Thursday
2001-08-24,2001,34,34,2001-34,Friday
2001-08-25,2001,34,34,2001-34,Saturday
2001-08-26,2001,34,34,2001-34,Sunday
2001-08-27,2001,35,35,2001-35,Monday
2001-08-28,2001,35,35,2001-35,Tuesday
2001-08-29,2001,35,35,2001-35,Wednesday
2001-08-30,2001,35,35,2001-35,Thursday
2001-08-31,2001,35,35,2001-35,Friday
2001-09-01,2001,35,35,2001-35,Saturday
2001-09-02,2001,35,35,2001-35,Sunday
2001-09-03,2001,36,36,2001-36,Monday
2001-09-04,2001,36,36,2001-36,Tuesday
2001-09-05,2001,36,36,2001-36,Wednesday
2001-09-06,2001,36,36,2001-36,Thursday
2001-09-07,2001,36,36,2001-36,Friday
2001-09-08,2001,36,36,2001-36,Saturday
2001-09-09,2001,36,36,2001-36,Sunday
2001-09-10,2001,37,37,2001-37,Monday
2001-09-11,2001,37,37,2001-37,Tuesday
2001-09-12,2001,37,37,2001-37,Wednesday
2001-09-13,2001,37,37,2001-37,Thursday
2001-09-14,2001,37,37,2001-37,Friday
2001-09-15,2001,37,37,2001-37,Saturday
2001-09-16,2001,37,37,2001-37,Sunday
2001-09-17,2001,38,38,2001-38,Monday
2001-09-18,2001,38,38,2001-38,Tuesday
2001-09-19,2001,38,38,2001-38,Wednesday
2001-09-20,2001,38,38,2001-38,Thursday
2001-09-21,2001,38,38,2001-38,Friday
2001-09-22,2001,38,38,2001-38,Saturday
2001-09-23,2001,38,38,2001-38,Sunday
2001-09-24,2001,39,39,2001-39,Monday
2001-09-25,2001,39,39,2001-39,Tuesday
2001-09-26,2001,39,39,2001-39,Wednesday
2001-09-27,2001,39,39,2001-39,Thursday
2001-09-28,2001,39,39,2001-39,Friday
2001-09-29,2001,39,39,2001-39,Saturday
2001-09-30,2001,39,39,2001-39,Sunday
2001-10-01,2001,40,40,2001-40,Monday
2001-10-02,2001,40,40,2001-40,Tuesday
2001-10-03,2001,40,40,2001-40,Wednesday
2001-10-04,2001,40,40,2001-40,Thursday
2001-10-05,2001,40,40,2001-40,Friday
2001-10-06,2001,40,40,2001-40,Saturday
2001-10-07,2001,40,40,2001-40,Sunday
2001-10-08,2001,41,41,2001-41,Monday
2001-10-09,2001,41,41,2001-41,Tuesday
2001-10-10,2001,41,41,2001-41,Wednesday
2001-10-11,2001,41,41,2001-41,Thursday
2001-10-12,2001,41,41,2001-41,Friday
2001-10-13,2001,41,41,2001-41,Saturday
2001-10-14,2001,41,41,2001-41,Sunday
2001-10-15,2001,42,42,2001-42,Monday
2001-10-16,2001,42,42,2001-42,Tuesday
2001-10-17,2001,42,42,2001-42,Wednesday
2001-10-18,2001,42,42,2001-42,Thursday
2001-10-19,2001,42,42,2001-42,Friday
2001-10-20,2001,42,42,2001-42,Saturday
2001-10-21,2001,42,42,2001-42,Sunday
2001-10-22,2001,43,43,2001-43,Monday
2001-10-23,2001,43,43,2001-43,Tuesday
2001-10-24,2001,43,43,2001-43,Wednesday
2001-10-25,2001,43,43,2001-43,Thursday
2001-10-26,2001,43,43,2001-43,Friday
2001-10-27,2001,43,43,2001-43,Saturday
2001-10-28,2001,43,43,2001-43,Sunday
2001-10-29,2001,44,44,2001-44,Monday
2001-10-30,2001,44,44,2001-44,Tuesday
2001-10-31,2001,44,44,2001-44,Wednesday
2001-11-01,2001,44,44,2001-44,Thursday
2001-11-02,2001,44,44,2001-44,Friday
2001-11-03,2001,44,44,2001-44,Saturday
2001-11-04,2001,44,44,2001-44,Sunday
2001-11-05,2001,45,45,2001-45,Monday
2001-11-06,2001,45,45,2001-45,Tuesday
2001-11-07,2001,45,45,2001-45,Wednesday
2001-11-08,2001,45,45,2001-45,Thursday
2001-11-09,2001,45,45,2001-45,Friday
2001-11-10,2001,45,45,2001-45,Saturday
2001-11-11,2001,45,45,2001-45,Sunday
2001-11-12,2001,46,46,2001-46,Monday
2001-11-13,2001,46,46,2001-46,Tuesday
2001-11-14,2001,46,46,2001-46,Wednesday
2001-11-15,2001,46,46,2001-46,Thursday
2001-11-16,2001,46,46,2001-46,Friday
2001-11-17,2001,46,46,2001-46,Saturday
2001-11-18,2001,46,46,2001-46,Sunday
2001-11-19,2001,47,47,2001-47,Monday
2001-11-20,2001,47,47,2001-47,Tuesday
2001-11-21,2001,47,47,2001-47,Wednesday
2001-11-22,2001,47,47,2001-47,Thursday
2001-11-23,2001,47,47,2001-47,Friday
2001-11-24,2001,47,47,2001-47,Saturday
2001-11-25,2001,47,47,2001-47,Sunday
2001-11-26,2001,48,48,2001-48,Monday
2001-11-27,2001,48,48,2001-48,Tuesday
2001-11-28,2001,48,48,2001-48,Wednesday
2001-11-29,2001,48,48,2001-48,Thursday
2001-11-30,2001,48,48,2001-48,Friday
2001-12-01,2001,48,48,2001-48,Saturday
2001-12-02,2001,48,48,2001-48,Sunday
2001-12-03,2001,49,49,2001-49,Monday
2001-12-04,2001,49,49,2001-49,Tuesday
2001-12-05,2001,49,49,2001-49,Wednesday
2001-12-06,2001,49,49,2001-49,Thursday
2001-12-07,2001,49,49,2001-49,Friday
2001-12-08,2001,49,49,2001-49,Saturday
2001-12-09,2001,49,49,2001-49,Sunday
2001-12-10,2001,50,50,2001-50,Monday
2001-12-11,2001,50,50,2001-50,Tuesday
2001-12-12,2001,50,50,2001-50,Wednesday
2001-12-13,2001,50,50,2001-50,Thursday
2001-12-14,2001,50,50,2001-50,Friday
2001-12-15,2001,50,50,2001-50,Saturday
2001-12-16,2001,50,50,2001-50,Sunday
2001-12-17,2001,51,51,2001-51,Monday
2001-12-18,2001,51,51,2001-51,Tuesday
2001-12-19,2001,51,51,2001-51,Wednesday
2001-12-20,2001,51,51,2001-51,Thursday
2001-12-21,2001,51,51,2001-51,Friday
2001-12-22,2001,51,51,2001-51,Saturday
2001-12-23,2001,51,51,2001-51,Sunday
2001-12-24,2001,52,52,2001-52,Monday
2001-12-25,2001,52,52,2001-52,Tuesday
2001-12-26,2001,52,52,2001-52,Wednesday
2001-12-27,2001,52,52,2001-52,Thursday
2001-12-28,2001,52,52,2001-52,Friday
2001-12-29,2001,52,52,2001-52,Saturday
2001-12-30,2001,52,52,2001-52,Sunday
2001-12-31,2002,1,01,2002-01,Monday
2002-01-01,2002,1,01,2002-01,Tuesday
2002-01-02,2002,1,01,2002-01,Wednesday
2002-01-03,2002,1,01,2002-01,Thursday
2002-01-04,2002,1,01,2002-01,Friday
2002-01-05,2002,1,01,2002-01,Saturday
2002-01-06,2002,1,01,2002-01,Sunday
2002-01-07,2002,2,02,2002-02,Monday
2002-01-08,2002,2,02,2002-02,Tuesday
2002-01-09,2002,2,02,2002-02,Wednesday
2002-01-10,2002,2,02,2002-02,Thursday
2002-01-11,2002,2,02,2002-02,Friday
2002-01-12,2002,2,02,2002-02,Saturday
2002-01-13,2002,2,02,2002-02,Sunday
2002-01-14,2002,3,03,2002-03,Monday
2002-01-15,2002,3,03,2002-03,Tuesday
2002-01-16,2002,3,03,2002-03,Wednesday
2002-01-17,2002,3,03,2002-03,Thursday
2002-01-18,2002,3,03,2002-03,Friday
2002-01-19,2002,3,03,2002-03,Saturday
2002-01-20,2002,3,03,2002-03,Sunday
2002-01-21,2002,4,04,2002-04,Monday
2002-01-22,2002,4,04,2002-04,Tuesday
2002-01-23,2002,4,04,2002-04,Wednesday
2002-01-24,2002,4,04,2002-04,Thursday
2002-01-25,2002,4,04,2002-04,Friday
2002-01-26,2002,4,04,2002-04,Saturday
2002-01-27,2002,4,04,2002-04,Sunday
2002-01-28,2002,5,05,2002-05,Monday
2002-01-29,2002,5,05,2002-05,Tuesday
2002-01-30,2002,5,05,2002-05,Wednesday
2002-01-31,2002,5,05,2002-05,Thursday
2002-02-01,2002,5,05,2002-05,Friday
2002-02-02,2002,5,05,2002-05,Saturday
2002-02-03,2002,5,05,2002-05,Sunday
2002-02-04,2002,6,06,2002-06,Monday
2002-02-05,2002,6,06,2002-06,Tuesday
2002-02-06,2002,6,06,2002-06,Wednesday
2002-02-07,2002,6,06,2002-06,Thursday
2002-02-08,2002,6,06,2002-06,Friday
2002-02-09,2002,6,06,2002-06,Saturday
2002-02-10,2002,6,06,2002-06,Sunday
2002-02-11,2002,7,07,2002-07,Monday
2002-02-12,2002,7,07,2002-07,Tuesday
2002-02-13,2002,7,07,2002-07,Wednesday
2002-02-14,2002,7,07,2002-07,Thursday
2002-02-15,2002,7,07,2002-07,Friday
2002-02-16,2002,7,07,2002-07,Saturday
2002-02-17,2002,7,07,2002-07,Sunday
2002-02-18,2002,8,08,2002-08,Monday
2002-02-19,2002,8,08,2002-08,Tuesday
2002-02-20,2002,8,08,2002-08,Wednesday
2002-02-21,2002,8,08,2002-08,Thursday
2002-02-22,2002,8,08,2002-08,Friday
2002-02-23,2002,8,08,2002-08,Saturday
2002-02-24,2002,8,08,2002-08,Sunday
2002-02-25,2002,9,09,2002-09,Monday
2002-02-26,2002,9,09,2002-09,Tuesday
2002-02-27,2002,9,09,2002-09,Wednesday
2002-02-28,2002,9,09,2002-09,Thursday
2002-03-01,2002,9,09,2002-09,Friday
2002-03-02,2002,9,09,2002-09,Saturday
2002-03-03,2002,9,09,2002-09,Sunday
2002-03-04,2002,10,10,2002-10,Monday
2002-03-05,2002,10,10,2002-10,Tuesday
2002-03-06,2002,10,10,2002-10,Wednesday
2002-03-07,2002,10,10,2002-10,Thursday
2002-03-08,2002,10,10,2002-10,Friday
2002-03-09,2002,10,10,2002-10,Saturday
2002-03-10,2002,10,10,2002-10,Sunday
2002-03-11,2002,11,11,2002-11,Monday
2002-03-12,2002,11,11,2002-11,Tuesday
2002-03-13,2002,11,11,2002-11,Wednesday
2002-03-14,2002,11,11,2002-11,Thursday
2002-03-15,2002,11,11,2002-11,Friday
2002-03-16,2002,11,11,2002-11,Saturday
2002-03-17,2002,11,11,2002-11,Sunday
2002-03-18,2002,12,12,2002-12,Monday
2002-03-19,2002,12,12,2002-12,Tuesday
2002-03-20,2002,12,12,2002-12,Wednesday
2002-03-21,2002,12,12,2002-12,Thursday
2002-03-22,2002,12,12,2002-12,Friday
2002-03-23,2002,12,12,2002-12,Saturday
2002-03-24,2002,12,12,2002-12,Sunday
2002-03-25,2002,13,13,2002-13,Monday
2002-03-26,2002,13,13,2002-13,Tuesday
2002-03-27,2002,13,13,2002-13,Wednesday
2002-03-28,2002,13,13,2002-13,Thursday
2002-03-29,2002,13,13,2002-13,Friday
2002-03-30,2002,13,13,2002-13,Saturday
2002-03-31,2002,13,13,2002-13,Sunday
2002-04-01,2002,14,14,2002-14,Monday
2002-04-02,2002,14,14,2002-14,Tuesday
2002-04-03,2002,14,14,2002-14,Wednesday
2002-04-04,2002,14,14,2002-14,Thursday
2002-04-05,2002,14,14,2002-14,Friday
2002-04-06,2002,14,14,2002-14,Saturday
2002-04-07,2002,14,14,2002-14,Sunday
2002-04-08,2002,15,15,2002-15,Monday
2002-04-09,2002,15,15,2002-15,Tuesday
2002-04-10,2002,15,15,2002-15,Wednesday
2002-04-11,2002,15,15,2002-15,Thursday
2002-04-12,2002,15,15,2002-15,Friday
2002-04-13,2002,15,15,2002-15,Saturday
2002-04-14,2002,15,15,2002-15,Sunday
2002-04-15,2002,16,16,2002-16,Monday
2002-04-16,2002,16,16,2002-16,Tuesday
2002-04-17,2002,16,16,2002-16,Wednesday
2002-04-18,2002,16,16,2002-16,Thursday
2002-04-19,2002,16,16,2002-16,Friday
2002-04-20,2002,16,16,2002-16,Saturday
2002-04-21,2002,16,16,2002-16,Sunday
2002-04-22,2002,17,17,2002-17,Monday
2002-04-23,2002,17,17,2002-17,Tuesday
2002-04-24,2002,17,17,2002-17,Wednesday
2002-04-25,2002,17,17,2002-17,Thursday
2002-04-26,2002,17,17,2002-17,Friday
2002-04-27,2002,17,17,2002-17,Saturday
2002-04-28,2002,17,17,2002-17,Sunday
2002-04-29,2002,18,18,2002-18,Monday
2002-04-30,2002,18,18,2002-18,Tuesday
2002-05-01,2002,18,18,2002-18,Wednesday
2002-05-02,2002,18,18,2002-18,Thursday
2002-05-03,2002,18,18,2002-18,Friday
2002-05-04,2002,18,18,2002-18,Saturday
2002-05-05,2002,18,18,2002-18,Sunday
2002-05-06,2002,19,19,2002-19,Monday
2002-05-07,2002,19,19,2002-19,Tuesday
2002-05-08,2002,19,19,2002-19,Wednesday
2002-05-09,2002,19,19,2002-19,Thursday
2002-05-10,2002,19,19,2002-19,Friday
2002-05-11,2002,19,19,2002-19,Saturday
2002-05-12,2002,19,19,2002-19,Sunday
2002-05-13,2002,20,20,2002-20,Monday
2002-05-14,2002,20,20,2002-20,Tuesday
2002-05-15,2002,20,20,2002-20,Wednesday
2002-05-16,2002,20,20,2002-20,Thursday
2002-05-17,2002,20,20,2002-20,Friday
2002-05-18,2002,20,20,2002-20,Saturday
2002-05-19,2002,20,20,2002-20,Sunday
2002-05-20,2002,21,21,2002-21,Monday
2002-05-21,2002,21,21,2002-21,Tuesday
2002-05-22,2002,21,21,2002-21,Wednesday
2002-05-23,2002,21,21,2002-21,Thursday
2002-05-24,2002,21,21,2002-21,Friday
2002-05-25,2002,21,21,2002-21,Saturday
2002-05-26,2002,21,21,2002-21,Sunday
2002-05-27,2002,22,22,2002-22,Monday
2002-05-28,2002,22,22,2002-22,Tuesday
2002-05-29,2002,22,22,2002-22,Wednesday
2002-05-30,2002,22,22,2002-22,Thursday
2002-05-31,2002,22,22,2002-22,Friday
2002-06-01,2002,22,22,2002-22,Saturday
2002-06-02,2002,22,22,2002-22,Sunday
2002-06-03,2002,23,23,2002-23,Monday
2002-06-04,2002,23,23,2002-23,Tuesday
2002-06-05,2002,23,23,2002-23,Wednesday
2002-06-06,2002,23,23,2002-23,Thursday
2002-06-07,2002,23,23,2002-23,Friday
2002-06-08,2002,23,23,2002-23,Saturday
2002-06-09,2002,23,23,2002-23,Sunday
2002-06-10,2002,24,24,2002-24,Monday
2002-06-11,2002,24,24,2002-24,Tuesday
2002-06-12,2002,24,24,2002-24,Wednesday
2002-06-13,2002,24,24,2002-24,Thursday
2002-06-14,2002,24,24,2002-24,Friday
2002-06-15,2002,24,24,2002-24,Saturday
2002-06-16,2002,24,24,2002-24,Sunday
2002-06-17,2002,25,25,2002-25,Monday
2002-06-18,2002,25,25,2002-25,Tuesday
2002-06-19,2002,25,25,2002-25,Wednesday
2002-06-20,2002,25,25,2002-25,Thursday
2002-06-21,2002,25,25,2002-25,Friday
2002-06-22,2002,25,25,2002-25,Saturday
2002-06-23,2002,25,25,2002-25,Sunday
2002-06-24,2002,26,26,2002-26,Monday
2002-06-25,2002,26,26,2002-26,Tuesday
2002-06-26,2002,26,26,2002-26,Wednesday
2002-06-27,2002,26,26,2002-26,Thursday
2002-06-28,2002,26,26,2002-26,Friday
2002-06-29,2002,26,26,2002-26,Saturday
2002-06-30,2002,26,26,2002-26,Sunday
2002-07-01,2002,27,27,2002-27,Monday
2002-07-02,2002,27,27,2002-27,Tuesday
2002-07-03,2002,27,27,2002-27,Wednesday
2002-07-04,2002,27,27,2002-27,Thursday
2002-07-05,2002,27,27,2002-27,Friday
2002-07-06,2002,27,27,2002-27,Saturday
2002-07-07,2002,27,27,2002-27,Sunday
2002-07-08,2002,28,28,2002-28,Monday
2002-07-09,2002,28,28,2002-28,Tuesday
2002-07-10,2002,28,28,2002-28,Wednesday
2002-07-11,2002,28,28,2002-28,Thursday
2002-07-12,2002,28,28,2002-28,Friday
2002-07-13,2002,28,28,2002-28,Saturday
2002-07-14,2002,28,28,2002-28,Sunday
2002-07-15,2002,29,29,2002-29,Monday
2002-07-16,2002,29,29,2002-29,Tuesday
2002-07-17,2002,29,29,2002-29,Wednesday
2002-07-18,2002,29,29,2002-29,Thursday
2002-07-19,2002,29,29,2002-29,Friday
2002-07-20,2002,29,29,2002-29,Saturday
2002-07-21,2002,29,29,2002-29,Sunday
2002-07-22,2002,30,30,2002-30,Monday
2002-07-23,2002,30,30,2002-30,Tuesday
2002-07-24,2002,30,30,2002-30,Wednesday
2002-07-25,2002,30,30,2002-30,Thursday
2002-07-26,2002,30,30,2002-30,Friday
2002-07-27,2002,30,30,2002-30,Saturday
2002-07-28,2002,30,30,2002-30,Sunday
2002-07-29,2002,31,31,2002-31,Monday
2002-07-30,2002,31,31,2002-31,Tuesday
2002-07-31,2002,31,31,2002-31,Wednesday
2002-08-01,2002,31,31,2002-31,Thursday
2002-08-02,2002,31,31,2002-31,Friday
2002-08-03,2002,31,31,2002-31,Saturday
2002-08-04,2002,31,31,2002-31,Sunday
2002-08-05,2002,32,32,2002-32,Monday
2002-08-06,2002,32,32,2002-32,Tuesday
2002-08-07,2002,32,32,2002-32,Wednesday
2002-08-08,2002,32,32,2002-32,Thursday
2002-08-09,2002,32,32,2002-32,Friday
2002-08-10,2002,32,32,2002-32,Saturday
2002-08-11,2002,32,32,2002-32,Sunday
2002-08-12,2002,33,33,2002-33,Monday
2002-08-13,2002,33,33,2002-33,Tuesday
2002-08-14,2002,33,33,2002-33,Wednesday
2002-08-15,2002,33,33,2002-33,Thursday
2002-08-16,2002,33,33,2002-33,Friday
2002-08-17,2002,33,33,2002-33,Saturday
2002-08-18,2002,33,33,2002-33,Sunday
2002-08-19,2002,34,34,2002-34,Monday
2002-08-20,2002,34,34,2002-34,Tuesday
2002-08-21,2002,34,34,2002-34,Wednesday
2002-08-22,2002,34,34,2002-34,Thursday
2002-08-23,2002,34,34,2002-34,Friday
2002-08-24,2002,34,34,2002-34,Saturday
2002-08-25,2002,34,34,2002-34,Sunday
2002-08-26,2002,35,35,2002-35,Monday
2002-08-27,2002,35,35,2002-35,Tuesday
2002-08-28,2002,35,35,2002-35,Wednesday
2002-08-29,2002,35,35,2002-35,Thursday
2002-08-30,2002,35,35,2002-35,Friday
2002-08-31,2002,35,35,2002-35,Saturday
2002-09-01,2002,35,35,2002-35,Sunday
2002-09-02,2002,36,36,2002-36,Monday
2002-09-03,2002,36,36,2002-36,Tuesday
2002-09-04,2002,36,36,2002-36,Wednesday
2002-09-05,2002,36,36,2002-36,Thursday
2002-09-06,2002,36,36,2002-36,Friday
2002-09-07,2002,36,36,2002-36,Saturday
2002-09-08,2002,36,36,2002-36,Sunday
2002-09-09,2002,37,37,2002-37,Monday
2002-09-10,2002,37,37,2002-37,Tuesday
2002-09-11,2002,37,37,2002-37,Wednesday
2002-09-12,2002,37,37,2002-37,Thursday
2002-09-13,2002,37,37,2002-37,Friday
2002-09-14,2002,37,37,2002-37,Saturday
2002-09-15,2002,37,37,2002-37,Sunday
2002-09-16,2002,38,38,2002-38,Monday
2002-09-17,2002,38,38,2002-38,Tuesday
2002-09-18,2002,38,38,2002-38,Wednesday
2002-09-19,2002,38,38,2002-38,Thursday
2002-09-20,2002,38,38,2002-38,Friday
2002-09-21,2002,38,38,2002-38,Saturday
2002-09-22,2002,38,38,2002-38,Sunday
2002-09-23,2002,39,39,2002-39,Monday
2002-09-24,2002,39,39,2002-39,Tuesday
2002-09-25,2002,39,39,2002-39,Wednesday
2002-09-26,2002,39,39,2002-39,Thursday
2002-09-27,2002,39,39,2002-39,Friday
2002-09-28,2002,39,39,2002-39,Saturday
2002-09-29,2002,39,39,2002-39,Sunday
2002-09-30,2002,40,40,2002-40,Monday
2002-10-01,2002,40,40,2002-40,Tuesday
2002-10-02,2002,40,40,2002-40,Wednesday
2002-10-03,2002,40,40,2002-40,Thursday
2002-10-04,2002,40,40,2002-40,Friday
2002-10-05,2002,40,40,2002-40,Saturday
2002-10-06,2002,40,40,2002-40,Sunday
2002-10-07,2002,41,41,2002-41,Monday
2002-10-08,2002,41,41,2002-41,Tuesday
2002-10-09,2002,41,41,2002-41,Wednesday
2002-10-10,2002,41,41,2002-41,Thursday
2002-10-11,2002,41,41,2002-41,Friday
2002-10-12,2002,41,41,2002-41,Saturday
2002-10-13,2002,41,41,2002-41,Sunday
2002-10-14,2002,42,42,2002-42,Monday
2002-10-15,2002,42,42,2002-42,Tuesday
2002-10-16,2002,42,42,2002-42,Wednesday
2002-10-17,2002,42,42,2002-42,Thursday
2002-10-18,2002,42,42,2002-42,Friday
2002-10-19,2002,42,42,2002-42,Saturday
2002-10-20,2002,42,42,2002-42,Sunday
2002-10-21,2002,43,43,2002-43,Monday
2002-10-22,2002,43,43,2002-43,Tuesday
2002-10-23,2002,43,43,2002-43,Wednesday
2002-10-24,2002,43,43,2002-43,Thursday
2002-10-25,2002,43,43,2002-43,Friday
2002-10-26,2002,43,43,2002-43,Saturday
2002-10-27,2002,43,43,2002-43,Sunday
2002-10-28,2002,44,44,2002-44,Monday
2002-10-29,2002,44,44,2002-44,Tuesday
2002-10-30,2002,44,44,2002-44,Wednesday
2002-10-31,2002,44,44,2002-44,Thursday
2002-11-01,2002,44,44,2002-44,Friday
2002-11-02,2002,44,44,2002-44,Saturday
2002-11-03,2002,44,44,2002-44,Sunday
2002-11-04,2002,45,45,2002-45,Monday
2002-11-05,2002,45,45,2002-45,Tuesday
2002-11-06,2002,45,45,2002-45,Wednesday
2002-11-07,2002,45,45,2002-45,Thursday
2002-11-08,2002,45,45,2002-45,Friday
2002-11-09,2002,45,45,2002-45,Saturday
2002-11-10,2002,45,45,2002-45,Sunday
2002-11-11,2002,46,46,2002-46,Monday
2002-11-12,2002,46,46,2002-46,Tuesday
2002-11-13,2002,46,46,2002-46,Wednesday
2002-11-14,2002,46,46,2002-46,Thursday
2002-11-15,2002,46,46,2002-46,Friday
2002-11-16,2002,46,46,2002-46,Saturday
2002-11-17,2002,46,46,2002-46,Sunday
2002-11-18,2002,47,47,2002-47,Monday
2002-11-19,2002,47,47,2002-47,Tuesday
2002-11-20,2002,47,47,2002-47,Wednesday
2002-11-21,2002,47,47,2002-47,Thursday
2002-11-22,2002,47,47,2002-47,Friday
2002-11-23,2002,47,47,2002-47,Saturday
2002-11-24,2002,47,47,2002-47,Sunday
2002-11-25,2002,48,48,2002-48,Monday
2002-11-26,2002,48,48,2002-48,Tuesday
2002-11-27,2002,48,48,2002-48,Wednesday
2002-11-28,2002,48,48,2002-48,Thursday
2002-11-29,2002,48,48,2002-48,Friday
2002-11-30,2002,48,48,2002-48,Saturday
2002-12-01,2002,48,48,2002-48,Sunday
2002-12-02,2002,49,49,2002-49,Monday
2002-12-03,2002,49,49,2002-49,Tuesday
2002-12-04,2002,49,49,2002-49,Wednesday
2002-12-05,2002,49,49,2002-49,Thursday
2002-12-06,2002,49,49,2002-49,Friday
2002-12-07,2002,49,49,2002-49,Saturday
2002-12-08,2002,49,49,2002-49,Sunday
2002-12-09,2002,50,50,2002-50,Monday
2002-12-10,2002,50,50,2002-50,Tuesday
2002-12-11,2002,50,50,2002-50,Wednesday
2002-12-12,2002,50,50,2002-50,Thursday
2002-12-13,2002,50,50,2002-50,Friday
2002-12-14,2002,50,50,2002-50,Saturday
2002-12-15,2002,50,50,2002-50,Sunday
2002-12-16,2002,51,51,2002-51,Monday
2002-12-17,2002,51,51,2002-51,Tuesday
2002-12-18,2002,51,51,2002-51,Wednesday
2002-12-19,2002,51,51,2002-51,Thursday
2002-12-20,2002,51,51,2002-51,Friday
2002-12-21,2002,51,51,2002-51,Saturday
2002-12-22,2002,51,51,2002-51,Sunday
2002-12-23,2002,52,52,2002-52,Monday
2002-12-24,2002,52,52,2002-52,Tuesday
2002-12-25,2002,52,52,2002-52,Wednesday
2002-12-26,2002,52,52,2002-52,Thursday
2002-12-27,2002,52,52,2002-52,Friday
2002-12-28,2002,52,52,2002-52,Saturday
2002-12-29,2002,52,52,2002-52,Sunday
2002-12-30,2003,1,01,2003-01,Monday
2002-12-31,2003,1,01,2003-01,Tuesday
2003-01-01,2003,1,01,2003-01,Wednesday
2003-01-02,2003,1,01,2003-01,Thursday
2003-01-03,2003,1,01,2003-01,Friday
2003-01-04,2003,1,01,2003-01,Saturday
2003-01-05,2003,1,01,2003-01,Sunday
2003-01-06,2003,2,02,2003-02,Monday
2003-01-07,2003,2,02,2003-02,Tuesday
2003-01-08,2003,2,02,2003-02,Wednesday
2003-01-09,2003,2,02,2003-02,Thursday
2003-01-10,2003,2,02,2003-02,Friday
2003-01-11,2003,2,02,2003-02,Saturday
2003-01-12,2003,2,02,2003-02,Sunday
2003-01-13,2003,3,03,2003-03,Monday
2003-01-14,2003,3,03,2003-03,Tuesday
2003-01-15,2003,3,03,2003-03,Wednesday
2003-01-16,2003,3,03,2003-03,Thursday
2003-01-17,2003,3,03,2003-03,Friday
2003-01-18,2003,3,03,2003-03,Saturday
2003-01-19,2003,3,03,2003-03,Sunday
2003-01-20,2003,4,04,2003-04,Monday
2003-01-21,2003,4,04,2003-04,Tuesday
2003-01-22,2003,4,04,2003-04,Wednesday
2003-01-23,2003,4,04,2003-04,Thursday
2003-01-24,2003,4,04,2003-04,Friday
2003-01-25,2003,4,04,2003-04,Saturday
2003-01-26,2003,4,04,2003-04,Sunday
2003-01-27,2003,5,05,2003-05,Monday
2003-01-28,2003,5,05,2003-05,Tuesday
2003-01-29,2003,5,05,2003-05,Wednesday
2003-01-30,2003,5,05,2003-05,Thursday
2003-01-31,2003,5,05,2003-05,Friday
2003-02-01,2003,5,05,2003-05,Saturday
2003-02-02,2003,5,05,2003-05,Sunday
2003-02-03,2003,6,06,2003-06,Monday
2003-02-04,2003,6,06,2003-06,Tuesday
2003-02-05,2003,6,06,2003-06,Wednesday
2003-02-06,2003,6,06,2003-06,Thursday
2003-02-07,2003,6,06,2003-06,Friday
2003-02-08,2003,6,06,2003-06,Saturday
2003-02-09,2003,6,06,2003-06,Sunday
2003-02-10,2003,7,07,2003-07,Monday
2003-02-11,2003,7,07,2003-07,Tuesday
2003-02-12,2003,7,07,2003-07,Wednesday
2003-02-13,2003,7,07,2003-07,Thursday
2003-02-14,2003,7,07,2003-07,Friday
2003-02-15,2003,7,07,2003-07,Saturday
2003-02-16,2003,7,07,2003-07,Sunday
2003-02-17,2003,8,08,2003-08,Monday
2003-02-18,2003,8,08,2003-08,Tuesday
2003-02-19,2003,8,08,2003-08,Wednesday
2003-02-20,2003,8,08,2003-08,Thursday
2003-02-21,2003,8,08,2003-08,Friday
2003-02-22,2003,8,08,2003-08,Saturday
2003-02-23,2003,8,08,2003-08,Sunday
2003-02-24,2003,9,09,2003-09,Monday
2003-02-25,2003,9,09,2003-09,Tuesday
2003-02-26,2003,9,09,2003-09,Wednesday
2003-02-27,2003,9,09,2003-09,Thursday
2003-02-28,2003,9,09,2003-09,Friday
2003-03-01,2003,9,09,2003-09,Saturday
2003-03-02,2003,9,09,2003-09,Sunday
2003-03-03,2003,10,10,2003-10,Monday
2003-03-04,2003,10,10,2003-10,Tuesday
2003-03-05,2003,10,10,2003-10,Wednesday
2003-03-06,2003,10,10,2003-10,Thursday
2003-03-07,2003,10,10,2003-10,Friday
2003-03-08,2003,10,10,2003-10,Saturday
2003-03-09,2003,10,10,2003-10,Sunday
2003-03-10,2003,11,11,2003-11,Monday
2003-03-11,2003,11,11,2003-11,Tuesday
2003-03-12,2003,11,11,2003-11,Wednesday
2003-03-13,2003,11,11,2003-11,Thursday
2003-03-14,2003,11,11,2003-11,Friday
2003-03-15,2003,11,11,2003-11,Saturday
2003-03-16,2003,11,11,2003-11,Sunday
2003-03-17,2003,12,12,2003-12,Monday
2003-03-18,2003,12,12,2003-12,Tuesday
2003-03-19,2003,12,12,2003-12,Wednesday
2003-03-20,2003,12,12,2003-12,Thursday
2003-03-21,2003,12,12,2003-12,Friday
2003-03-22,2003,12,12,2003-12,Saturday
2003-03-23,2003,12,12,2003-12,Sunday
2003-03-24,2003,13,13,2003-13,Monday
2003-03-25,2003,13,13,2003-13,Tuesday
2003-03-26,2003,13,13,2003-13,Wednesday
2003-03-27,2003,13,13,2003-13,Thursday
2003-03-28,2003,13,13,2003-13,Friday
2003-03-29,2003,13,13,2003-13,Saturday
2003-03-30,2003,13,13,2003-13,Sunday
2003-03-31,2003,14,14,2003-14,Monday
2003-04-01,2003,14,14,2003-14,Tuesday
2003-04-02,2003,14,14,2003-14,Wednesday
2003-04-03,2003,14,14,2003-14,Thursday
2003-04-04,2003,14,14,2003-14,Friday
2003-04-05,2003,14,14,2003-14,Saturday
2003-04-06,2003,14,14,2003-14,Sunday
2003-04-07,2003,15,15,2003-15,Monday
2003-04-08,2003,15,15,2003-15,Tuesday
2003-04-09,2003,15,15,2003-15,Wednesday
2003-04-10,2003,15,15,2003-15,Thursday
2003-04-11,2003,15,15,2003-15,Friday
2003-04-12,2003,15,15,2003-15,Saturday
2003-04-13,2003,15,15,2003-15,Sunday
2003-04-14,2003,16,16,2003-16,Monday
2003-04-15,2003,16,16,2003-16,Tuesday
2003-04-16,2003,16,16,2003-16,Wednesday
2003-04-17,2003,16,16,2003-16,Thursday
2003-04-18,2003,16,16,2003-16,Friday
2003-04-19,2003,16,16,2003-16,Saturday
2003-04-20,2003,16,16,2003-16,Sunday
2003-04-21,2003,17,17,2003-17,Monday
2003-04-22,2003,17,17,2003-17,Tuesday
2003-04-23,2003,17,17,2003-17,Wednesday
2003-04-24,2003,17,17,2003-17,Thursday
2003-04-25,2003,17,17,2003-17,Friday
2003-04-26,2003,17,17,2003-17,Saturday
2003-04-27,2003,17,17,2003-17,Sunday
2003-04-28,2003,18,18,2003-18,Monday
2003-04-29,2003,18,18,2003-18,Tuesday
2003-04-30,2003,18,18,2003-18,Wednesday
2003-05-01,2003,18,18,2003-18,Thursday
2003-05-02,2003,18,18,2003-18,Friday
2003-05-03,2003,18,18,2003-18,Saturday
2003-05-04,2003,18,18,2003-18,Sunday
2003-05-05,2003,19,19,2003-19,Monday
2003-05-06,2003,19,19,2003-19,Tuesday
2003-05-07,2003,19,19,2003-19,Wednesday
2003-05-08,2003,19,19,2003-19,Thursday
2003-05-09,2003,19,19,2003-19,Friday
2003-05-10,2003,19,19,2003-19,Saturday
2003-05-11,2003,19,19,2003-19,Sunday
2003-05-12,2003,20,20,2003-20,Monday
2003-05-13,2003,20,20,2003-20,Tuesday
2003-05-14,2003,20,20,2003-20,Wednesday
2003-05-15,2003,20,20,2003-20,Thursday
2003-05-16,2003,20,20,2003-20,Friday
2003-05-17,2003,20,20,2003-20,Saturday
2003-05-18,2003,20,20,2003-20,Sunday
2003-05-19,2003,21,21,2003-21,Monday
2003-05-20,2003,21,21,2003-21,Tuesday
2003-05-21,2003,21,21,2003-21,Wednesday
2003-05-22,2003,21,21,2003-21,Thursday
2003-05-23,2003,21,21,2003-21,Friday
2003-05-24,2003,21,21,2003-21,Saturday
2003-05-25,2003,21,21,2003-21,Sunday
2003-05-26,2003,22,22,2003-22,Monday
2003-05-27,2003,22,22,2003-22,Tuesday
2003-05-28,2003,22,22,2003-22,Wednesday
2003-05-29,2003,22,22,2003-22,Thursday
2003-05-30,2003,22,22,2003-22,Friday
2003-05-31,2003,22,22,2003-22,Saturday
2003-06-01,2003,22,22,2003-22,Sunday
2003-06-02,2003,23,23,2003-23,Monday
2003-06-03,2003,23,23,2003-23,Tuesday
2003-06-04,2003,23,23,2003-23,Wednesday
2003-06-05,2003,23,23,2003-23,Thursday
2003-06-06,2003,23,23,2003-23,Friday
2003-06-07,2003,23,23,2003-23,Saturday
2003-06-08,2003,23,23,2003-23,Sunday
2003-06-09,2003,24,24,2003-24,Monday
2003-06-10,2003,24,24,2003-24,Tuesday
2003-06-11,2003,24,24,2003-24,Wednesday
2003-06-12,2003,24,24,2003-24,Thursday
2003-06-13,2003,24,24,2003-24,Friday
2003-06-14,2003,24,24,2003-24,Saturday
2003-06-15,2003,24,24,2003-24,Sunday
2003-06-16,2003,25,25,2003-25,Monday
2003-06-17,2003,25,25,2003-25,Tuesday
2003-06-18,2003,25,25,2003-25,Wednesday
2003-06-19,2003,25,25,2003-25,Thursday
2003-06-20,2003,25,25,2003-25,Friday
2003-06-21,2003,25,25,2003-25,Saturday
2003-06-22,2003,25,25,2003-25,Sunday
2003-06-23,2003,26,26,2003-26,Monday
2003-06-24,2003,26,26,2003-26,Tuesday
2003-06-25,2003,26,26,2003-26,Wednesday
2003-06-26,2003,26,26,2003-26,Thursday
2003-06-27,2003,26,26,2003-26,Friday
2003-06-28,2003,26,26,2003-26,Saturday
2003-06-29,2003,26,26,2003-26,Sunday
2003-06-30,2003,27,27,2003-27,Monday
2003-07-01,2003,27,27,2003-27,Tuesday
2003-07-02,2003,27,27,2003-27,Wednesday
2003-07-03,2003,27,27,2003-27,Thursday
2003-07-04,2003,27,27,2003-27,Friday
2003-07-05,2003,27,27,2003-27,Saturday
2003-07-06,2003,27,27,2003-27,Sunday
2003-07-07,2003,28,28,2003-28,Monday
2003-07-08,2003,28,28,2003-28,Tuesday
2003-07-09,2003,28,28,2003-28,Wednesday
2003-07-10,2003,28,28,2003-28,Thursday
2003-07-11,2003,28,28,2003-28,Friday
2003-07-12,2003,28,28,2003-28,Saturday
2003-07-13,2003,28,28,2003-28,Sunday
2003-07-14,2003,29,29,2003-29,Monday
2003-07-15,2003,29,29,2003-29,Tuesday
2003-07-16,2003,29,29,2003-29,Wednesday
2003-07-17,2003,29,29,2003-29,Thursday
2003-07-18,2003,29,29,2003-29,Friday
2003-07-19,2003,29,29,2003-29,Saturday
2003-07-20,2003,29,29,2003-29,Sunday
2003-07-21,2003,30,30,2003-30,Monday
2003-07-22,2003,30,30,2003-30,Tuesday
2003-07-23,2003,30,30,2003-30,Wednesday
2003-07-24,2003,30,30,2003-30,Thursday
2003-07-25,2003,30,30,2003-30,Friday
2003-07-26,2003,30,30,2003-30,Saturday
2003-07-27,2003,30,30,2003-30,Sunday
2003-07-28,2003,31,31,2003-31,Monday
2003-07-29,2003,31,31,2003-31,Tuesday
2003-07-30,2003,31,31,2003-31,Wednesday
2003-07-31,2003,31,31,2003-31,Thursday
2003-08-01,2003,31,31,2003-31,Friday
2003-08-02,2003,31,31,2003-31,Saturday
2003-08-03,2003,31,31,2003-31,Sunday
2003-08-04,2003,32,32,2003-32,Monday
2003-08-05,2003,32,32,2003-32,Tuesday
2003-08-06,2003,32,32,2003-32,Wednesday
2003-08-07,2003,32,32,2003-32,Thursday
2003-08-08,2003,32,32,2003-32,Friday
2003-08-09,2003,32,32,2003-32,Saturday
2003-08-10,2003,32,32,2003-32,Sunday
2003-08-11,2003,33,33,2003-33,Monday
2003-08-12,2003,33,33,2003-33,Tuesday
2003-08-13,2003,33,33,2003-33,Wednesday
2003-08-14,2003,33,33,2003-33,Thursday
2003-08-15,2003,33,33,2003-33,Friday
2003-08-16,2003,33,33,2003-33,Saturday
2003-08-17,2003,33,33,2003-33,Sunday
2003-08-18,2003,34,34,2003-34,Monday
2003-08-19,2003,34,34,2003-34,Tuesday
2003-08-20,2003,34,34,2003-34,Wednesday
2003-08-21,2003,34,34,2003-34,Thursday
2003-08-22,2003,34,34,2003-34,Friday
2003-08-23,2003,34,34,2003-34,Saturday
2003-08-24,2003,34,34,2003-34,Sunday
2003-08-25,2003,35,35,2003-35,Monday
2003-08-26,2003,35,35,2003-35,Tuesday
2003-08-27,2003,35,35,2003-35,Wednesday
2003-08-28,2003,35,35,2003-35,Thursday
2003-08-29,2003,35,35,2003-35,Friday
2003-08-30,2003,35,35,2003-35,Saturday
2003-08-31,2003,35,35,2003-35,Sunday
2003-09-01,2003,36,36,2003-36,Monday
2003-09-02,2003,36,36,2003-36,Tuesday
2003-09-03,2003,36,36,2003-36,Wednesday
2003-09-04,2003,36,36,2003-36,Thursday
2003-09-05,2003,36,36,2003-36,Friday
2003-09-06,2003,36,36,2003-36,Saturday
2003-09-07,2003,36,36,2003-36,Sunday
2003-09-08,2003,37,37,2003-37,Monday
2003-09-09,2003,37,37,2003-37,Tuesday
2003-09-10,2003,37,37,2003-37,Wednesday
2003-09-11,2003,37,37,2003-37,Thursday
2003-09-12,2003,37,37,2003-37,Friday
2003-09-13,2003,37,37,2003-37,Saturday
2003-09-14,2003,37,37,2003-37,Sunday
2003-09-15,2003,38,38,2003-38,Monday
2003-09-16,2003,38,38,2003-38,Tuesday
2003-09-17,2003,38,38,2003-38,Wednesday
2003-09-18,2003,38,38,2003-38,Thursday
2003-09-19,2003,38,38,2003-38,Friday
2003-09-20,2003,38,38,2003-38,Saturday
2003-09-21,2003,38,38,2003-38,Sunday
2003-09-22,2003,39,39,2003-39,Monday
2003-09-23,2003,39,39,2003-39,Tuesday
2003-09-24,2003,39,39,2003-39,Wednesday
2003-09-25,2003,39,39,2003-39,Thursday
2003-09-26,2003,39,39,2003-39,Friday
2003-09-27,2003,39,39,2003-39,Saturday
2003-09-28,2003,39,39,2003-39,Sunday
2003-09-29,2003,40,40,2003-40,Monday
2003-09-30,2003,40,40,2003-40,Tuesday
2003-10-01,2003,40,40,2003-40,Wednesday
2003-10-02,2003,40,40,2003-40,Thursday
2003-10-03,2003,40,40,2003-40,Friday
2003-10-04,2003,40,40,2003-40,Saturday
2003-10-05,2003,40,40,2003-40,Sunday
2003-10-06,2003,41,41,2003-41,Monday
2003-10-07,2003,41,41,2003-41,Tuesday
2003-10-08,2003,41,41,2003-41,Wednesday
2003-10-09,2003,41,41,2003-41,Thursday
2003-10-10,2003,41,41,2003-41,Friday
2003-10-11,2003,41,41,2003-41,Saturday
2003-10-12,2003,41,41,2003-41,Sunday
2003-10-13,2003,42,42,2003-42,Monday
2003-10-14,2003,42,42,2003-42,Tuesday
2003-10-15,2003,42,42,2003-42,Wednesday
2003-10-16,2003,42,42,2003-42,Thursday
2003-10-17,2003,42,42,2003-42,Friday
2003-10-18,2003,42,42,2003-42,Saturday
2003-10-19,2003,42,42,2003-42,Sunday
2003-10-20,2003,43,43,2003-43,Monday
2003-10-21,2003,43,43,2003-43,Tuesday
2003-10-22,2003,43,43,2003-43,Wednesday
2003-10-23,2003,43,43,2003-43,Thursday
2003-10-24,2003,43,43,2003-43,Friday
2003-10-25,2003,43,43,2003-43,Saturday
2003-10-26,2003,43,43,2003-43,Sunday
2003-10-27,2003,44,44,2003-44,Monday
2003-10-28,2003,44,44,2003-44,Tuesday
2003-10-29,2003,44,44,2003-44,Wednesday
2003-10-30,2003,44,44,2003-44,Thursday
2003-10-31,2003,44,44,2003-44,Friday
2003-11-01,2003,44,44,2003-44,Saturday
2003-11-02,2003,44,44,2003-44,Sunday
2003-11-03,2003,45,45,2003-45,Monday
2003-11-04,2003,45,45,2003-45,Tuesday
2003-11-05,2003,45,45,2003-45,Wednesday
2003-11-06,2003,45,45,2003-45,Thursday
2003-11-07,2003,45,45,2003-45,Friday
2003-11-08,2003,45,45,2003-45,Saturday
2003-11-09,2003,45,45,2003-45,Sunday
2003-11-10,2003,46,46,2003-46,Monday
2003-11-11,2003,46,46,2003-46,Tuesday
2003-11-12,2003,46,46,2003-46,Wednesday
2003-11-13,2003,46,46,2003-46,Thursday
2003-11-14,2003,46,46,2003-46,Friday
2003-11-15,2003,46,46,2003-46,Saturday
2003-11-16,2003,46,46,2003-46,Sunday
2003-11-17,2003,47,47,2003-47,Monday
2003-11-18,2003,47,47,2003-47,Tuesday
2003-11-19,2003,47,47,2003-47,Wednesday
2003-11-20,2003,47,47,2003-47,Thursday
2003-11-21,2003,47,47,2003-47,Friday
2003-11-22,2003,47,47,2003-47,Saturday
2003-11-23,2003,47,47,2003-47,Sunday
2003-11-24,2003,48,48,2003-48,Monday
2003-11-25,2003,48,48,2003-48,Tuesday
2003-11-26,2003,48,48,2003-48,Wednesday
2003-11-27,2003,48,48,2003-48,Thursday
2003-11-28,2003,48,48,2003-48,Friday
2003-11-29,2003,48,48,2003-48,Saturday
2003-11-30,2003,48,48,2003-48,Sunday
2003-12-01,2003,49,49,2003-49,Monday
2003-12-02,2003,49,49,2003-49,Tuesday
2003-12-03,2003,49,49,2003-49,Wednesday
2003-12-04,2003,49,49,2003-49,Thursday
2003-12-05,2003,49,49,2003-49,Friday
2003-12-06,2003,49,49,2003-49,Saturday
2003-12-07,2003,49,49,2003-49,Sunday
2003-12-08,2003,50,50,2003-50,Monday
2003-12-09,2003,50,50,2003-50,Tuesday
2003-12-10,2003,50,50,2003-50,Wednesday
2003-12-11,2003,50,50,2003-50,Thursday
2003-12-12,2003,50,50,2003-50,Friday
2003-12-13,2003,50,50,2003-50,Saturday
2003-12-14,2003,50,50,2003-50,Sunday
2003-12-15,2003,51,51,2003-51,Monday
2003-12-16,2003,51,51,2003-51,Tuesday
2003-12-17,2003,51,51,2003-51,Wednesday
2003-12-18,2003,51,51,2003-51,Thursday
2003-12-19,2003,51,51,2003-51,Friday
2003-12-20,2003,51,51,2003-51,Saturday
2003-12-21,2003,51,51,2003-51,Sunday
2003-12-22,2003,52,52,2003-52,Monday
2003-12-23,2003,52,52,2003-52,Tuesday
2003-12-24,2003,52,52,2003-52,Wednesday
2003-12-25,2003,52,52,2003-52,Thursday
2003-12-26,2003,52,52,2003-52,Friday
2003-12-27,2003,52,52,2003-52,Saturday
2003-12-28,2003,52,52,2003-52,Sunday
2003-12-29,2004,1,01,2004-01,Monday
2003-12-30,2004,1,01,2004-01,Tuesday
2003-12-31,2004,1,01,2004-01,Wednesday
2004-01-01,2004,1,01,2004-01,Thursday
2004-01-02,2004,1,01,2004-01,Friday
2004-01-03,2004,1,01,2004-01,Saturday
2004-01-04,2004,1,01,2004-01,Sunday
2004-01-05,2004,2,02,2004-02,Monday
2004-01-06,2004,2,02,2004-02,Tuesday
2004-01-07,2004,2,02,2004-02,Wednesday
2004-01-08,2004,2,02,2004-02,Thursday
2004-01-09,2004,2,02,2004-02,Friday
2004-01-10,2004,2,02,2004-02,Saturday
2004-01-11,2004,2,02,2004-02,Sunday
2004-01-12,2004,3,03,2004-03,Monday
2004-01-13,2004,3,03,2004-03,Tuesday
2004-01-14,2004,3,03,2004-03,Wednesday
2004-01-15,2004,3,03,2004-03,Thursday
2004-01-16,2004,3,03,2004-03,Friday
2004-01-17,2004,3,03,2004-03,Saturday
2004-01-18,2004,3,03,2004-03,Sunday
2004-01-19,2004,4,04,2004-04,Monday
2004-01-20,2004,4,04,2004-04,Tuesday
2004-01-21,2004,4,04,2004-04,Wednesday
2004-01-22,2004,4,04,2004-04,Thursday
2004-01-23,2004,4,04,2004-04,Friday
2004-01-24,2004,4,04,2004-04,Saturday
2004-01-25,2004,4,04,2004-04,Sunday
2004-01-26,2004,5,05,2004-05,Monday
2004-01-27,2004,5,05,2004-05,Tuesday
2004-01-28,2004,5,05,2004-05,Wednesday
2004-01-29,2004,5,05,2004-05,Thursday
2004-01-30,2004,5,05,2004-05,Friday
2004-01-31,2004,5,05,2004-05,Saturday
2004-02-01,2004,5,05,2004-05,Sunday
2004-02-02,2004,6,06,2004-06,Monday
2004-02-03,2004,6,06,2004-06,Tuesday
2004-02-04,2004,6,06,2004-06,Wednesday
2004-02-05,2004,6,06,2004-06,Thursday
2004-02-06,2004,6,06,2004-06,Friday
2004-02-07,2004,6,06,2004-06,Saturday
2004-02-08,2004,6,06,2004-06,Sunday
2004-02-09,2004,7,07,2004-07,Monday
2004-02-10,2004,7,07,2004-07,Tuesday
2004-02-11,2004,7,07,2004-07,Wednesday
2004-02-12,2004,7,07,2004-07,Thursday
2004-02-13,2004,7,07,2004-07,Friday
2004-02-14,2004,7,07,2004-07,Saturday
2004-02-15,2004,7,07,2004-07,Sunday
2004-02-16,2004,8,08,2004-08,Monday
2004-02-17,2004,8,08,2004-08,Tuesday
2004-02-18,2004,8,08,2004-08,Wednesday
2004-02-19,2004,8,08,2004-08,Thursday
2004-02-20,2004,8,08,2004-08,Friday
2004-02-21,2004,8,08,2004-08,Saturday
2004-02-22,2004,8,08,2004-08,Sunday
2004-02-23,2004,9,09,2004-09,Monday
2004-02-24,2004,9,09,2004-09,Tuesday
2004-02-25,2004,9,09,2004-09,Wednesday
2004-02-26,2004,9,09,2004-09,Thursday
2004-02-27,2004,9,09,2004-09,Friday
2004-02-28,2004,9,09,2004-09,Saturday
2004-02-29,2004,9,09,2004-09,Sunday
2004-03-01,2004,10,10,2004-10,Monday
2004-03-02,2004,10,10,2004-10,Tuesday
2004-03-03,2004,10,10,2004-10,Wednesday
2004-03-04,2004,10,10,2004-10,Thursday
2004-03-05,2004,10,10,2004-10,Friday
2004-03-06,2004,10,10,2004-10,Saturday
2004-03-07,2004,10,10,2004-10,Sunday
2004-03-08,2004,11,11,2004-11,Monday
2004-03-09,2004,11,11,2004-11,Tuesday
2004-03-10,2004,11,11,2004-11,Wednesday
2004-03-11,2004,11,11,2004-11,Thursday
2004-03-12,2004,11,11,2004-11,Friday
2004-03-13,2004,11,11,2004-11,Saturday
2004-03-14,2004,11,11,2004-11,Sunday
2004-03-15,2004,12,12,2004-12,Monday
2004-03-16,2004,12,12,2004-12,Tuesday
2004-03-17,2004,12,12,2004-12,Wednesday
2004-03-18,2004,12,12,2004-12,Thursday
2004-03-19,2004,12,12,2004-12,Friday
2004-03-20,2004,12,12,2004-12,Saturday
2004-03-21,2004,12,12,2004-12,Sunday
2004-03-22,2004,13,13,2004-13,Monday
2004-03-23,2004,13,13,2004-13,Tuesday
2004-03-24,2004,13,13,2004-13,Wednesday
2004-03-25,2004,13,13,2004-13,Thursday
2004-03-26,2004,13,13,2004-13,Friday
2004-03-27,2004,13,13,2004-13,Saturday
2004-03-28,2004,13,13,2004-13,Sunday
2004-03-29,2004,14,14,2004-14,Monday
2004-03-30,2004,14,14,2004-14,Tuesday
2004-03-31,2004,14,14,2004-14,Wednesday
2004-04-01,2004,14,14,2004-14,Thursday
2004-04-02,2004,14,14,2004-14,Friday
2004-04-03,2004,14,14,2004-14,Saturday
2004-04-04,2004,14,14,2004-14,Sunday
2004-04-05,2004,15,15,2004-15,Monday
2004-04-06,2004,15,15,2004-15,Tuesday
2004-04-07,2004,15,15,2004-15,Wednesday
2004-04-08,2004,15,15,2004-15,Thursday
2004-04-09,2004,15,15,2004-15,Friday
2004-04-10,2004,15,15,2004-15,Saturday
2004-04-11,2004,15,15,2004-15,Sunday
2004-04-12,2004,16,16,2004-16,Monday
2004-04-13,2004,16,16,2004-16,Tuesday
2004-04-14,2004,16,16,2004-16,Wednesday
2004-04-15,2004,16,16,2004-16,Thursday
2004-04-16,2004,16,16,2004-16,Friday
2004-04-17,2004,16,16,2004-16,Saturday
2004-04-18,2004,16,16,2004-16,Sunday
2004-04-19,2004,17,17,2004-17,Monday
2004-04-20,2004,17,17,2004-17,Tuesday
2004-04-21,2004,17,17,2004-17,Wednesday
2004-04-22,2004,17,17,2004-17,Thursday
2004-04-23,2004,17,17,2004-17,Friday
2004-04-24,2004,17,17,2004-17,Saturday
2004-04-25,2004,17,17,2004-17,Sunday
2004-04-26,2004,18,18,2004-18,Monday
2004-04-27,2004,18,18,2004-18,Tuesday
2004-04-28,2004,18,18,2004-18,Wednesday
2004-04-29,2004,18,18,2004-18,Thursday
2004-04-30,2004,18,18,2004-18,Friday
2004-05-01,2004,18,18,2004-18,Saturday
2004-05-02,2004,18,18,2004-18,Sunday
2004-05-03,2004,19,19,2004-19,Monday
2004-05-04,2004,19,19,2004-19,Tuesday
2004-05-05,2004,19,19,2004-19,Wednesday
2004-05-06,2004,19,19,2004-19,Thursday
2004-05-07,2004,19,19,2004-19,Friday
2004-05-08,2004,19,19,2004-19,Saturday
2004-05-09,2004,19,19,2004-19,Sunday
2004-05-10,2004,20,20,2004-20,Monday
2004-05-11,2004,20,20,2004-20,Tuesday
2004-05-12,2004,20,20,2004-20,Wednesday
2004-05-13,2004,20,20,2004-20,Thursday
2004-05-14,2004,20,20,2004-20,Friday
2004-05-15,2004,20,20,2004-20,Saturday
2004-05-16,2004,20,20,2004-20,Sunday
2004-05-17,2004,21,21,2004-21,Monday
2004-05-18,2004,21,21,2004-21,Tuesday
2004-05-19,2004,21,21,2004-21,Wednesday
2004-05-20,2004,21,21,2004-21,Thursday
2004-05-21,2004,21,21,2004-21,Friday
2004-05-22,2004,21,21,2004-21,Saturday
2004-05-23,2004,21,21,2004-21,Sunday
2004-05-24,2004,22,22,2004-22,Monday
2004-05-25,2004,22,22,2004-22,Tuesday
2004-05-26,2004,22,22,2004-22,Wednesday
2004-05-27,2004,22,22,2004-22,Thursday
2004-05-28,2004,22,22,2004-22,Friday
2004-05-29,2004,22,22,2004-22,Saturday
2004-05-30,2004,22,22,2004-22,Sunday
2004-05-31,2004,23,23,2004-23,Monday
2004-06-01,2004,23,23,2004-23,Tuesday
2004-06-02,2004,23,23,2004-23,Wednesday
2004-06-03,2004,23,23,2004-23,Thursday
2004-06-04,2004,23,23,2004-23,Friday
2004-06-05,2004,23,23,2004-23,Saturday
2004-06-06,2004,23,23,2004-23,Sunday
2004-06-07,2004,24,24,2004-24,Monday
2004-06-08,2004,24,24,2004-24,Tuesday
2004-06-09,2004,24,24,2004-24,Wednesday
2004-06-10,2004,24,24,2004-24,Thursday
2004-06-11,2004,24,24,2004-24,Friday
2004-06-12,2004,24,24,2004-24,Saturday
2004-06-13,2004,24,24,2004-24,Sunday
2004-06-14,2004,25,25,2004-25,Monday
2004-06-15,2004,25,25,2004-25,Tuesday
2004-06-16,2004,25,25,2004-25,Wednesday
2004-06-17,2004,25,25,2004-25,Thursday
2004-06-18,2004,25,25,2004-25,Friday
2004-06-19,2004,25,25,2004-25,Saturday
2004-06-20,2004,25,25,2004-25,Sunday
2004-06-21,2004,26,26,2004-26,Monday
2004-06-22,2004,26,26,2004-26,Tuesday
2004-06-23,2004,26,26,2004-26,Wednesday
2004-06-24,2004,26,26,2004-26,Thursday
2004-06-25,2004,26,26,2004-26,Friday
2004-06-26,2004,26,26,2004-26,Saturday
2004-06-27,2004,26,26,2004-26,Sunday
2004-06-28,2004,27,27,2004-27,Monday
2004-06-29,2004,27,27,2004-27,Tuesday
2004-06-30,2004,27,27,2004-27,Wednesday
2004-07-01,2004,27,27,2004-27,Thursday
2004-07-02,2004,27,27,2004-27,Friday
2004-07-03,2004,27,27,2004-27,Saturday
2004-07-04,2004,27,27,2004-27,Sunday
2004-07-05,2004,28,28,2004-28,Monday
2004-07-06,2004,28,28,2004-28,Tuesday
2004-07-07,2004,28,28,2004-28,Wednesday
2004-07-08,2004,28,28,2004-28,Thursday
2004-07-09,2004,28,28,2004-28,Friday
2004-07-10,2004,28,28,2004-28,Saturday
2004-07-11,2004,28,28,2004-28,Sunday
2004-07-12,2004,29,29,2004-29,Monday
2004-07-13,2004,29,29,2004-29,Tuesday
2004-07-14,2004,29,29,2004-29,Wednesday
2004-07-15,2004,29,29,2004-29,Thursday
2004-07-16,2004,29,29,2004-29,Friday
2004-07-17,2004,29,29,2004-29,Saturday
2004-07-18,2004,29,29,2004-29,Sunday
2004-07-19,2004,30,30,2004-30,Monday
2004-07-20,2004,30,30,2004-30,Tuesday
2004-07-21,2004,30,30,2004-30,Wednesday
2004-07-22,2004,30,30,2004-30,Thursday
2004-07-23,2004,30,30,2004-30,Friday
2004-07-24,2004,30,30,2004-30,Saturday
2004-07-25,2004,30,30,2004-30,Sunday
2004-07-26,2004,31,31,2004-31,Monday
2004-07-27,2004,31,31,2004-31,Tuesday
2004-07-28,2004,31,31,2004-31,Wednesday
2004-07-29,2004,31,31,2004-31,Thursday
2004-07-30,2004,31,31,2004-31,Friday
2004-07-31,2004,31,31,2004-31,Saturday
2004-08-01,2004,31,31,2004-31,Sunday
2004-08-02,2004,32,32,2004-32,Monday
2004-08-03,2004,32,32,2004-32,Tuesday
2004-08-04,2004,32,32,2004-32,Wednesday
2004-08-05,2004,32,32,2004-32,Thursday
2004-08-06,2004,32,32,2004-32,Friday
2004-08-07,2004,32,32,2004-32,Saturday
2004-08-08,2004,32,32,2004-32,Sunday
2004-08-09,2004,33,33,2004-33,Monday
2004-08-10,2004,33,33,2004-33,Tuesday
2004-08-11,2004,33,33,2004-33,Wednesday
2004-08-12,2004,33,33,2004-33,Thursday
2004-08-13,2004,33,33,2004-33,Friday
2004-08-14,2004,33,33,2004-33,Saturday
2004-08-15,2004,33,33,2004-33,Sunday
2004-08-16,2004,34,34,2004-34,Monday
2004-08-17,2004,34,34,2004-34,Tuesday
2004-08-18,2004,34,34,2004-34,Wednesday
2004-08-19,2004,34,34,2004-34,Thursday
2004-08-20,2004,34,34,2004-34,Friday
2004-08-21,2004,34,34,2004-34,Saturday
2004-08-22,2004,34,34,2004-34,Sunday
2004-08-23,2004,35,35,2004-35,Monday
2004-08-24,2004,35,35,2004-35,Tuesday
2004-08-25,2004,35,35,2004-35,Wednesday
2004-08-26,2004,35,35,2004-35,Thursday
2004-08-27,2004,35,35,2004-35,Friday
2004-08-28,2004,35,35,2004-35,Saturday
2004-08-29,2004,35,35,2004-35,Sunday
2004-08-30,2004,36,36,2004-36,Monday
2004-08-31,2004,36,36,2004-36,Tuesday
2004-09-01,2004,36,36,2004-36,Wednesday
2004-09-02,2004,36,36,2004-36,Thursday
2004-09-03,2004,36,36,2004-36,Friday
2004-09-04,2004,36,36,2004-36,Saturday
2004-09-05,2004,36,36,2004-36,Sunday
2004-09-06,2004,37,37,2004-37,Monday
2004-09-07,2004,37,37,2004-37,Tuesday
2004-09-08,2004,37,37,2004-37,Wednesday
2004-09-09,2004,37,37,2004-37,Thursday
2004-09-10,2004,37,37,2004-37,Friday
2004-09-11,2004,37,37,2004-37,Saturday
2004-09-12,2004,37,37,2004-37,Sunday
2004-09-13,2004,38,38,2004-38,Monday
2004-09-14,2004,38,38,2004-38,Tuesday
2004-09-15,2004,38,38,2004-38,Wednesday
2004-09-16,2004,38,38,2004-38,Thursday
2004-09-17,2004,38,38,2004-38,Friday
2004-09-18,2004,38,38,2004-38,Saturday
2004-09-19,2004,38,38,2004-38,Sunday
2004-09-20,2004,39,39,2004-39,Monday
2004-09-21,2004,39,39,2004-39,Tuesday
2004-09-22,2004,39,39,2004-39,Wednesday
2004-09-23,2004,39,39,2004-39,Thursday
2004-09-24,2004,39,39,2004-39,Friday
2004-09-25,2004,39,39,2004-39,Saturday
2004-09-26,2004,39,39,2004-39,Sunday
2004-09-27,2004,40,40,2004-40,Monday
2004-09-28,2004,40,40,2004-40,Tuesday
2004-09-29,2004,40,40,2004-40,Wednesday
2004-09-30,2004,40,40,2004-40,Thursday
2004-10-01,2004,40,40,2004-40,Friday
2004-10-02,2004,40,40,2004-40,Saturday
2004-10-03,2004,40,40,2004-40,Sunday
2004-10-04,2004,41,41,2004-41,Monday
2004-10-05,2004,41,41,2004-41,Tuesday
2004-10-06,2004,41,41,2004-41,Wednesday
2004-10-07,2004,41,41,2004-41,Thursday
2004-10-08,2004,41,41,2004-41,Friday
2004-10-09,2004,41,41,2004-41,Saturday
2004-10-10,2004,41,41,2004-41,Sunday
2004-10-11,2004,42,42,2004-42,Monday
2004-10-12,2004,42,42,2004-42,Tuesday
2004-10-13,2004,42,42,2004-42,Wednesday
2004-10-14,2004,42,42,2004-42,Thursday
2004-10-15,2004,42,42,2004-42,Friday
2004-10-16,2004,42,42,2004-42,Saturday
2004-10-17,2004,42,42,2004-42,Sunday
2004-10-18,2004,43,43,2004-43,Monday
2004-10-19,2004,43,43,2004-43,Tuesday
2004-10-20,2004,43,43,2004-43,Wednesday
2004-10-21,2004,43,43,2004-43,Thursday
2004-10-22,2004,43,43,2004-43,Friday
2004-10-23,2004,43,43,2004-43,Saturday
2004-10-24,2004,43,43,2004-43,Sunday
2004-10-25,2004,44,44,2004-44,Monday
2004-10-26,2004,44,44,2004-44,Tuesday
2004-10-27,2004,44,44,2004-44,Wednesday
2004-10-28,2004,44,44,2004-44,Thursday
2004-10-29,2004,44,44,2004-44,Friday
2004-10-30,2004,44,44,2004-44,Saturday
2004-10-31,2004,44,44,2004-44,Sunday
2004-11-01,2004,45,45,2004-45,Monday
2004-11-02,2004,45,45,2004-45,Tuesday
2004-11-03,2004,45,45,2004-45,Wednesday
2004-11-04,2004,45,45,2004-45,Thursday
2004-11-05,2004,45,45,2004-45,Friday
2004-11-06,2004,45,45,2004-45,Saturday
2004-11-07,2004,45,45,2004-45,Sunday
2004-11-08,2004,46,46,2004-46,Monday
2004-11-09,2004,46,46,2004-46,Tuesday
2004-11-10,2004,46,46,2004-46,Wednesday
2004-11-11,2004,46,46,2004-46,Thursday
2004-11-12,2004,46,46,2004-46,Friday
2004-11-13,2004,46,46,2004-46,Saturday
2004-11-14,2004,46,46,2004-46,Sunday
2004-11-15,2004,47,47,2004-47,Monday
2004-11-16,2004,47,47,2004-47,Tuesday
2004-11-17,2004,47,47,2004-47,Wednesday
2004-11-18,2004,47,47,2004-47,Thursday
2004-11-19,2004,47,47,2004-47,Friday
2004-11-20,2004,47,47,2004-47,Saturday
2004-11-21,2004,47,47,2004-47,Sunday
2004-11-22,2004,48,48,2004-48,Monday
2004-11-23,2004,48,48,2004-48,Tuesday
2004-11-24,2004,48,48,2004-48,Wednesday
2004-11-25,2004,48,48,2004-48,Thursday
2004-11-26,2004,48,48,2004-48,Friday
2004-11-27,2004,48,48,2004-48,Saturday
2004-11-28,2004,48,48,2004-48,Sunday
2004-11-29,2004,49,49,2004-49,Monday
2004-11-30,2004,49,49,2004-49,Tuesday
2004-12-01,2004,49,49,2004-49,Wednesday
2004-12-02,2004,49,49,2004-49,Thursday
2004-12-03,2004,49,49,2004-49,Friday
2004-12-04,2004,49,49,2004-49,Saturday
2004-12-05,2004,49,49,2004-49,Sunday
2004-12-06,2004,50,50,2004-50,Monday
2004-12-07,2004,50,50,2004-50,Tuesday
2004-12-08,2004,50,50,2004-50,Wednesday
2004-12-09,2004,50,50,2004-50,Thursday
2004-12-10,2004,50,50,2004-50,Friday
2004-12-11,2004,50,50,2004-50,Saturday
2004-12-12,2004,50,50,2004-50,Sunday
2004-12-13,2004,51,51,2004-51,Monday
2004-12-14,2004,51,51,2004-51,Tuesday
2004-12-15,2004,51,51,2004-51,Wednesday
2004-12-16,2004,51,51,2004-51,Thursday
2004-12-17,2004,51,51,2004-51,Friday
2004-12-18,2004,51,51,2004-51,Saturday
2004-12-19,2004,51,51,2004-51,Sunday
2004-12-20,2004,52,52,2004-52,Monday
2004-12-21,2004,52,52,2004-52,Tuesday
2004-12-22,2004,52,52,2004-52,Wednesday
2004-12-23,2004,52,52,2004-52,Thursday
2004-12-24,2004,52,52,2004-52,Friday
2004-12-25,2004,52,52,2004-52,Saturday
2004-12-26,2004,52,52,2004-52,Sunday
2004-12-27,2004,53,53,2004-53,Monday
2004-12-28,2004,53,53,2004-53,Tuesday
2004-12-29,2004,53,53,2004-53,Wednesday
2004-12-30,2004,53,53,2004-53,Thursday
2004-12-31,2004,53,53,2004-53,Friday
2005-01-01,2004,53,53,2004-53,Saturday
2005-01-02,2004,53,53,2004-53,Sunday
2005-01-03,2005,1,01,2005-01,Monday
2005-01-04,2005,1,01,2005-01,Tuesday
2005-01-05,2005,1,01,2005-01,Wednesday
2005-01-06,2005,1,01,2005-01,Thursday
2005-01-07,2005,1,01,2005-01,Friday
2005-01-08,2005,1,01,2005-01,Saturday
2005-01-09,2005,1,01,2005-01,Sunday
2005-01-10,2005,2,02,2005-02,Monday
2005-01-11,2005,2,02,2005-02,Tuesday
2005-01-12,2005,2,02,2005-02,Wednesday
2005-01-13,2005,2,02,2005-02,Thursday
2005-01-14,2005,2,02,2005-02,Friday
2005-01-15,2005,2,02,2005-02,Saturday
2005-01-16,2005,2,02,2005-02,Sunday
2005-01-17,2005,3,03,2005-03,Monday
2005-01-18,2005,3,03,2005-03,Tuesday
2005-01-19,2005,3,03,2005-03,Wednesday
2005-01-20,2005,3,03,2005-03,Thursday
2005-01-21,2005,3,03,2005-03,Friday
2005-01-22,2005,3,03,2005-03,Saturday
2005-01-23,2005,3,03,2005-03,Sunday
2005-01-24,2005,4,04,2005-04,Monday
2005-01-25,2005,4,04,2005-04,Tuesday
2005-01-26,2005,4,04,2005-04,Wednesday
2005-01-27,2005,4,04,2005-04,Thursday
2005-01-28,2005,4,04,2005-04,Friday
2005-01-29,2005,4,04,2005-04,Saturday
2005-01-30,2005,4,04,2005-04,Sunday
2005-01-31,2005,5,05,2005-05,Monday
2005-02-01,2005,5,05,2005-05,Tuesday
2005-02-02,2005,5,05,2005-05,Wednesday
2005-02-03,2005,5,05,2005-05,Thursday
2005-02-04,2005,5,05,2005-05,Friday
2005-02-05,2005,5,05,2005-05,Saturday
2005-02-06,2005,5,05,2005-05,Sunday
2005-02-07,2005,6,06,2005-06,Monday
2005-02-08,2005,6,06,2005-06,Tuesday
2005-02-09,2005,6,06,2005-06,Wednesday
2005-02-10,2005,6,06,2005-06,Thursday
2005-02-11,2005,6,06,2005-06,Friday
2005-02-12,2005,6,06,2005-06,Saturday
2005-02-13,2005,6,06,2005-06,Sunday
2005-02-14,2005,7,07,2005-07,Monday
2005-02-15,2005,7,07,2005-07,Tuesday
2005-02-16,2005,7,07,2005-07,Wednesday
2005-02-17,2005,7,07,2005-07,Thursday
2005-02-18,2005,7,07,2005-07,Friday
2005-02-19,2005,7,07,2005-07,Saturday
2005-02-20,2005,7,07,2005-07,Sunday
2005-02-21,2005,8,08,2005-08,Monday
2005-02-22,2005,8,08,2005-08,Tuesday
2005-02-23,2005,8,08,2005-08,Wednesday
2005-02-24,2005,8,08,2005-08,Thursday
2005-02-25,2005,8,08,2005-08,Friday
2005-02-26,2005,8,08,2005-08,Saturday
2005-02-27,2005,8,08,2005-08,Sunday
2005-02-28,2005,9,09,2005-09,Monday
2005-03-01,2005,9,09,2005-09,Tuesday
2005-03-02,2005,9,09,2005-09,Wednesday
2005-03-03,2005,9,09,2005-09,Thursday
2005-03-04,2005,9,09,2005-09,Friday
2005-03-05,2005,9,09,2005-09,Saturday
2005-03-06,2005,9,09,2005-09,Sunday
2005-03-07,2005,10,10,2005-10,Monday
2005-03-08,2005,10,10,2005-10,Tuesday
2005-03-09,2005,10,10,2005-10,Wednesday
2005-03-10,2005,10,10,2005-10,Thursday
2005-03-11,2005,10,10,2005-10,Friday
2005-03-12,2005,10,10,2005-10,Saturday
2005-03-13,2005,10,10,2005-10,Sunday
2005-03-14,2005,11,11,2005-11,Monday
2005-03-15,2005,11,11,2005-11,Tuesday
2005-03-16,2005,11,11,2005-11,Wednesday
2005-03-17,2005,11,11,2005-11,Thursday
2005-03-18,2005,11,11,2005-11,Friday
2005-03-19,2005,11,11,2005-11,Saturday
2005-03-20,2005,11,11,2005-11,Sunday
2005-03-21,2005,12,12,2005-12,Monday
2005-03-22,2005,12,12,2005-12,Tuesday
2005-03-23,2005,12,12,2005-12,Wednesday
2005-03-24,2005,12,12,2005-12,Thursday
2005-03-25,2005,12,12,2005-12,Friday
2005-03-26,2005,12,12,2005-12,Saturday
2005-03-27,2005,12,12,2005-12,Sunday
2005-03-28,2005,13,13,2005-13,Monday
2005-03-29,2005,13,13,2005-13,Tuesday
2005-03-30,2005,13,13,2005-13,Wednesday
2005-03-31,2005,13,13,2005-13,Thursday
2005-04-01,2005,13,13,2005-13,Friday
2005-04-02,2005,13,13,2005-13,Saturday
2005-04-03,2005,13,13,2005-13,Sunday
2005-04-04,2005,14,14,2005-14,Monday
2005-04-05,2005,14,14,2005-14,Tuesday
2005-04-06,2005,14,14,2005-14,Wednesday
2005-04-07,2005,14,14,2005-14,Thursday
2005-04-08,2005,14,14,2005-14,Friday
2005-04-09,2005,14,14,2005-14,Saturday
2005-04-10,2005,14,14,2005-14,Sunday
2005-04-11,2005,15,15,2005-15,Monday
2005-04-12,2005,15,15,2005-15,Tuesday
2005-04-13,2005,15,15,2005-15,Wednesday
2005-04-14,2005,15,15,2005-15,Thursday
2005-04-15,2005,15,15,2005-15,Friday
2005-04-16,2005,15,15,2005-15,Saturday
2005-04-17,2005,15,15,2005-15,Sunday
2005-04-18,2005,16,16,2005-16,Monday
2005-04-19,2005,16,16,2005-16,Tuesday
2005-04-20,2005,16,16,2005-16,Wednesday
2005-04-21,2005,16,16,2005-16,Thursday
2005-04-22,2005,16,16,2005-16,Friday
2005-04-23,2005,16,16,2005-16,Saturday
2005-04-24,2005,16,16,2005-16,Sunday
2005-04-25,2005,17,17,2005-17,Monday
2005-04-26,2005,17,17,2005-17,Tuesday
2005-04-27,2005,17,17,2005-17,Wednesday
2005-04-28,2005,17,17,2005-17,Thursday
2005-04-29,2005,17,17,2005-17,Friday
2005-04-30,2005,17,17,2005-17,Saturday
2005-05-01,2005,17,17,2005-17,Sunday
2005-05-02,2005,18,18,2005-18,Monday
2005-05-03,2005,18,18,2005-18,Tuesday
2005-05-04,2005,18,18,2005-18,Wednesday
2005-05-05,2005,18,18,2005-18,Thursday
2005-05-06,2005,18,18,2005-18,Friday
2005-05-07,2005,18,18,2005-18,Saturday
2005-05-08,2005,18,18,2005-18,Sunday
2005-05-09,2005,19,19,2005-19,Monday
2005-05-10,2005,19,19,2005-19,Tuesday
2005-05-11,2005,19,19,2005-19,Wednesday
2005-05-12,2005,19,19,2005-19,Thursday
2005-05-13,2005,19,19,2005-19,Friday
2005-05-14,2005,19,19,2005-19,Saturday
2005-05-15,2005,19,19,2005-19,Sunday
2005-05-16,2005,20,20,2005-20,Monday
2005-05-17,2005,20,20,2005-20,Tuesday
2005-05-18,2005,20,20,2005-20,Wednesday
2005-05-19,2005,20,20,2005-20,Thursday
2005-05-20,2005,20,20,2005-20,Friday
2005-05-21,2005,20,20,2005-20,Saturday
2005-05-22,2005,20,20,2005-20,Sunday
2005-05-23,2005,21,21,2005-21,Monday
2005-05-24,2005,21,21,2005-21,Tuesday
2005-05-25,2005,21,21,2005-21,Wednesday
2005-05-26,2005,21,21,2005-21,Thursday
2005-05-27,2005,21,21,2005-21,Friday
2005-05-28,2005,21,21,2005-21,Saturday
2005-05-29,2005,21,21,2005-21,Sunday
2005-05-30,2005,22,22,2005-22,Monday
2005-05-31,2005,22,22,2005-22,Tuesday
2005-06-01,2005,22,22,2005-22,Wednesday
2005-06-02,2005,22,22,2005-22,Thursday
2005-06-03,2005,22,22,2005-22,Friday
2005-06-04,2005,22,22,2005-22,Saturday
2005-06-05,2005,22,22,2005-22,Sunday
2005-06-06,2005,23,23,2005-23,Monday
2005-06-07,2005,23,23,2005-23,Tuesday
2005-06-08,2005,23,23,2005-23,Wednesday
2005-06-09,2005,23,23,2005-23,Thursday
2005-06-10,2005,23,23,2005-23,Friday
2005-06-11,2005,23,23,2005-23,Saturday
2005-06-12,2005,23,23,2005-23,Sunday
2005-06-13,2005,24,24,2005-24,Monday
2005-06-14,2005,24,24,2005-24,Tuesday
2005-06-15,2005,24,24,2005-24,Wednesday
2005-06-16,2005,24,24,2005-24,Thursday
2005-06-17,2005,24,24,2005-24,Friday
2005-06-18,2005,24,24,2005-24,Saturday
2005-06-19,2005,24,24,2005-24,Sunday
2005-06-20,2005,25,25,2005-25,Monday
2005-06-21,2005,25,25,2005-25,Tuesday
2005-06-22,2005,25,25,2005-25,Wednesday
2005-06-23,2005,25,25,2005-25,Thursday
2005-06-24,2005,25,25,2005-25,Friday
2005-06-25,2005,25,25,2005-25,Saturday
2005-06-26,2005,25,25,2005-25,Sunday
2005-06-27,2005,26,26,2005-26,Monday
2005-06-28,2005,26,26,2005-26,Tuesday
2005-06-29,2005,26,26,2005-26,Wednesday
2005-06-30,2005,26,26,2005-26,Thursday
2005-07-01,2005,26,26,2005-26,Friday
2005-07-02,2005,26,26,2005-26,Saturday
2005-07-03,2005,26,26,2005-26,Sunday
2005-07-04,2005,27,27,2005-27,Monday
2005-07-05,2005,27,27,2005-27,Tuesday
2005-07-06,2005,27,27,2005-27,Wednesday
2005-07-07,2005,27,27,2005-27,Thursday
2005-07-08,2005,27,27,2005-27,Friday
2005-07-09,2005,27,27,2005-27,Saturday
2005-07-10,2005,27,27,2005-27,Sunday
2005-07-11,2005,28,28,2005-28,Monday
2005-07-12,2005,28,28,2005-28,Tuesday
2005-07-13,2005,28,28,2005-28,Wednesday
2005-07-14,2005,28,28,2005-28,Thursday
2005-07-15,2005,28,28,2005-28,Friday
2005-07-16,2005,28,28,2005-28,Saturday
2005-07-17,2005,28,28,2005-28,Sunday
2005-07-18,2005,29,29,2005-29,Monday
2005-07-19,2005,29,29,2005-29,Tuesday
2005-07-20,2005,29,29,2005-29,Wednesday
2005-07-21,2005,29,29,2005-29,Thursday
2005-07-22,2005,29,29,2005-29,Friday
2005-07-23,2005,29,29,2005-29,Saturday
2005-07-24,2005,29,29,2005-29,Sunday
2005-07-25,2005,30,30,2005-30,Monday
2005-07-26,2005,30,30,2005-30,Tuesday
2005-07-27,2005,30,30,2005-30,Wednesday
2005-07-28,2005,30,30,2005-30,Thursday
2005-07-29,2005,30,30,2005-30,Friday
2005-07-30,2005,30,30,2005-30,Saturday
2005-07-31,2005,30,30,2005-30,Sunday
2005-08-01,2005,31,31,2005-31,Monday
2005-08-02,2005,31,31,2005-31,Tuesday
2005-08-03,2005,31,31,2005-31,Wednesday
2005-08-04,2005,31,31,2005-31,Thursday
2005-08-05,2005,31,31,2005-31,Friday
2005-08-06,2005,31,31,2005-31,Saturday
2005-08-07,2005,31,31,2005-31,Sunday
2005-08-08,2005,32,32,2005-32,Monday
2005-08-09,2005,32,32,2005-32,Tuesday
2005-08-10,2005,32,32,2005-32,Wednesday
2005-08-11,2005,32,32,2005-32,Thursday
2005-08-12,2005,32,32,2005-32,Friday
2005-08-13,2005,32,32,2005-32,Saturday
2005-08-14,2005,32,32,2005-32,Sunday
2005-08-15,2005,33,33,2005-33,Monday
2005-08-16,2005,33,33,2005-33,Tuesday
2005-08-17,2005,33,33,2005-33,Wednesday
2005-08-18,2005,33,33,2005-33,Thursday
2005-08-19,2005,33,33,2005-33,Friday
2005-08-20,2005,33,33,2005-33,Saturday
2005-08-21,2005,33,33,2005-33,Sunday
2005-08-22,2005,34,34,2005-34,Monday
2005-08-23,2005,34,34,2005-34,Tuesday
2005-08-24,2005,34,34,2005-34,Wednesday
2005-08-25,2005,34,34,2005-34,Thursday
2005-08-26,2005,34,34,2005-34,Friday
2005-08-27,2005,34,34,2005-34,Saturday
2005-08-28,2005,34,34,2005-34,Sunday
2005-08-29,2005,35,35,2005-35,Monday
2005-08-30,2005,35,35,2005-35,Tuesday
2005-08-31,2005,35,35,2005-35,Wednesday
2005-09-01,2005,35,35,2005-35,Thursday
2005-09-02,2005,35,35,2005-35,Friday
2005-09-03,2005,35,35,2005-35,Saturday
2005-09-04,2005,35,35,2005-35,Sunday
2005-09-05,2005,36,36,2005-36,Monday
2005-09-06,2005,36,36,2005-36,Tuesday
2005-09-07,2005,36,36,2005-36,Wednesday
2005-09-08,2005,36,36,2005-36,Thursday
2005-09-09,2005,36,36,2005-36,Friday
2005-09-10,2005,36,36,2005-36,Saturday
2005-09-11,2005,36,36,2005-36,Sunday
2005-09-12,2005,37,37,2005-37,Monday
2005-09-13,2005,37,37,2005-37,Tuesday
2005-09-14,2005,37,37,2005-37,Wednesday
2005-09-15,2005,37,37,2005-37,Thursday
2005-09-16,2005,37,37,2005-37,Friday
2005-09-17,2005,37,37,2005-37,Saturday
2005-09-18,2005,37,37,2005-37,Sunday
2005-09-19,2005,38,38,2005-38,Monday
2005-09-20,2005,38,38,2005-38,Tuesday
2005-09-21,2005,38,38,2005-38,Wednesday
2005-09-22,2005,38,38,2005-38,Thursday
2005-09-23,2005,38,38,2005-38,Friday
2005-09-24,2005,38,38,2005-38,Saturday
2005-09-25,2005,38,38,2005-38,Sunday
2005-09-26,2005,39,39,2005-39,Monday
2005-09-27,2005,39,39,2005-39,Tuesday
2005-09-28,2005,39,39,2005-39,Wednesday
2005-09-29,2005,39,39,2005-39,Thursday
2005-09-30,2005,39,39,2005-39,Friday
2005-10-01,2005,39,39,2005-39,Saturday
2005-10-02,2005,39,39,2005-39,Sunday
2005-10-03,2005,40,40,2005-40,Monday
2005-10-04,2005,40,40,2005-40,Tuesday
2005-10-05,2005,40,40,2005-40,Wednesday
2005-10-06,2005,40,40,2005-40,Thursday
2005-10-07,2005,40,40,2005-40,Friday
2005-10-08,2005,40,40,2005-40,Saturday
2005-10-09,2005,40,40,2005-40,Sunday
2005-10-10,2005,41,41,2005-41,Monday
2005-10-11,2005,41,41,2005-41,Tuesday
2005-10-12,2005,41,41,2005-41,Wednesday
2005-10-13,2005,41,41,2005-41,Thursday
2005-10-14,2005,41,41,2005-41,Friday
2005-10-15,2005,41,41,2005-41,Saturday
2005-10-16,2005,41,41,2005-41,Sunday
2005-10-17,2005,42,42,2005-42,Monday
2005-10-18,2005,42,42,2005-42,Tuesday
2005-10-19,2005,42,42,2005-42,Wednesday
2005-10-20,2005,42,42,2005-42,Thursday
2005-10-21,2005,42,42,2005-42,Friday
2005-10-22,2005,42,42,2005-42,Saturday
2005-10-23,2005,42,42,2005-42,Sunday
2005-10-24,2005,43,43,2005-43,Monday
2005-10-25,2005,43,43,2005-43,Tuesday
2005-10-26,2005,43,43,2005-43,Wednesday
2005-10-27,2005,43,43,2005-43,Thursday
2005-10-28,2005,43,43,2005-43,Friday
2005-10-29,2005,43,43,2005-43,Saturday
2005-10-30,2005,43,43,2005-43,Sunday
2005-10-31,2005,44,44,2005-44,Monday
2005-11-01,2005,44,44,2005-44,Tuesday
2005-11-02,2005,44,44,2005-44,Wednesday
2005-11-03,2005,44,44,2005-44,Thursday
2005-11-04,2005,44,44,2005-44,Friday
2005-11-05,2005,44,44,2005-44,Saturday
2005-11-06,2005,44,44,2005-44,Sunday
2005-11-07,2005,45,45,2005-45,Monday
2005-11-08,2005,45,45,2005-45,Tuesday
2005-11-09,2005,45,45,2005-45,Wednesday
2005-11-10,2005,45,45,2005-45,Thursday
2005-11-11,2005,45,45,2005-45,Friday
2005-11-12,2005,45,45,2005-45,Saturday
2005-11-13,2005,45,45,2005-45,Sunday
2005-11-14,2005,46,46,2005-46,Monday
2005-11-15,2005,46,46,2005-46,Tuesday
2005-11-16,2005,46,46,2005-46,Wednesday
2005-11-17,2005,46,46,2005-46,Thursday
2005-11-18,2005,46,46,2005-46,Friday
2005-11-19,2005,46,46,2005-46,Saturday
2005-11-20,2005,46,46,2005-46,Sunday
2005-11-21,2005,47,47,2005-47,Monday
2005-11-22,2005,47,47,2005-47,Tuesday
2005-11-23,2005,47,47,2005-47,Wednesday
2005-11-24,2005,47,47,2005-47,Thursday
2005-11-25,2005,47,47,2005-47,Friday
2005-11-26,2005,47,47,2005-47,Saturday
2005-11-27,2005,47,47,2005-47,Sunday
2005-11-28,2005,48,48,2005-48,Monday
2005-11-29,2005,48,48,2005-48,Tuesday
2005-11-30,2005,48,48,2005-48,Wednesday
2005-12-01,2005,48,48,2005-48,Thursday
2005-12-02,2005,48,48,2005-48,Friday
2005-12-03,2005,48,48,2005-48,Saturday
2005-12-04,2005,48,48,2005-48,Sunday
2005-12-05,2005,49,49,2005-49,Monday
2005-12-06,2005,49,49,2005-49,Tuesday
2005-12-07,2005,49,49,2005-49,Wednesday
2005-12-08,2005,49,49,2005-49,Thursday
2005-12-09,2005,49,49,2005-49,Friday
2005-12-10,2005,49,49,2005-49,Saturday
2005-12-11,2005,49,49,2005-49,Sunday
2005-12-12,2005,50,50,2005-50,Monday
2005-12-13,2005,50,50,2005-50,Tuesday
2005-12-14,2005,50,50,2005-50,Wednesday
2005-12-15,2005,50,50,2005-50,Thursday
2005-12-16,2005,50,50,2005-50,Friday
2005-12-17,2005,50,50,2005-50,Saturday
2005-12-18,2005,50,50,2005-50,Sunday
2005-12-19,2005,51,51,2005-51,Monday
2005-12-20,2005,51,51,2005-51,Tuesday
2005-12-21,2005,51,51,2005-51,Wednesday
2005-12-22,2005,51,51,2005-51,Thursday
2005-12-23,2005,51,51,2005-51,Friday
2005-12-24,2005,51,51,2005-51,Saturday
2005-12-25,2005,51,51,2005-51,Sunday
2005-12-26,2005,52,52,2005-52,Monday
2005-12-27,2005,52,52,2005-52,Tuesday
2005-12-28,2005,52,52,2005-52,Wednesday
2005-12-29,2005,52,52,2005-52,Thursday
2005-12-30,2005,52,52,2005-52,Friday
2005-12-31,2005,52,52,2005-52,Saturday
2006-01-01,2005,52,52,2005-52,Sunday
2006-01-02,2006,1,01,2006-01,Monday
2006-01-03,2006,1,01,2006-01,Tuesday
2006-01-04,2006,1,01,2006-01,Wednesday
2006-01-05,2006,1,01,2006-01,Thursday
2006-01-06,2006,1,01,2006-01,Friday
2006-01-07,2006,1,01,2006-01,Saturday
2006-01-08,2006,1,01,2006-01,Sunday
2006-01-09,2006,2,02,2006-02,Monday
2006-01-10,2006,2,02,2006-02,Tuesday
2006-01-11,2006,2,02,2006-02,Wednesday
2006-01-12,2006,2,02,2006-02,Thursday
2006-01-13,2006,2,02,2006-02,Friday
2006-01-14,2006,2,02,2006-02,Saturday
2006-01-15,2006,2,02,2006-02,Sunday
2006-01-16,2006,3,03,2006-03,Monday
2006-01-17,2006,3,03,2006-03,Tuesday
2006-01-18,2006,3,03,2006-03,Wednesday
2006-01-19,2006,3,03,2006-03,Thursday
2006-01-20,2006,3,03,2006-03,Friday
2006-01-21,2006,3,03,2006-03,Saturday
2006-01-22,2006,3,03,2006-03,Sunday
2006-01-23,2006,4,04,2006-04,Monday
2006-01-24,2006,4,04,2006-04,Tuesday
2006-01-25,2006,4,04,2006-04,Wednesday
2006-01-26,2006,4,04,2006-04,Thursday
2006-01-27,2006,4,04,2006-04,Friday
2006-01-28,2006,4,04,2006-04,Saturday
2006-01-29,2006,4,04,2006-04,Sunday
2006-01-30,2006,5,05,2006-05,Monday
2006-01-31,2006,5,05,2006-05,Tuesday
2006-02-01,2006,5,05,2006-05,Wednesday
2006-02-02,2006,5,05,2006-05,Thursday
2006-02-03,2006,5,05,2006-05,Friday
2006-02-04,2006,5,05,2006-05,Saturday
2006-02-05,2006,5,05,2006-05,Sunday
2006-02-06,2006,6,06,2006-06,Monday
2006-02-07,2006,6,06,2006-06,Tuesday
2006-02-08,2006,6,06,2006-06,Wednesday
2006-02-09,2006,6,06,2006-06,Thursday
2006-02-10,2006,6,06,2006-06,Friday
2006-02-11,2006,6,06,2006-06,Saturday
2006-02-12,2006,6,06,2006-06,Sunday
2006-02-13,2006,7,07,2006-07,Monday
2006-02-14,2006,7,07,2006-07,Tuesday
2006-02-15,2006,7,07,2006-07,Wednesday
2006-02-16,2006,7,07,2006-07,Thursday
2006-02-17,2006,7,07,2006-07,Friday
2006-02-18,2006,7,07,2006-07,Saturday
2006-02-19,2006,7,07,2006-07,Sunday
2006-02-20,2006,8,08,2006-08,Monday
2006-02-21,2006,8,08,2006-08,Tuesday
2006-02-22,2006,8,08,2006-08,Wednesday
2006-02-23,2006,8,08,2006-08,Thursday
2006-02-24,2006,8,08,2006-08,Friday
2006-02-25,2006,8,08,2006-08,Saturday
2006-02-26,2006,8,08,2006-08,Sunday
2006-02-27,2006,9,09,2006-09,Monday
2006-02-28,2006,9,09,2006-09,Tuesday
2006-03-01,2006,9,09,2006-09,Wednesday
2006-03-02,2006,9,09,2006-09,Thursday
2006-03-03,2006,9,09,2006-09,Friday
2006-03-04,2006,9,09,2006-09,Saturday
2006-03-05,2006,9,09,2006-09,Sunday
2006-03-06,2006,10,10,2006-10,Monday
2006-03-07,2006,10,10,2006-10,Tuesday
2006-03-08,2006,10,10,2006-10,Wednesday
2006-03-09,2006,10,10,2006-10,Thursday
2006-03-10,2006,10,10,2006-10,Friday
2006-03-11,2006,10,10,2006-10,Saturday
2006-03-12,2006,10,10,2006-10,Sunday
2006-03-13,2006,11,11,2006-11,Monday
2006-03-14,2006,11,11,2006-11,Tuesday
2006-03-15,2006,11,11,2006-11,Wednesday
2006-03-16,2006,11,11,2006-11,Thursday
2006-03-17,2006,11,11,2006-11,Friday
2006-03-18,2006,11,11,2006-11,Saturday
2006-03-19,2006,11,11,2006-11,Sunday
2006-03-20,2006,12,12,2006-12,Monday
2006-03-21,2006,12,12,2006-12,Tuesday
2006-03-22,2006,12,12,2006-12,Wednesday
2006-03-23,2006,12,12,2006-12,Thursday
2006-03-24,2006,12,12,2006-12,Friday
2006-03-25,2006,12,12,2006-12,Saturday
2006-03-26,2006,12,12,2006-12,Sunday
2006-03-27,2006,13,13,2006-13,Monday
2006-03-28,2006,13,13,2006-13,Tuesday
2006-03-29,2006,13,13,2006-13,Wednesday
2006-03-30,2006,13,13,2006-13,Thursday
2006-03-31,2006,13,13,2006-13,Friday
2006-04-01,2006,13,13,2006-13,Saturday
2006-04-02,2006,13,13,2006-13,Sunday
2006-04-03,2006,14,14,2006-14,Monday
2006-04-04,2006,14,14,2006-14,Tuesday
2006-04-05,2006,14,14,2006-14,Wednesday
2006-04-06,2006,14,14,2006-14,Thursday
2006-04-07,2006,14,14,2006-14,Friday
2006-04-08,2006,14,14,2006-14,Saturday
2006-04-09,2006,14,14,2006-14,Sunday
2006-04-10,2006,15,15,2006-15,Monday
2006-04-11,2006,15,15,2006-15,Tuesday
2006-04-12,2006,15,15,2006-15,Wednesday
2006-04-13,2006,15,15,2006-15,Thursday
2006-04-14,2006,15,15,2006-15,Friday
2006-04-15,2006,15,15,2006-15,Saturday
2006-04-16,2006,15,15,2006-15,Sunday
2006-04-17,2006,16,16,2006-16,Monday
2006-04-18,2006,16,16,2006-16,Tuesday
2006-04-19,2006,16,16,2006-16,Wednesday
2006-04-20,2006,16,16,2006-16,Thursday
2006-04-21,2006,16,16,2006-16,Friday
2006-04-22,2006,16,16,2006-16,Saturday
2006-04-23,2006,16,16,2006-16,Sunday
2006-04-24,2006,17,17,2006-17,Monday
2006-04-25,2006,17,17,2006-17,Tuesday
2006-04-26,2006,17,17,2006-17,Wednesday
2006-04-27,2006,17,17,2006-17,Thursday
2006-04-28,2006,17,17,2006-17,Friday
2006-04-29,2006,17,17,2006-17,Saturday
2006-04-30,2006,17,17,2006-17,Sunday
2006-05-01,2006,18,18,2006-18,Monday
2006-05-02,2006,18,18,2006-18,Tuesday
2006-05-03,2006,18,18,2006-18,Wednesday
2006-05-04,2006,18,18,2006-18,Thursday
2006-05-05,2006,18,18,2006-18,Friday
2006-05-06,2006,18,18,2006-18,Saturday
2006-05-07,2006,18,18,2006-18,Sunday
2006-05-08,2006,19,19,2006-19,Monday
2006-05-09,2006,19,19,2006-19,Tuesday
2006-05-10,2006,19,19,2006-19,Wednesday
2006-05-11,2006,19,19,2006-19,Thursday
2006-05-12,2006,19,19,2006-19,Friday
2006-05-13,2006,19,19,2006-19,Saturday
2006-05-14,2006,19,19,2006-19,Sunday
2006-05-15,2006,20,20,2006-20,Monday
2006-05-16,2006,20,20,2006-20,Tuesday
2006-05-17,2006,20,20,2006-20,Wednesday
2006-05-18,2006,20,20,2006-20,Thursday
2006-05-19,2006,20,20,2006-20,Friday
2006-05-20,2006,20,20,2006-20,Saturday
2006-05-21,2006,20,20,2006-20,Sunday
2006-05-22,2006,21,21,2006-21,Monday
2006-05-23,2006,21,21,2006-21,Tuesday
2006-05-24,2006,21,21,2006-21,Wednesday
2006-05-25,2006,21,21,2006-21,Thursday
2006-05-26,2006,21,21,2006-21,Friday
2006-05-27,2006,21,21,2006-21,Saturday
2006-05-28,2006,21,21,2006-21,Sunday
2006-05-29,2006,22,22,2006-22,Monday
2006-05-30,2006,22,22,2006-22,Tuesday
2006-05-31,2006,22,22,2006-22,Wednesday
2006-06-01,2006,22,22,2006-22,Thursday
2006-06-02,2006,22,22,2006-22,Friday
2006-06-03,2006,22,22,2006-22,Saturday
2006-06-04,2006,22,22,2006-22,Sunday
2006-06-05,2006,23,23,2006-23,Monday
2006-06-06,2006,23,23,2006-23,Tuesday
2006-06-07,2006,23,23,2006-23,Wednesday
2006-06-08,2006,23,23,2006-23,Thursday
2006-06-09,2006,23,23,2006-23,Friday
2006-06-10,2006,23,23,2006-23,Saturday
2006-06-11,2006,23,23,2006-23,Sunday
2006-06-12,2006,24,24,2006-24,Monday
2006-06-13,2006,24,24,2006-24,Tuesday
2006-06-14,2006,24,24,2006-24,Wednesday
2006-06-15,2006,24,24,2006-24,Thursday
2006-06-16,2006,24,24,2006-24,Friday
2006-06-17,2006,24,24,2006-24,Saturday
2006-06-18,2006,24,24,2006-24,Sunday
2006-06-19,2006,25,25,2006-25,Monday
2006-06-20,2006,25,25,2006-25,Tuesday
2006-06-21,2006,25,25,2006-25,Wednesday
2006-06-22,2006,25,25,2006-25,Thursday
2006-06-23,2006,25,25,2006-25,Friday
2006-06-24,2006,25,25,2006-25,Saturday
2006-06-25,2006,25,25,2006-25,Sunday
2006-06-26,2006,26,26,2006-26,Monday
2006-06-27,2006,26,26,2006-26,Tuesday
2006-06-28,2006,26,26,2006-26,Wednesday
2006-06-29,2006,26,26,2006-26,Thursday
2006-06-30,2006,26,26,2006-26,Friday
2006-07-01,2006,26,26,2006-26,Saturday
2006-07-02,2006,26,26,2006-26,Sunday
2006-07-03,2006,27,27,2006-27,Monday
2006-07-04,2006,27,27,2006-27,Tuesday
2006-07-05,2006,27,27,2006-27,Wednesday
2006-07-06,2006,27,27,2006-27,Thursday
2006-07-07,2006,27,27,2006-27,Friday
2006-07-08,2006,27,27,2006-27,Saturday
2006-07-09,2006,27,27,2006-27,Sunday
2006-07-10,2006,28,28,2006-28,Monday
2006-07-11,2006,28,28,2006-28,Tuesday
2006-07-12,2006,28,28,2006-28,Wednesday
2006-07-13,2006,28,28,2006-28,Thursday
2006-07-14,2006,28,28,2006-28,Friday
2006-07-15,2006,28,28,2006-28,Saturday
2006-07-16,2006,28,28,2006-28,Sunday
2006-07-17,2006,29,29,2006-29,Monday
2006-07-18,2006,29,29,2006-29,Tuesday
2006-07-19,2006,29,29,2006-29,Wednesday
2006-07-20,2006,29,29,2006-29,Thursday
2006-07-21,2006,29,29,2006-29,Friday
2006-07-22,2006,29,29,2006-29,Saturday
2006-07-23,2006,29,29,2006-29,Sunday
2006-07-24,2006,30,30,2006-30,Monday
2006-07-25,2006,30,30,2006-30,Tuesday
2006-07-26,2006,30,30,2006-30,Wednesday
2006-07-27,2006,30,30,2006-30,Thursday
2006-07-28,2006,30,30,2006-30,Friday
2006-07-29,2006,30,30,2006-30,Saturday
2006-07-30,2006,30,30,2006-30,Sunday
2006-07-31,2006,31,31,2006-31,Monday
2006-08-01,2006,31,31,2006-31,Tuesday
2006-08-02,2006,31,31,2006-31,Wednesday
2006-08-03,2006,31,31,2006-31,Thursday
2006-08-04,2006,31,31,2006-31,Friday
2006-08-05,2006,31,31,2006-31,Saturday
2006-08-06,2006,31,31,2006-31,Sunday
2006-08-07,2006,32,32,2006-32,Monday
2006-08-08,2006,32,32,2006-32,Tuesday
2006-08-09,2006,32,32,2006-32,Wednesday
2006-08-10,2006,32,32,2006-32,Thursday
2006-08-11,2006,32,32,2006-32,Friday
2006-08-12,2006,32,32,2006-32,Saturday
2006-08-13,2006,32,32,2006-32,Sunday
2006-08-14,2006,33,33,2006-33,Monday
2006-08-15,2006,33,33,2006-33,Tuesday
2006-08-16,2006,33,33,2006-33,Wednesday
2006-08-17,2006,33,33,2006-33,Thursday
2006-08-18,2006,33,33,2006-33,Friday
2006-08-19,2006,33,33,2006-33,Saturday
2006-08-20,2006,33,33,2006-33,Sunday
2006-08-21,2006,34,34,2006-34,Monday
2006-08-22,2006,34,34,2006-34,Tuesday
2006-08-23,2006,34,34,2006-34,Wednesday
2006-08-24,2006,34,34,2006-34,Thursday
2006-08-25,2006,34,34,2006-34,Friday
2006-08-26,2006,34,34,2006-34,Saturday
2006-08-27,2006,34,34,2006-34,Sunday
2006-08-28,2006,35,35,2006-35,Monday
2006-08-29,2006,35,35,2006-35,Tuesday
2006-08-30,2006,35,35,2006-35,Wednesday
2006-08-31,2006,35,35,2006-35,Thursday
2006-09-01,2006,35,35,2006-35,Friday
2006-09-02,2006,35,35,2006-35,Saturday
2006-09-03,2006,35,35,2006-35,Sunday
2006-09-04,2006,36,36,2006-36,Monday
2006-09-05,2006,36,36,2006-36,Tuesday
2006-09-06,2006,36,36,2006-36,Wednesday
2006-09-07,2006,36,36,2006-36,Thursday
2006-09-08,2006,36,36,2006-36,Friday
2006-09-09,2006,36,36,2006-36,Saturday
2006-09-10,2006,36,36,2006-36,Sunday
2006-09-11,2006,37,37,2006-37,Monday
2006-09-12,2006,37,37,2006-37,Tuesday
2006-09-13,2006,37,37,2006-37,Wednesday
2006-09-14,2006,37,37,2006-37,Thursday
2006-09-15,2006,37,37,2006-37,Friday
2006-09-16,2006,37,37,2006-37,Saturday
2006-09-17,2006,37,37,2006-37,Sunday
2006-09-18,2006,38,38,2006-38,Monday
2006-09-19,2006,38,38,2006-38,Tuesday
2006-09-20,2006,38,38,2006-38,Wednesday
2006-09-21,2006,38,38,2006-38,Thursday
2006-09-22,2006,38,38,2006-38,Friday
2006-09-23,2006,38,38,2006-38,Saturday
2006-09-24,2006,38,38,2006-38,Sunday
2006-09-25,2006,39,39,2006-39,Monday
2006-09-26,2006,39,39,2006-39,Tuesday
2006-09-27,2006,39,39,2006-39,Wednesday
2006-09-28,2006,39,39,2006-39,Thursday
2006-09-29,2006,39,39,2006-39,Friday
2006-09-30,2006,39,39,2006-39,Saturday
2006-10-01,2006,39,39,2006-39,Sunday
2006-10-02,2006,40,40,2006-40,Monday
2006-10-03,2006,40,40,2006-40,Tuesday
2006-10-04,2006,40,40,2006-40,Wednesday
2006-10-05,2006,40,40,2006-40,Thursday
2006-10-06,2006,40,40,2006-40,Friday
2006-10-07,2006,40,40,2006-40,Saturday
2006-10-08,2006,40,40,2006-40,Sunday
2006-10-09,2006,41,41,2006-41,Monday
2006-10-10,2006,41,41,2006-41,Tuesday
2006-10-11,2006,41,41,2006-41,Wednesday
2006-10-12,2006,41,41,2006-41,Thursday
2006-10-13,2006,41,41,2006-41,Friday
2006-10-14,2006,41,41,2006-41,Saturday
2006-10-15,2006,41,41,2006-41,Sunday
2006-10-16,2006,42,42,2006-42,Monday
2006-10-17,2006,42,42,2006-42,Tuesday
2006-10-18,2006,42,42,2006-42,Wednesday
2006-10-19,2006,42,42,2006-42,Thursday
2006-10-20,2006,42,42,2006-42,Friday
2006-10-21,2006,42,42,2006-42,Saturday
2006-10-22,2006,42,42,2006-42,Sunday
2006-10-23,2006,43,43,2006-43,Monday
2006-10-24,2006,43,43,2006-43,Tuesday
2006-10-25,2006,43,43,2006-43,Wednesday
2006-10-26,2006,43,43,2006-43,Thursday
2006-10-27,2006,43,43,2006-43,Friday
2006-10-28,2006,43,43,2006-43,Saturday
2006-10-29,2006,43,43,2006-43,Sunday
2006-10-30,2006,44,44,2006-44,Monday
2006-10-31,2006,44,44,2006-44,Tuesday
2006-11-01,2006,44,44,2006-44,Wednesday
2006-11-02,2006,44,44,2006-44,Thursday
2006-11-03,2006,44,44,2006-44,Friday
2006-11-04,2006,44,44,2006-44,Saturday
2006-11-05,2006,44,44,2006-44,Sunday
2006-11-06,2006,45,45,2006-45,Monday
2006-11-07,2006,45,45,2006-45,Tuesday
2006-11-08,2006,45,45,2006-45,Wednesday
2006-11-09,2006,45,45,2006-45,Thursday
2006-11-10,2006,45,45,2006-45,Friday
2006-11-11,2006,45,45,2006-45,Saturday
2006-11-12,2006,45,45,2006-45,Sunday
2006-11-13,2006,46,46,2006-46,Monday
2006-11-14,2006,46,46,2006-46,Tuesday
2006-11-15,2006,46,46,2006-46,Wednesday
2006-11-16,2006,46,46,2006-46,Thursday
2006-11-17,2006,46,46,2006-46,Friday
2006-11-18,2006,46,46,2006-46,Saturday
2006-11-19,2006,46,46,2006-46,Sunday
2006-11-20,2006,47,47,2006-47,Monday
2006-11-21,2006,47,47,2006-47,Tuesday
2006-11-22,2006,47,47,2006-47,Wednesday
2006-11-23,2006,47,47,2006-47,Thursday
2006-11-24,2006,47,47,2006-47,Friday
2006-11-25,2006,47,47,2006-47,Saturday
2006-11-26,2006,47,47,2006-47,Sunday
2006-11-27,2006,48,48,2006-48,Monday
2006-11-28,2006,48,48,2006-48,Tuesday
2006-11-29,2006,48,48,2006-48,Wednesday
2006-11-30,2006,48,48,2006-48,Thursday
2006-12-01,2006,48,48,2006-48,Friday
2006-12-02,2006,48,48,2006-48,Saturday
2006-12-03,2006,48,48,2006-48,Sunday
2006-12-04,2006,49,49,2006-49,Monday
2006-12-05,2006,49,49,2006-49,Tuesday
2006-12-06,2006,49,49,2006-49,Wednesday
2006-12-07,2006,49,49,2006-49,Thursday
2006-12-08,2006,49,49,2006-49,Friday
2006-12-09,2006,49,49,2006-49,Saturday
2006-12-10,2006,49,49,2006-49,Sunday
2006-12-11,2006,50,50,2006-50,Monday
2006-12-12,2006,50,50,2006-50,Tuesday
2006-12-13,2006,50,50,2006-50,Wednesday
2006-12-14,2006,50,50,2006-50,Thursday
2006-12-15,2006,50,50,2006-50,Friday
2006-12-16,2006,50,50,2006-50,Saturday
2006-12-17,2006,50,50,2006-50,Sunday
2006-12-18,2006,51,51,2006-51,Monday
2006-12-19,2006,51,51,2006-51,Tuesday
2006-12-20,2006,51,51,2006-51,Wednesday
2006-12-21,2006,51,51,2006-51,Thursday
2006-12-22,2006,51,51,2006-51,Friday
2006-12-23,2006,51,51,2006-51,Saturday
2006-12-24,2006,51,51,2006-51,Sunday
2006-12-25,2006,52,52,2006-52,Monday
2006-12-26,2006,52,52,2006-52,Tuesday
2006-12-27,2006,52,52,2006-52,Wednesday
2006-12-28,2006,52,52,2006-52,Thursday
2006-12-29,2006,52,52,2006-52,Friday
2006-12-30,2006,52,52,2006-52,Saturday
2006-12-31,2006,52,52,2006-52,Sunday
2007-01-01,2007,1,01,2007-01,Monday
2007-01-02,2007,1,01,2007-01,Tuesday
2007-01-03,2007,1,01,2007-01,Wednesday
2007-01-04,2007,1,01,2007-01,Thursday
2007-01-05,2007,1,01,2007-01,Friday
2007-01-06,2007,1,01,2007-01,Saturday
2007-01-07,2007,1,01,2007-01,Sunday
2007-01-08,2007,2,02,2007-02,Monday
2007-01-09,2007,2,02,2007-02,Tuesday
2007-01-10,2007,2,02,2007-02,Wednesday
2007-01-11,2007,2,02,2007-02,Thursday
2007-01-12,2007,2,02,2007-02,Friday
2007-01-13,2007,2,02,2007-02,Saturday
2007-01-14,2007,2,02,2007-02,Sunday
2007-01-15,2007,3,03,2007-03,Monday
2007-01-16,2007,3,03,2007-03,Tuesday
2007-01-17,2007,3,03,2007-03,Wednesday
2007-01-18,2007,3,03,2007-03,Thursday
2007-01-19,2007,3,03,2007-03,Friday
2007-01-20,2007,3,03,2007-03,Saturday
2007-01-21,2007,3,03,2007-03,Sunday
2007-01-22,2007,4,04,2007-04,Monday
2007-01-23,2007,4,04,2007-04,Tuesday
2007-01-24,2007,4,04,2007-04,Wednesday
2007-01-25,2007,4,04,2007-04,Thursday
2007-01-26,2007,4,04,2007-04,Friday
2007-01-27,2007,4,04,2007-04,Saturday
2007-01-28,2007,4,04,2007-04,Sunday
2007-01-29,2007,5,05,2007-05,Monday
2007-01-30,2007,5,05,2007-05,Tuesday
2007-01-31,2007,5,05,2007-05,Wednesday
2007-02-01,2007,5,05,2007-05,Thursday
2007-02-02,2007,5,05,2007-05,Friday
2007-02-03,2007,5,05,2007-05,Saturday
2007-02-04,2007,5,05,2007-05,Sunday
2007-02-05,2007,6,06,2007-06,Monday
2007-02-06,2007,6,06,2007-06,Tuesday
2007-02-07,2007,6,06,2007-06,Wednesday
2007-02-08,2007,6,06,2007-06,Thursday
2007-02-09,2007,6,06,2007-06,Friday
2007-02-10,2007,6,06,2007-06,Saturday
2007-02-11,2007,6,06,2007-06,Sunday
2007-02-12,2007,7,07,2007-07,Monday
2007-02-13,2007,7,07,2007-07,Tuesday
2007-02-14,2007,7,07,2007-07,Wednesday
2007-02-15,2007,7,07,2007-07,Thursday
2007-02-16,2007,7,07,2007-07,Friday
2007-02-17,2007,7,07,2007-07,Saturday
2007-02-18,2007,7,07,2007-07,Sunday
2007-02-19,2007,8,08,2007-08,Monday
2007-02-20,2007,8,08,2007-08,Tuesday
2007-02-21,2007,8,08,2007-08,Wednesday
2007-02-22,2007,8,08,2007-08,Thursday
2007-02-23,2007,8,08,2007-08,Friday
2007-02-24,2007,8,08,2007-08,Saturday
2007-02-25,2007,8,08,2007-08,Sunday
2007-02-26,2007,9,09,2007-09,Monday
2007-02-27,2007,9,09,2007-09,Tuesday
2007-02-28,2007,9,09,2007-09,Wednesday
2007-03-01,2007,9,09,2007-09,Thursday
2007-03-02,2007,9,09,2007-09,Friday
2007-03-03,2007,9,09,2007-09,Saturday
2007-03-04,2007,9,09,2007-09,Sunday
2007-03-05,2007,10,10,2007-10,Monday
2007-03-06,2007,10,10,2007-10,Tuesday
2007-03-07,2007,10,10,2007-10,Wednesday
2007-03-08,2007,10,10,2007-10,Thursday
2007-03-09,2007,10,10,2007-10,Friday
2007-03-10,2007,10,10,2007-10,Saturday
2007-03-11,2007,10,10,2007-10,Sunday
2007-03-12,2007,11,11,2007-11,Monday
2007-03-13,2007,11,11,2007-11,Tuesday
2007-03-14,2007,11,11,2007-11,Wednesday
2007-03-15,2007,11,11,2007-11,Thursday
2007-03-16,2007,11,11,2007-11,Friday
2007-03-17,2007,11,11,2007-11,Saturday
2007-03-18,2007,11,11,2007-11,Sunday
2007-03-19,2007,12,12,2007-12,Monday
2007-03-20,2007,12,12,2007-12,Tuesday
2007-03-21,2007,12,12,2007-12,Wednesday
2007-03-22,2007,12,12,2007-12,Thursday
2007-03-23,2007,12,12,2007-12,Friday
2007-03-24,2007,12,12,2007-12,Saturday
2007-03-25,2007,12,12,2007-12,Sunday
2007-03-26,2007,13,13,2007-13,Monday
2007-03-27,2007,13,13,2007-13,Tuesday
2007-03-28,2007,13,13,2007-13,Wednesday
2007-03-29,2007,13,13,2007-13,Thursday
2007-03-30,2007,13,13,2007-13,Friday
2007-03-31,2007,13,13,2007-13,Saturday
2007-04-01,2007,13,13,2007-13,Sunday
2007-04-02,2007,14,14,2007-14,Monday
2007-04-03,2007,14,14,2007-14,Tuesday
2007-04-04,2007,14,14,2007-14,Wednesday
2007-04-05,2007,14,14,2007-14,Thursday
2007-04-06,2007,14,14,2007-14,Friday
2007-04-07,2007,14,14,2007-14,Saturday
2007-04-08,2007,14,14,2007-14,Sunday
2007-04-09,2007,15,15,2007-15,Monday
2007-04-10,2007,15,15,2007-15,Tuesday
2007-04-11,2007,15,15,2007-15,Wednesday
2007-04-12,2007,15,15,2007-15,Thursday
2007-04-13,2007,15,15,2007-15,Friday
2007-04-14,2007,15,15,2007-15,Saturday
2007-04-15,2007,15,15,2007-15,Sunday
2007-04-16,2007,16,16,2007-16,Monday
2007-04-17,2007,16,16,2007-16,Tuesday
2007-04-18,2007,16,16,2007-16,Wednesday
2007-04-19,2007,16,16,2007-16,Thursday
2007-04-20,2007,16,16,2007-16,Friday
2007-04-21,2007,16,16,2007-16,Saturday
2007-04-22,2007,16,16,2007-16,Sunday
2007-04-23,2007,17,17,2007-17,Monday
2007-04-24,2007,17,17,2007-17,Tuesday
2007-04-25,2007,17,17,2007-17,Wednesday
2007-04-26,2007,17,17,2007-17,Thursday
2007-04-27,2007,17,17,2007-17,Friday
2007-04-28,2007,17,17,2007-17,Saturday
2007-04-29,2007,17,17,2007-17,Sunday
2007-04-30,2007,18,18,2007-18,Monday
2007-05-01,2007,18,18,2007-18,Tuesday
2007-05-02,2007,18,18,2007-18,Wednesday
2007-05-03,2007,18,18,2007-18,Thursday
2007-05-04,2007,18,18,2007-18,Friday
2007-05-05,2007,18,18,2007-18,Saturday
2007-05-06,2007,18,18,2007-18,Sunday
2007-05-07,2007,19,19,2007-19,Monday
2007-05-08,2007,19,19,2007-19,Tuesday
2007-05-09,2007,19,19,2007-19,Wednesday
2007-05-10,2007,19,19,2007-19,Thursday
2007-05-11,2007,19,19,2007-19,Friday
2007-05-12,2007,19,19,2007-19,Saturday
2007-05-13,2007,19,19,2007-19,Sunday
2007-05-14,2007,20,20,2007-20,Monday
2007-05-15,2007,20,20,2007-20,Tuesday
2007-05-16,2007,20,20,2007-20,Wednesday
2007-05-17,2007,20,20,2007-20,Thursday
2007-05-18,2007,20,20,2007-20,Friday
2007-05-19,2007,20,20,2007-20,Saturday
2007-05-20,2007,20,20,2007-20,Sunday
2007-05-21,2007,21,21,2007-21,Monday
2007-05-22,2007,21,21,2007-21,Tuesday
2007-05-23,2007,21,21,2007-21,Wednesday
2007-05-24,2007,21,21,2007-21,Thursday
2007-05-25,2007,21,21,2007-21,Friday
2007-05-26,2007,21,21,2007-21,Saturday
2007-05-27,2007,21,21,2007-21,Sunday
2007-05-28,2007,22,22,2007-22,Monday
2007-05-29,2007,22,22,2007-22,Tuesday
2007-05-30,2007,22,22,2007-22,Wednesday
2007-05-31,2007,22,22,2007-22,Thursday
2007-06-01,2007,22,22,2007-22,Friday
2007-06-02,2007,22,22,2007-22,Saturday
2007-06-03,2007,22,22,2007-22,Sunday
2007-06-04,2007,23,23,2007-23,Monday
2007-06-05,2007,23,23,2007-23,Tuesday
2007-06-06,2007,23,23,2007-23,Wednesday
2007-06-07,2007,23,23,2007-23,Thursday
2007-06-08,2007,23,23,2007-23,Friday
2007-06-09,2007,23,23,2007-23,Saturday
2007-06-10,2007,23,23,2007-23,Sunday
2007-06-11,2007,24,24,2007-24,Monday
2007-06-12,2007,24,24,2007-24,Tuesday
2007-06-13,2007,24,24,2007-24,Wednesday
2007-06-14,2007,24,24,2007-24,Thursday
2007-06-15,2007,24,24,2007-24,Friday
2007-06-16,2007,24,24,2007-24,Saturday
2007-06-17,2007,24,24,2007-24,Sunday
2007-06-18,2007,25,25,2007-25,Monday
2007-06-19,2007,25,25,2007-25,Tuesday
2007-06-20,2007,25,25,2007-25,Wednesday
2007-06-21,2007,25,25,2007-25,Thursday
2007-06-22,2007,25,25,2007-25,Friday
2007-06-23,2007,25,25,2007-25,Saturday
2007-06-24,2007,25,25,2007-25,Sunday
2007-06-25,2007,26,26,2007-26,Monday
2007-06-26,2007,26,26,2007-26,Tuesday
2007-06-27,2007,26,26,2007-26,Wednesday
2007-06-28,2007,26,26,2007-26,Thursday
2007-06-29,2007,26,26,2007-26,Friday
2007-06-30,2007,26,26,2007-26,Saturday
2007-07-01,2007,26,26,2007-26,Sunday
2007-07-02,2007,27,27,2007-27,Monday
2007-07-03,2007,27,27,2007-27,Tuesday
2007-07-04,2007,27,27,2007-27,Wednesday
2007-07-05,2007,27,27,2007-27,Thursday
2007-07-06,2007,27,27,2007-27,Friday
2007-07-07,2007,27,27,2007-27,Saturday
2007-07-08,2007,27,27,2007-27,Sunday
2007-07-09,2007,28,28,2007-28,Monday
2007-07-10,2007,28,28,2007-28,Tuesday
2007-07-11,2007,28,28,2007-28,Wednesday
2007-07-12,2007,28,28,2007-28,Thursday
2007-07-13,2007,28,28,2007-28,Friday
2007-07-14,2007,28,28,2007-28,Saturday
2007-07-15,2007,28,28,2007-28,Sunday
2007-07-16,2007,29,29,2007-29,Monday
2007-07-17,2007,29,29,2007-29,Tuesday
2007-07-18,2007,29,29,2007-29,Wednesday
2007-07-19,2007,29,29,2007-29,Thursday
2007-07-20,2007,29,29,2007-29,Friday
2007-07-21,2007,29,29,2007-29,Saturday
2007-07-22,2007,29,29,2007-29,Sunday
2007-07-23,2007,30,30,2007-30,Monday
2007-07-24,2007,30,30,2007-30,Tuesday
2007-07-25,2007,30,30,2007-30,Wednesday
2007-07-26,2007,30,30,2007-30,Thursday
2007-07-27,2007,30,30,2007-30,Friday
2007-07-28,2007,30,30,2007-30,Saturday
2007-07-29,2007,30,30,2007-30,Sunday
2007-07-30,2007,31,31,2007-31,Monday
2007-07-31,2007,31,31,2007-31,Tuesday
2007-08-01,2007,31,31,2007-31,Wednesday
2007-08-02,2007,31,31,2007-31,Thursday
2007-08-03,2007,31,31,2007-31,Friday
2007-08-04,2007,31,31,2007-31,Saturday
2007-08-05,2007,31,31,2007-31,Sunday
2007-08-06,2007,32,32,2007-32,Monday
2007-08-07,2007,32,32,2007-32,Tuesday
2007-08-08,2007,32,32,2007-32,Wednesday
2007-08-09,2007,32,32,2007-32,Thursday
2007-08-10,2007,32,32,2007-32,Friday
2007-08-11,2007,32,32,2007-32,Saturday
2007-08-12,2007,32,32,2007-32,Sunday
2007-08-13,2007,33,33,2007-33,Monday
2007-08-14,2007,33,33,2007-33,Tuesday
2007-08-15,2007,33,33,2007-33,Wednesday
2007-08-16,2007,33,33,2007-33,Thursday
2007-08-17,2007,33,33,2007-33,Friday
2007-08-18,2007,33,33,2007-33,Saturday
2007-08-19,2007,33,33,2007-33,Sunday
2007-08-20,2007,34,34,2007-34,Monday
2007-08-21,2007,34,34,2007-34,Tuesday
2007-08-22,2007,34,34,2007-34,Wednesday
2007-08-23,2007,34,34,2007-34,Thursday
2007-08-24,2007,34,34,2007-34,Friday
2007-08-25,2007,34,34,2007-34,Saturday
2007-08-26,2007,34,34,2007-34,Sunday
2007-08-27,2007,35,35,2007-35,Monday
2007-08-28,2007,35,35,2007-35,Tuesday
2007-08-29,2007,35,35,2007-35,Wednesday
2007-08-30,2007,35,35,2007-35,Thursday
2007-08-31,2007,35,35,2007-35,Friday
2007-09-01,2007,35,35,2007-35,Saturday
2007-09-02,2007,35,35,2007-35,Sunday
2007-09-03,2007,36,36,2007-36,Monday
2007-09-04,2007,36,36,2007-36,Tuesday
2007-09-05,2007,36,36,2007-36,Wednesday
2007-09-06,2007,36,36,2007-36,Thursday
2007-09-07,2007,36,36,2007-36,Friday
2007-09-08,2007,36,36,2007-36,Saturday
2007-09-09,2007,36,36,2007-36,Sunday
2007-09-10,2007,37,37,2007-37,Monday
2007-09-11,2007,37,37,2007-37,Tuesday
2007-09-12,2007,37,37,2007-37,Wednesday
2007-09-13,2007,37,37,2007-37,Thursday
2007-09-14,2007,37,37,2007-37,Friday
2007-09-15,2007,37,37,2007-37,Saturday
2007-09-16,2007,37,37,2007-37,Sunday
2007-09-17,2007,38,38,2007-38,Monday
2007-09-18,2007,38,38,2007-38,Tuesday
2007-09-19,2007,38,38,2007-38,Wednesday
2007-09-20,2007,38,38,2007-38,Thursday
2007-09-21,2007,38,38,2007-38,Friday
2007-09-22,2007,38,38,2007-38,Saturday
2007-09-23,2007,38,38,2007-38,Sunday
2007-09-24,2007,39,39,2007-39,Monday
2007-09-25,2007,39,39,2007-39,Tuesday
2007-09-26,2007,39,39,2007-39,Wednesday
2007-09-27,2007,39,39,2007-39,Thursday
2007-09-28,2007,39,39,2007-39,Friday
2007-09-29,2007,39,39,2007-39,Saturday
2007-09-30,2007,39,39,2007-39,Sunday
2007-10-01,2007,40,40,2007-40,Monday
2007-10-02,2007,40,40,2007-40,Tuesday
2007-10-03,2007,40,40,2007-40,Wednesday
2007-10-04,2007,40,40,2007-40,Thursday
2007-10-05,2007,40,40,2007-40,Friday
2007-10-06,2007,40,40,2007-40,Saturday
2007-10-07,2007,40,40,2007-40,Sunday
2007-10-08,2007,41,41,2007-41,Monday
2007-10-09,2007,41,41,2007-41,Tuesday
2007-10-10,2007,41,41,2007-41,Wednesday
2007-10-11,2007,41,41,2007-41,Thursday
2007-10-12,2007,41,41,2007-41,Friday
2007-10-13,2007,41,41,2007-41,Saturday
2007-10-14,2007,41,41,2007-41,Sunday
2007-10-15,2007,42,42,2007-42,Monday
2007-10-16,2007,42,42,2007-42,Tuesday
2007-10-17,2007,42,42,2007-42,Wednesday
2007-10-18,2007,42,42,2007-42,Thursday
2007-10-19,2007,42,42,2007-42,Friday
2007-10-20,2007,42,42,2007-42,Saturday
2007-10-21,2007,42,42,2007-42,Sunday
2007-10-22,2007,43,43,2007-43,Monday
2007-10-23,2007,43,43,2007-43,Tuesday
2007-10-24,2007,43,43,2007-43,Wednesday
2007-10-25,2007,43,43,2007-43,Thursday
2007-10-26,2007,43,43,2007-43,Friday
2007-10-27,2007,43,43,2007-43,Saturday
2007-10-28,2007,43,43,2007-43,Sunday
2007-10-29,2007,44,44,2007-44,Monday
2007-10-30,2007,44,44,2007-44,Tuesday
2007-10-31,2007,44,44,2007-44,Wednesday
2007-11-01,2007,44,44,2007-44,Thursday
2007-11-02,2007,44,44,2007-44,Friday
2007-11-03,2007,44,44,2007-44,Saturday
2007-11-04,2007,44,44,2007-44,Sunday
2007-11-05,2007,45,45,2007-45,Monday
2007-11-06,2007,45,45,2007-45,Tuesday
2007-11-07,2007,45,45,2007-45,Wednesday
2007-11-08,2007,45,45,2007-45,Thursday
2007-11-09,2007,45,45,2007-45,Friday
2007-11-10,2007,45,45,2007-45,Saturday
2007-11-11,2007,45,45,2007-45,Sunday
2007-11-12,2007,46,46,2007-46,Monday
2007-11-13,2007,46,46,2007-46,Tuesday
2007-11-14,2007,46,46,2007-46,Wednesday
2007-11-15,2007,46,46,2007-46,Thursday
2007-11-16,2007,46,46,2007-46,Friday
2007-11-17,2007,46,46,2007-46,Saturday
2007-11-18,2007,46,46,2007-46,Sunday
2007-11-19,2007,47,47,2007-47,Monday
2007-11-20,2007,47,47,2007-47,Tuesday
2007-11-21,2007,47,47,2007-47,Wednesday
2007-11-22,2007,47,47,2007-47,Thursday
2007-11-23,2007,47,47,2007-47,Friday
2007-11-24,2007,47,47,2007-47,Saturday
2007-11-25,2007,47,47,2007-47,Sunday
2007-11-26,2007,48,48,2007-48,Monday
2007-11-27,2007,48,48,2007-48,Tuesday
2007-11-28,2007,48,48,2007-48,Wednesday
2007-11-29,2007,48,48,2007-48,Thursday
2007-11-30,2007,48,48,2007-48,Friday
2007-12-01,2007,48,48,2007-48,Saturday
2007-12-02,2007,48,48,2007-48,Sunday
2007-12-03,2007,49,49,2007-49,Monday
2007-12-04,2007,49,49,2007-49,Tuesday
2007-12-05,2007,49,49,2007-49,Wednesday
2007-12-06,2007,49,49,2007-49,Thursday
2007-12-07,2007,49,49,2007-49,Friday
2007-12-08,2007,49,49,2007-49,Saturday
2007-12-09,2007,49,49,2007-49,Sunday
2007-12-10,2007,50,50,2007-50,Monday
2007-12-11,2007,50,50,2007-50,Tuesday
2007-12-12,2007,50,50,2007-50,Wednesday
2007-12-13,2007,50,50,2007-50,Thursday
2007-12-14,2007,50,50,2007-50,Friday
2007-12-15,2007,50,50,2007-50,Saturday
2007-12-16,2007,50,50,2007-50,Sunday
2007-12-17,2007,51,51,2007-51,Monday
2007-12-18,2007,51,51,2007-51,Tuesday
2007-12-19,2007,51,51,2007-51,Wednesday
2007-12-20,2007,51,51,2007-51,Thursday
2007-12-21,2007,51,51,2007-51,Friday
2007-12-22,2007,51,51,2007-51,Saturday
2007-12-23,2007,51,51,2007-51,Sunday
2007-12-24,2007,52,52,2007-52,Monday
2007-12-25,2007,52,52,2007-52,Tuesday
2007-12-26,2007,52,52,2007-52,Wednesday
2007-12-27,2007,52,52,2007-52,Thursday
2007-12-28,2007,52,52,2007-52,Friday
2007-12-29,2007,52,52,2007-52,Saturday
2007-12-30,2007,52,52,2007-52,Sunday
2007-12-31,2008,1,01,2008-01,Monday
2008-01-01,2008,1,01,2008-01,Tuesday
2008-01-02,2008,1,01,2008-01,Wednesday
2008-01-03,2008,1,01,2008-01,Thursday
2008-01-04,2008,1,01,2008-01,Friday
2008-01-05,2008,1,01,2008-01,Saturday
2008-01-06,2008,1,01,2008-01,Sunday
2008-01-07,2008,2,02,2008-02,Monday
2008-01-08,2008,2,02,2008-02,Tuesday
2008-01-09,2008,2,02,2008-02,Wednesday
2008-01-10,2008,2,02,2008-02,Thursday
2008-01-11,2008,2,02,2008-02,Friday
2008-01-12,2008,2,02,2008-02,Saturday
2008-01-13,2008,2,02,2008-02,Sunday
2008-01-14,2008,3,03,2008-03,Monday
2008-01-15,2008,3,03,2008-03,Tuesday
2008-01-16,2008,3,03,2008-03,Wednesday
2008-01-17,2008,3,03,2008-03,Thursday
2008-01-18,2008,3,03,2008-03,Friday
2008-01-19,2008,3,03,2008-03,Saturday
2008-01-20,2008,3,03,2008-03,Sunday
2008-01-21,2008,4,04,2008-04,Monday
2008-01-22,2008,4,04,2008-04,Tuesday
2008-01-23,2008,4,04,2008-04,Wednesday
2008-01-24,2008,4,04,2008-04,Thursday
2008-01-25,2008,4,04,2008-04,Friday
2008-01-26,2008,4,04,2008-04,Saturday
2008-01-27,2008,4,04,2008-04,Sunday
2008-01-28,2008,5,05,2008-05,Monday
2008-01-29,2008,5,05,2008-05,Tuesday
2008-01-30,2008,5,05,2008-05,Wednesday
2008-01-31,2008,5,05,2008-05,Thursday
2008-02-01,2008,5,05,2008-05,Friday
2008-02-02,2008,5,05,2008-05,Saturday
2008-02-03,2008,5,05,2008-05,Sunday
2008-02-04,2008,6,06,2008-06,Monday
2008-02-05,2008,6,06,2008-06,Tuesday
2008-02-06,2008,6,06,2008-06,Wednesday
2008-02-07,2008,6,06,2008-06,Thursday
2008-02-08,2008,6,06,2008-06,Friday
2008-02-09,2008,6,06,2008-06,Saturday
2008-02-10,2008,6,06,2008-06,Sunday
2008-02-11,2008,7,07,2008-07,Monday
2008-02-12,2008,7,07,2008-07,Tuesday
2008-02-13,2008,7,07,2008-07,Wednesday
2008-02-14,2008,7,07,2008-07,Thursday
2008-02-15,2008,7,07,2008-07,Friday
2008-02-16,2008,7,07,2008-07,Saturday
2008-02-17,2008,7,07,2008-07,Sunday
2008-02-18,2008,8,08,2008-08,Monday
2008-02-19,2008,8,08,2008-08,Tuesday
2008-02-20,2008,8,08,2008-08,Wednesday
2008-02-21,2008,8,08,2008-08,Thursday
2008-02-22,2008,8,08,2008-08,Friday
2008-02-23,2008,8,08,2008-08,Saturday
2008-02-24,2008,8,08,2008-08,Sunday
2008-02-25,2008,9,09,2008-09,Monday
2008-02-26,2008,9,09,2008-09,Tuesday
2008-02-27,2008,9,09,2008-09,Wednesday
2008-02-28,2008,9,09,2008-09,Thursday
2008-02-29,2008,9,09,2008-09,Friday
2008-03-01,2008,9,09,2008-09,Saturday
2008-03-02,2008,9,09,2008-09,Sunday
2008-03-03,2008,10,10,2008-10,Monday
2008-03-04,2008,10,10,2008-10,Tuesday
2008-03-05,2008,10,10,2008-10,Wednesday
2008-03-06,2008,10,10,2008-10,Thursday
2008-03-07,2008,10,10,2008-10,Friday
2008-03-08,2008,10,10,2008-10,Saturday
2008-03-09,2008,10,10,2008-10,Sunday
2008-03-10,2008,11,11,2008-11,Monday
2008-03-11,2008,11,11,2008-11,Tuesday
2008-03-12,2008,11,11,2008-11,Wednesday
2008-03-13,2008,11,11,2008-11,Thursday
2008-03-14,2008,11,11,2008-11,Friday
2008-03-15,2008,11,11,2008-11,Saturday
2008-03-16,2008,11,11,2008-11,Sunday
2008-03-17,2008,12,12,2008-12,Monday
2008-03-18,2008,12,12,2008-12,Tuesday
2008-03-19,2008,12,12,2008-12,Wednesday
2008-03-20,2008,12,12,2008-12,Thursday
2008-03-21,2008,12,12,2008-12,Friday
2008-03-22,2008,12,12,2008-12,Saturday
2008-03-23,2008,12,12,2008-12,Sunday
2008-03-24,2008,13,13,2008-13,Monday
2008-03-25,2008,13,13,2008-13,Tuesday
2008-03-26,2008,13,13,2008-13,Wednesday
2008-03-27,2008,13,13,2008-13,Thursday
2008-03-28,2008,13,13,2008-13,Friday
2008-03-29,2008,13,13,2008-13,Saturday
2008-03-30,2008,13,13,2008-13,Sunday
2008-03-31,2008,14,14,2008-14,Monday
2008-04-01,2008,14,14,2008-14,Tuesday
2008-04-02,2008,14,14,2008-14,Wednesday
2008-04-03,2008,14,14,2008-14,Thursday
2008-04-04,2008,14,14,2008-14,Friday
2008-04-05,2008,14,14,2008-14,Saturday
2008-04-06,2008,14,14,2008-14,Sunday
2008-04-07,2008,15,15,2008-15,Monday
2008-04-08,2008,15,15,2008-15,Tuesday
2008-04-09,2008,15,15,2008-15,Wednesday
2008-04-10,2008,15,15,2008-15,Thursday
2008-04-11,2008,15,15,2008-15,Friday
2008-04-12,2008,15,15,2008-15,Saturday
2008-04-13,2008,15,15,2008-15,Sunday
2008-04-14,2008,16,16,2008-16,Monday
2008-04-15,2008,16,16,2008-16,Tuesday
2008-04-16,2008,16,16,2008-16,Wednesday
2008-04-17,2008,16,16,2008-16,Thursday
2008-04-18,2008,16,16,2008-16,Friday
2008-04-19,2008,16,16,2008-16,Saturday
2008-04-20,2008,16,16,2008-16,Sunday
2008-04-21,2008,17,17,2008-17,Monday
2008-04-22,2008,17,17,2008-17,Tuesday
2008-04-23,2008,17,17,2008-17,Wednesday
2008-04-24,2008,17,17,2008-17,Thursday
2008-04-25,2008,17,17,2008-17,Friday
2008-04-26,2008,17,17,2008-17,Saturday
2008-04-27,2008,17,17,2008-17,Sunday
2008-04-28,2008,18,18,2008-18,Monday
2008-04-29,2008,18,18,2008-18,Tuesday
2008-04-30,2008,18,18,2008-18,Wednesday
2008-05-01,2008,18,18,2008-18,Thursday
2008-05-02,2008,18,18,2008-18,Friday
2008-05-03,2008,18,18,2008-18,Saturday
2008-05-04,2008,18,18,2008-18,Sunday
2008-05-05,2008,19,19,2008-19,Monday
2008-05-06,2008,19,19,2008-19,Tuesday
2008-05-07,2008,19,19,2008-19,Wednesday
2008-05-08,2008,19,19,2008-19,Thursday
2008-05-09,2008,19,19,2008-19,Friday
2008-05-10,2008,19,19,2008-19,Saturday
2008-05-11,2008,19,19,2008-19,Sunday
2008-05-12,2008,20,20,2008-20,Monday
2008-05-13,2008,20,20,2008-20,Tuesday
2008-05-14,2008,20,20,2008-20,Wednesday
2008-05-15,2008,20,20,2008-20,Thursday
2008-05-16,2008,20,20,2008-20,Friday
2008-05-17,2008,20,20,2008-20,Saturday
2008-05-18,2008,20,20,2008-20,Sunday
2008-05-19,2008,21,21,2008-21,Monday
2008-05-20,2008,21,21,2008-21,Tuesday
2008-05-21,2008,21,21,2008-21,Wednesday
2008-05-22,2008,21,21,2008-21,Thursday
2008-05-23,2008,21,21,2008-21,Friday
2008-05-24,2008,21,21,2008-21,Saturday
2008-05-25,2008,21,21,2008-21,Sunday
2008-05-26,2008,22,22,2008-22,Monday
2008-05-27,2008,22,22,2008-22,Tuesday
2008-05-28,2008,22,22,2008-22,Wednesday
2008-05-29,2008,22,22,2008-22,Thursday
2008-05-30,2008,22,22,2008-22,Friday
2008-05-31,2008,22,22,2008-22,Saturday
2008-06-01,2008,22,22,2008-22,Sunday
2008-06-02,2008,23,23,2008-23,Monday
2008-06-03,2008,23,23,2008-23,Tuesday
2008-06-04,2008,23,23,2008-23,Wednesday
2008-06-05,2008,23,23,2008-23,Thursday
2008-06-06,2008,23,23,2008-23,Friday
2008-06-07,2008,23,23,2008-23,Saturday
2008-06-08,2008,23,23,2008-23,Sunday
2008-06-09,2008,24,24,2008-24,Monday
2008-06-10,2008,24,24,2008-24,Tuesday
2008-06-11,2008,24,24,2008-24,Wednesday
2008-06-12,2008,24,24,2008-24,Thursday
2008-06-13,2008,24,24,2008-24,Friday
2008-06-14,2008,24,24,2008-24,Saturday
2008-06-15,2008,24,24,2008-24,Sunday
2008-06-16,2008,25,25,2008-25,Monday
2008-06-17,2008,25,25,2008-25,Tuesday
2008-06-18,2008,25,25,2008-25,Wednesday
2008-06-19,2008,25,25,2008-25,Thursday
2008-06-20,2008,25,25,2008-25,Friday
2008-06-21,2008,25,25,2008-25,Saturday
2008-06-22,2008,25,25,2008-25,Sunday
2008-06-23,2008,26,26,2008-26,Monday
2008-06-24,2008,26,26,2008-26,Tuesday
2008-06-25,2008,26,26,2008-26,Wednesday
2008-06-26,2008,26,26,2008-26,Thursday
2008-06-27,2008,26,26,2008-26,Friday
2008-06-28,2008,26,26,2008-26,Saturday
2008-06-29,2008,26,26,2008-26,Sunday
2008-06-30,2008,27,27,2008-27,Monday
2008-07-01,2008,27,27,2008-27,Tuesday
2008-07-02,2008,27,27,2008-27,Wednesday
2008-07-03,2008,27,27,2008-27,Thursday
2008-07-04,2008,27,27,2008-27,Friday
2008-07-05,2008,27,27,2008-27,Saturday
2008-07-06,2008,27,27,2008-27,Sunday
2008-07-07,2008,28,28,2008-28,Monday
2008-07-08,2008,28,28,2008-28,Tuesday
2008-07-09,2008,28,28,2008-28,Wednesday
2008-07-10,2008,28,28,2008-28,Thursday
2008-07-11,2008,28,28,2008-28,Friday
2008-07-12,2008,28,28,2008-28,Saturday
2008-07-13,2008,28,28,2008-28,Sunday
2008-07-14,2008,29,29,2008-29,Monday
2008-07-15,2008,29,29,2008-29,Tuesday
2008-07-16,2008,29,29,2008-29,Wednesday
2008-07-17,2008,29,29,2008-29,Thursday
2008-07-18,2008,29,29,2008-29,Friday
2008-07-19,2008,29,29,2008-29,Saturday
2008-07-20,2008,29,29,2008-29,Sunday
2008-07-21,2008,30,30,2008-30,Monday
2008-07-22,2008,30,30,2008-30,Tuesday
2008-07-23,2008,30,30,2008-30,Wednesday
2008-07-24,2008,30,30,2008-30,Thursday
2008-07-25,2008,30,30,2008-30,Friday
2008-07-26,2008,30,30,2008-30,Saturday
2008-07-27,2008,30,30,2008-30,Sunday
2008-07-28,2008,31,31,2008-31,Monday
2008-07-29,2008,31,31,2008-31,Tuesday
2008-07-30,2008,31,31,2008-31,Wednesday
2008-07-31,2008,31,31,2008-31,Thursday
2008-08-01,2008,31,31,2008-31,Friday
2008-08-02,2008,31,31,2008-31,Saturday
2008-08-03,2008,31,31,2008-31,Sunday
2008-08-04,2008,32,32,2008-32,Monday
2008-08-05,2008,32,32,2008-32,Tuesday
2008-08-06,2008,32,32,2008-32,Wednesday
2008-08-07,2008,32,32,2008-32,Thursday
2008-08-08,2008,32,32,2008-32,Friday
2008-08-09,2008,32,32,2008-32,Saturday
2008-08-10,2008,32,32,2008-32,Sunday
2008-08-11,2008,33,33,2008-33,Monday
2008-08-12,2008,33,33,2008-33,Tuesday
2008-08-13,2008,33,33,2008-33,Wednesday
2008-08-14,2008,33,33,2008-33,Thursday
2008-08-15,2008,33,33,2008-33,Friday
2008-08-16,2008,33,33,2008-33,Saturday
2008-08-17,2008,33,33,2008-33,Sunday
2008-08-18,2008,34,34,2008-34,Monday
2008-08-19,2008,34,34,2008-34,Tuesday
2008-08-20,2008,34,34,2008-34,Wednesday
2008-08-21,2008,34,34,2008-34,Thursday
2008-08-22,2008,34,34,2008-34,Friday
2008-08-23,2008,34,34,2008-34,Saturday
2008-08-24,2008,34,34,2008-34,Sunday
2008-08-25,2008,35,35,2008-35,Monday
2008-08-26,2008,35,35,2008-35,Tuesday
2008-08-27,2008,35,35,2008-35,Wednesday
2008-08-28,2008,35,35,2008-35,Thursday
2008-08-29,2008,35,35,2008-35,Friday
2008-08-30,2008,35,35,2008-35,Saturday
2008-08-31,2008,35,35,2008-35,Sunday
2008-09-01,2008,36,36,2008-36,Monday
2008-09-02,2008,36,36,2008-36,Tuesday
2008-09-03,2008,36,36,2008-36,Wednesday
2008-09-04,2008,36,36,2008-36,Thursday
2008-09-05,2008,36,36,2008-36,Friday
2008-09-06,2008,36,36,2008-36,Saturday
2008-09-07,2008,36,36,2008-36,Sunday
2008-09-08,2008,37,37,2008-37,Monday
2008-09-09,2008,37,37,2008-37,Tuesday
2008-09-10,2008,37,37,2008-37,Wednesday
2008-09-11,2008,37,37,2008-37,Thursday
2008-09-12,2008,37,37,2008-37,Friday
2008-09-13,2008,37,37,2008-37,Saturday
2008-09-14,2008,37,37,2008-37,Sunday
2008-09-15,2008,38,38,2008-38,Monday
2008-09-16,2008,38,38,2008-38,Tuesday
2008-09-17,2008,38,38,2008-38,Wednesday
2008-09-18,2008,38,38,2008-38,Thursday
2008-09-19,2008,38,38,2008-38,Friday
2008-09-20,2008,38,38,2008-38,Saturday
2008-09-21,2008,38,38,2008-38,Sunday
2008-09-22,2008,39,39,2008-39,Monday
2008-09-23,2008,39,39,2008-39,Tuesday
2008-09-24,2008,39,39,2008-39,Wednesday
2008-09-25,2008,39,39,2008-39,Thursday
2008-09-26,2008,39,39,2008-39,Friday
2008-09-27,2008,39,39,2008-39,Saturday
2008-09-28,2008,39,39,2008-39,Sunday
2008-09-29,2008,40,40,2008-40,Monday
2008-09-30,2008,40,40,2008-40,Tuesday
2008-10-01,2008,40,40,2008-40,Wednesday
2008-10-02,2008,40,40,2008-40,Thursday
2008-10-03,2008,40,40,2008-40,Friday
2008-10-04,2008,40,40,2008-40,Saturday
2008-10-05,2008,40,40,2008-40,Sunday
2008-10-06,2008,41,41,2008-41,Monday
2008-10-07,2008,41,41,2008-41,Tuesday
2008-10-08,2008,41,41,2008-41,Wednesday
2008-10-09,2008,41,41,2008-41,Thursday
2008-10-10,2008,41,41,2008-41,Friday
2008-10-11,2008,41,41,2008-41,Saturday
2008-10-12,2008,41,41,2008-41,Sunday
2008-10-13,2008,42,42,2008-42,Monday
2008-10-14,2008,42,42,2008-42,Tuesday
2008-10-15,2008,42,42,2008-42,Wednesday
2008-10-16,2008,42,42,2008-42,Thursday
2008-10-17,2008,42,42,2008-42,Friday
2008-10-18,2008,42,42,2008-42,Saturday
2008-10-19,2008,42,42,2008-42,Sunday
2008-10-20,2008,43,43,2008-43,Monday
2008-10-21,2008,43,43,2008-43,Tuesday
2008-10-22,2008,43,43,2008-43,Wednesday
2008-10-23,2008,43,43,2008-43,Thursday
2008-10-24,2008,43,43,2008-43,Friday
2008-10-25,2008,43,43,2008-43,Saturday
2008-10-26,2008,43,43,2008-43,Sunday
2008-10-27,2008,44,44,2008-44,Monday
2008-10-28,2008,44,44,2008-44,Tuesday
2008-10-29,2008,44,44,2008-44,Wednesday
2008-10-30,2008,44,44,2008-44,Thursday
2008-10-31,2008,44,44,2008-44,Friday
2008-11-01,2008,44,44,2008-44,Saturday
2008-11-02,2008,44,44,2008-44,Sunday
2008-11-03,2008,45,45,2008-45,Monday
2008-11-04,2008,45,45,2008-45,Tuesday
2008-11-05,2008,45,45,2008-45,Wednesday
2008-11-06,2008,45,45,2008-45,Thursday
2008-11-07,2008,45,45,2008-45,Friday
2008-11-08,2008,45,45,2008-45,Saturday
2008-11-09,2008,45,45,2008-45,Sunday
2008-11-10,2008,46,46,2008-46,Monday
2008-11-11,2008,46,46,2008-46,Tuesday
2008-11-12,2008,46,46,2008-46,Wednesday
2008-11-13,2008,46,46,2008-46,Thursday
2008-11-14,2008,46,46,2008-46,Friday
2008-11-15,2008,46,46,2008-46,Saturday
2008-11-16,2008,46,46,2008-46,Sunday
2008-11-17,2008,47,47,2008-47,Monday
2008-11-18,2008,47,47,2008-47,Tuesday
2008-11-19,2008,47,47,2008-47,Wednesday
2008-11-20,2008,47,47,2008-47,Thursday
2008-11-21,2008,47,47,2008-47,Friday
2008-11-22,2008,47,47,2008-47,Saturday
2008-11-23,2008,47,47,2008-47,Sunday
2008-11-24,2008,48,48,2008-48,Monday
2008-11-25,2008,48,48,2008-48,Tuesday
2008-11-26,2008,48,48,2008-48,Wednesday
2008-11-27,2008,48,48,2008-48,Thursday
2008-11-28,2008,48,48,2008-48,Friday
2008-11-29,2008,48,48,2008-48,Saturday
2008-11-30,2008,48,48,2008-48,Sunday
2008-12-01,2008,49,49,2008-49,Monday
2008-12-02,2008,49,49,2008-49,Tuesday
2008-12-03,2008,49,49,2008-49,Wednesday
2008-12-04,2008,49,49,2008-49,Thursday
2008-12-05,2008,49,49,2008-49,Friday
2008-12-06,2008,49,49,2008-49,Saturday
2008-12-07,2008,49,49,2008-49,Sunday
2008-12-08,2008,50,50,2008-50,Monday
2008-12-09,2008,50,50,2008-50,Tuesday
2008-12-10,2008,50,50,2008-50,Wednesday
2008-12-11,2008,50,50,2008-50,Thursday
2008-12-12,2008,50,50,2008-50,Friday
2008-12-13,2008,50,50,2008-50,Saturday
2008-12-14,2008,50,50,2008-50,Sunday
2008-12-15,2008,51,51,2008-51,Monday
2008-12-16,2008,51,51,2008-51,Tuesday
2008-12-17,2008,51,51,2008-51,Wednesday
2008-12-18,2008,51,51,2008-51,Thursday
2008-12-19,2008,51,51,2008-51,Friday
2008-12-20,2008,51,51,2008-51,Saturday
2008-12-21,2008,51,51,2008-51,Sunday
2008-12-22,2008,52,52,2008-52,Monday
2008-12-23,2008,52,52,2008-52,Tuesday
2008-12-24,2008,52,52,2008-52,Wednesday
2008-12-25,2008,52,52,2008-52,Thursday
2008-12-26,2008,52,52,2008-52,Friday
2008-12-27,2008,52,52,2008-52,Saturday
2008-12-28,2008,52,52,2008-52,Sunday
2008-12-29,2009,1,01,2009-01,Monday
2008-12-30,2009,1,01,2009-01,Tuesday
2008-12-31,2009,1,01,2009-01,Wednesday
2009-01-01,2009,1,01,2009-01,Thursday
2009-01-02,2009,1,01,2009-01,Friday
2009-01-03,2009,1,01,2009-01,Saturday
2009-01-04,2009,1,01,2009-01,Sunday
2009-01-05,2009,2,02,2009-02,Monday
2009-01-06,2009,2,02,2009-02,Tuesday
2009-01-07,2009,2,02,2009-02,Wednesday
2009-01-08,2009,2,02,2009-02,Thursday
2009-01-09,2009,2,02,2009-02,Friday
2009-01-10,2009,2,02,2009-02,Saturday
2009-01-11,2009,2,02,2009-02,Sunday
2009-01-12,2009,3,03,2009-03,Monday
2009-01-13,2009,3,03,2009-03,Tuesday
2009-01-14,2009,3,03,2009-03,Wednesday
2009-01-15,2009,3,03,2009-03,Thursday
2009-01-16,2009,3,03,2009-03,Friday
2009-01-17,2009,3,03,2009-03,Saturday
2009-01-18,2009,3,03,2009-03,Sunday
2009-01-19,2009,4,04,2009-04,Monday
2009-01-20,2009,4,04,2009-04,Tuesday
2009-01-21,2009,4,04,2009-04,Wednesday
2009-01-22,2009,4,04,2009-04,Thursday
2009-01-23,2009,4,04,2009-04,Friday
2009-01-24,2009,4,04,2009-04,Saturday
2009-01-25,2009,4,04,2009-04,Sunday
2009-01-26,2009,5,05,2009-05,Monday
2009-01-27,2009,5,05,2009-05,Tuesday
2009-01-28,2009,5,05,2009-05,Wednesday
2009-01-29,2009,5,05,2009-05,Thursday
2009-01-30,2009,5,05,2009-05,Friday
2009-01-31,2009,5,05,2009-05,Saturday
2009-02-01,2009,5,05,2009-05,Sunday
2009-02-02,2009,6,06,2009-06,Monday
2009-02-03,2009,6,06,2009-06,Tuesday
2009-02-04,2009,6,06,2009-06,Wednesday
2009-02-05,2009,6,06,2009-06,Thursday
2009-02-06,2009,6,06,2009-06,Friday
2009-02-07,2009,6,06,2009-06,Saturday
2009-02-08,2009,6,06,2009-06,Sunday
2009-02-09,2009,7,07,2009-07,Monday
2009-02-10,2009,7,07,2009-07,Tuesday
2009-02-11,2009,7,07,2009-07,Wednesday
2009-02-12,2009,7,07,2009-07,Thursday
2009-02-13,2009,7,07,2009-07,Friday
2009-02-14,2009,7,07,2009-07,Saturday
2009-02-15,2009,7,07,2009-07,Sunday
2009-02-16,2009,8,08,2009-08,Monday
2009-02-17,2009,8,08,2009-08,Tuesday
2009-02-18,2009,8,08,2009-08,Wednesday
2009-02-19,2009,8,08,2009-08,Thursday
2009-02-20,2009,8,08,2009-08,Friday
2009-02-21,2009,8,08,2009-08,Saturday
2009-02-22,2009,8,08,2009-08,Sunday
2009-02-23,2009,9,09,2009-09,Monday
2009-02-24,2009,9,09,2009-09,Tuesday
2009-02-25,2009,9,09,2009-09,Wednesday
2009-02-26,2009,9,09,2009-09,Thursday
2009-02-27,2009,9,09,2009-09,Friday
2009-02-28,2009,9,09,2009-09,Saturday
2009-03-01,2009,9,09,2009-09,Sunday
2009-03-02,2009,10,10,2009-10,Monday
2009-03-03,2009,10,10,2009-10,Tuesday
2009-03-04,2009,10,10,2009-10,Wednesday
2009-03-05,2009,10,10,2009-10,Thursday
2009-03-06,2009,10,10,2009-10,Friday
2009-03-07,2009,10,10,2009-10,Saturday
2009-03-08,2009,10,10,2009-10,Sunday
2009-03-09,2009,11,11,2009-11,Monday
2009-03-10,2009,11,11,2009-11,Tuesday
2009-03-11,2009,11,11,2009-11,Wednesday
2009-03-12,2009,11,11,2009-11,Thursday
2009-03-13,2009,11,11,2009-11,Friday
2009-03-14,2009,11,11,2009-11,Saturday
2009-03-15,2009,11,11,2009-11,Sunday
2009-03-16,2009,12,12,2009-12,Monday
2009-03-17,2009,12,12,2009-12,Tuesday
2009-03-18,2009,12,12,2009-12,Wednesday
2009-03-19,2009,12,12,2009-12,Thursday
2009-03-20,2009,12,12,2009-12,Friday
2009-03-21,2009,12,12,2009-12,Saturday
2009-03-22,2009,12,12,2009-12,Sunday
2009-03-23,2009,13,13,2009-13,Monday
2009-03-24,2009,13,13,2009-13,Tuesday
2009-03-25,2009,13,13,2009-13,Wednesday
2009-03-26,2009,13,13,2009-13,Thursday
2009-03-27,2009,13,13,2009-13,Friday
2009-03-28,2009,13,13,2009-13,Saturday
2009-03-29,2009,13,13,2009-13,Sunday
2009-03-30,2009,14,14,2009-14,Monday
2009-03-31,2009,14,14,2009-14,Tuesday
2009-04-01,2009,14,14,2009-14,Wednesday
2009-04-02,2009,14,14,2009-14,Thursday
2009-04-03,2009,14,14,2009-14,Friday
2009-04-04,2009,14,14,2009-14,Saturday
2009-04-05,2009,14,14,2009-14,Sunday
2009-04-06,2009,15,15,2009-15,Monday
2009-04-07,2009,15,15,2009-15,Tuesday
2009-04-08,2009,15,15,2009-15,Wednesday
2009-04-09,2009,15,15,2009-15,Thursday
2009-04-10,2009,15,15,2009-15,Friday
2009-04-11,2009,15,15,2009-15,Saturday
2009-04-12,2009,15,15,2009-15,Sunday
2009-04-13,2009,16,16,2009-16,Monday
2009-04-14,2009,16,16,2009-16,Tuesday
2009-04-15,2009,16,16,2009-16,Wednesday
2009-04-16,2009,16,16,2009-16,Thursday
2009-04-17,2009,16,16,2009-16,Friday
2009-04-18,2009,16,16,2009-16,Saturday
2009-04-19,2009,16,16,2009-16,Sunday
2009-04-20,2009,17,17,2009-17,Monday
2009-04-21,2009,17,17,2009-17,Tuesday
2009-04-22,2009,17,17,2009-17,Wednesday
2009-04-23,2009,17,17,2009-17,Thursday
2009-04-24,2009,17,17,2009-17,Friday
2009-04-25,2009,17,17,2009-17,Saturday
2009-04-26,2009,17,17,2009-17,Sunday
2009-04-27,2009,18,18,2009-18,Monday
2009-04-28,2009,18,18,2009-18,Tuesday
2009-04-29,2009,18,18,2009-18,Wednesday
2009-04-30,2009,18,18,2009-18,Thursday
2009-05-01,2009,18,18,2009-18,Friday
2009-05-02,2009,18,18,2009-18,Saturday
2009-05-03,2009,18,18,2009-18,Sunday
2009-05-04,2009,19,19,2009-19,Monday
2009-05-05,2009,19,19,2009-19,Tuesday
2009-05-06,2009,19,19,2009-19,Wednesday
2009-05-07,2009,19,19,2009-19,Thursday
2009-05-08,2009,19,19,2009-19,Friday
2009-05-09,2009,19,19,2009-19,Saturday
2009-05-10,2009,19,19,2009-19,Sunday
2009-05-11,2009,20,20,2009-20,Monday
2009-05-12,2009,20,20,2009-20,Tuesday
2009-05-13,2009,20,20,2009-20,Wednesday
2009-05-14,2009,20,20,2009-20,Thursday
2009-05-15,2009,20,20,2009-20,Friday
2009-05-16,2009,20,20,2009-20,Saturday
2009-05-17,2009,20,20,2009-20,Sunday
2009-05-18,2009,21,21,2009-21,Monday
2009-05-19,2009,21,21,2009-21,Tuesday
2009-05-20,2009,21,21,2009-21,Wednesday
2009-05-21,2009,21,21,2009-21,Thursday
2009-05-22,2009,21,21,2009-21,Friday
2009-05-23,2009,21,21,2009-21,Saturday
2009-05-24,2009,21,21,2009-21,Sunday
2009-05-25,2009,22,22,2009-22,Monday
2009-05-26,2009,22,22,2009-22,Tuesday
2009-05-27,2009,22,22,2009-22,Wednesday
2009-05-28,2009,22,22,2009-22,Thursday
2009-05-29,2009,22,22,2009-22,Friday
2009-05-30,2009,22,22,2009-22,Saturday
2009-05-31,2009,22,22,2009-22,Sunday
2009-06-01,2009,23,23,2009-23,Monday
2009-06-02,2009,23,23,2009-23,Tuesday
2009-06-03,2009,23,23,2009-23,Wednesday
2009-06-04,2009,23,23,2009-23,Thursday
2009-06-05,2009,23,23,2009-23,Friday
2009-06-06,2009,23,23,2009-23,Saturday
2009-06-07,2009,23,23,2009-23,Sunday
2009-06-08,2009,24,24,2009-24,Monday
2009-06-09,2009,24,24,2009-24,Tuesday
2009-06-10,2009,24,24,2009-24,Wednesday
2009-06-11,2009,24,24,2009-24,Thursday
2009-06-12,2009,24,24,2009-24,Friday
2009-06-13,2009,24,24,2009-24,Saturday
2009-06-14,2009,24,24,2009-24,Sunday
2009-06-15,2009,25,25,2009-25,Monday
2009-06-16,2009,25,25,2009-25,Tuesday
2009-06-17,2009,25,25,2009-25,Wednesday
2009-06-18,2009,25,25,2009-25,Thursday
2009-06-19,2009,25,25,2009-25,Friday
2009-06-20,2009,25,25,2009-25,Saturday
2009-06-21,2009,25,25,2009-25,Sunday
2009-06-22,2009,26,26,2009-26,Monday
2009-06-23,2009,26,26,2009-26,Tuesday
2009-06-24,2009,26,26,2009-26,Wednesday
2009-06-25,2009,26,26,2009-26,Thursday
2009-06-26,2009,26,26,2009-26,Friday
2009-06-27,2009,26,26,2009-26,Saturday
2009-06-28,2009,26,26,2009-26,Sunday
2009-06-29,2009,27,27,2009-27,Monday
2009-06-30,2009,27,27,2009-27,Tuesday
2009-07-01,2009,27,27,2009-27,Wednesday
2009-07-02,2009,27,27,2009-27,Thursday
2009-07-03,2009,27,27,2009-27,Friday
2009-07-04,2009,27,27,2009-27,Saturday
2009-07-05,2009,27,27,2009-27,Sunday
2009-07-06,2009,28,28,2009-28,Monday
2009-07-07,2009,28,28,2009-28,Tuesday
2009-07-08,2009,28,28,2009-28,Wednesday
2009-07-09,2009,28,28,2009-28,Thursday
2009-07-10,2009,28,28,2009-28,Friday
2009-07-11,2009,28,28,2009-28,Saturday
2009-07-12,2009,28,28,2009-28,Sunday
2009-07-13,2009,29,29,2009-29,Monday
2009-07-14,2009,29,29,2009-29,Tuesday
2009-07-15,2009,29,29,2009-29,Wednesday
2009-07-16,2009,29,29,2009-29,Thursday
2009-07-17,2009,29,29,2009-29,Friday
2009-07-18,2009,29,29,2009-29,Saturday
2009-07-19,2009,29,29,2009-29,Sunday
2009-07-20,2009,30,30,2009-30,Monday
2009-07-21,2009,30,30,2009-30,Tuesday
2009-07-22,2009,30,30,2009-30,Wednesday
2009-07-23,2009,30,30,2009-30,Thursday
2009-07-24,2009,30,30,2009-30,Friday
2009-07-25,2009,30,30,2009-30,Saturday
2009-07-26,2009,30,30,2009-30,Sunday
2009-07-27,2009,31,31,2009-31,Monday
2009-07-28,2009,31,31,2009-31,Tuesday
2009-07-29,2009,31,31,2009-31,Wednesday
2009-07-30,2009,31,31,2009-31,Thursday
2009-07-31,2009,31,31,2009-31,Friday
2009-08-01,2009,31,31,2009-31,Saturday
2009-08-02,2009,31,31,2009-31,Sunday
2009-08-03,2009,32,32,2009-32,Monday
2009-08-04,2009,32,32,2009-32,Tuesday
2009-08-05,2009,32,32,2009-32,Wednesday
2009-08-06,2009,32,32,2009-32,Thursday
2009-08-07,2009,32,32,2009-32,Friday
2009-08-08,2009,32,32,2009-32,Saturday
2009-08-09,2009,32,32,2009-32,Sunday
2009-08-10,2009,33,33,2009-33,Monday
2009-08-11,2009,33,33,2009-33,Tuesday
2009-08-12,2009,33,33,2009-33,Wednesday
2009-08-13,2009,33,33,2009-33,Thursday
2009-08-14,2009,33,33,2009-33,Friday
2009-08-15,2009,33,33,2009-33,Saturday
2009-08-16,2009,33,33,2009-33,Sunday
2009-08-17,2009,34,34,2009-34,Monday
2009-08-18,2009,34,34,2009-34,Tuesday
2009-08-19,2009,34,34,2009-34,Wednesday
2009-08-20,2009,34,34,2009-34,Thursday
2009-08-21,2009,34,34,2009-34,Friday
2009-08-22,2009,34,34,2009-34,Saturday
2009-08-23,2009,34,34,2009-34,Sunday
2009-08-24,2009,35,35,2009-35,Monday
2009-08-25,2009,35,35,2009-35,Tuesday
2009-08-26,2009,35,35,2009-35,Wednesday
2009-08-27,2009,35,35,2009-35,Thursday
2009-08-28,2009,35,35,2009-35,Friday
2009-08-29,2009,35,35,2009-35,Saturday
2009-08-30,2009,35,35,2009-35,Sunday
2009-08-31,2009,36,36,2009-36,Monday
2009-09-01,2009,36,36,2009-36,Tuesday
2009-09-02,2009,36,36,2009-36,Wednesday
2009-09-03,2009,36,36,2009-36,Thursday
2009-09-04,2009,36,36,2009-36,Friday
2009-09-05,2009,36,36,2009-36,Saturday
2009-09-06,2009,36,36,2009-36,Sunday
2009-09-07,2009,37,37,2009-37,Monday
2009-09-08,2009,37,37,2009-37,Tuesday
2009-09-09,2009,37,37,2009-37,Wednesday
2009-09-10,2009,37,37,2009-37,Thursday
2009-09-11,2009,37,37,2009-37,Friday
2009-09-12,2009,37,37,2009-37,Saturday
2009-09-13,2009,37,37,2009-37,Sunday
2009-09-14,2009,38,38,2009-38,Monday
2009-09-15,2009,38,38,2009-38,Tuesday
2009-09-16,2009,38,38,2009-38,Wednesday
2009-09-17,2009,38,38,2009-38,Thursday
2009-09-18,2009,38,38,2009-38,Friday
2009-09-19,2009,38,38,2009-38,Saturday
2009-09-20,2009,38,38,2009-38,Sunday
2009-09-21,2009,39,39,2009-39,Monday
2009-09-22,2009,39,39,2009-39,Tuesday
2009-09-23,2009,39,39,2009-39,Wednesday
2009-09-24,2009,39,39,2009-39,Thursday
2009-09-25,2009,39,39,2009-39,Friday
2009-09-26,2009,39,39,2009-39,Saturday
2009-09-27,2009,39,39,2009-39,Sunday
2009-09-28,2009,40,40,2009-40,Monday
2009-09-29,2009,40,40,2009-40,Tuesday
2009-09-30,2009,40,40,2009-40,Wednesday
2009-10-01,2009,40,40,2009-40,Thursday
2009-10-02,2009,40,40,2009-40,Friday
2009-10-03,2009,40,40,2009-40,Saturday
2009-10-04,2009,40,40,2009-40,Sunday
2009-10-05,2009,41,41,2009-41,Monday
2009-10-06,2009,41,41,2009-41,Tuesday
2009-10-07,2009,41,41,2009-41,Wednesday
2009-10-08,2009,41,41,2009-41,Thursday
2009-10-09,2009,41,41,2009-41,Friday
2009-10-10,2009,41,41,2009-41,Saturday
2009-10-11,2009,41,41,2009-41,Sunday
2009-10-12,2009,42,42,2009-42,Monday
2009-10-13,2009,42,42,2009-42,Tuesday
2009-10-14,2009,42,42,2009-42,Wednesday
2009-10-15,2009,42,42,2009-42,Thursday
2009-10-16,2009,42,42,2009-42,Friday
2009-10-17,2009,42,42,2009-42,Saturday
2009-10-18,2009,42,42,2009-42,Sunday
2009-10-19,2009,43,43,2009-43,Monday
2009-10-20,2009,43,43,2009-43,Tuesday
2009-10-21,2009,43,43,2009-43,Wednesday
2009-10-22,2009,43,43,2009-43,Thursday
2009-10-23,2009,43,43,2009-43,Friday
2009-10-24,2009,43,43,2009-43,Saturday
2009-10-25,2009,43,43,2009-43,Sunday
2009-10-26,2009,44,44,2009-44,Monday
2009-10-27,2009,44,44,2009-44,Tuesday
2009-10-28,2009,44,44,2009-44,Wednesday
2009-10-29,2009,44,44,2009-44,Thursday
2009-10-30,2009,44,44,2009-44,Friday
2009-10-31,2009,44,44,2009-44,Saturday
2009-11-01,2009,44,44,2009-44,Sunday
2009-11-02,2009,45,45,2009-45,Monday
2009-11-03,2009,45,45,2009-45,Tuesday
2009-11-04,2009,45,45,2009-45,Wednesday
2009-11-05,2009,45,45,2009-45,Thursday
2009-11-06,2009,45,45,2009-45,Friday
2009-11-07,2009,45,45,2009-45,Saturday
2009-11-08,2009,45,45,2009-45,Sunday
2009-11-09,2009,46,46,2009-46,Monday
2009-11-10,2009,46,46,2009-46,Tuesday
2009-11-11,2009,46,46,2009-46,Wednesday
2009-11-12,2009,46,46,2009-46,Thursday
2009-11-13,2009,46,46,2009-46,Friday
2009-11-14,2009,46,46,2009-46,Saturday
2009-11-15,2009,46,46,2009-46,Sunday
2009-11-16,2009,47,47,2009-47,Monday
2009-11-17,2009,47,47,2009-47,Tuesday
2009-11-18,2009,47,47,2009-47,Wednesday
2009-11-19,2009,47,47,2009-47,Thursday
2009-11-20,2009,47,47,2009-47,Friday
2009-11-21,2009,47,47,2009-47,Saturday
2009-11-22,2009,47,47,2009-47,Sunday
2009-11-23,2009,48,48,2009-48,Monday
2009-11-24,2009,48,48,2009-48,Tuesday
2009-11-25,2009,48,48,2009-48,Wednesday
2009-11-26,2009,48,48,2009-48,Thursday
2009-11-27,2009,48,48,2009-48,Friday
2009-11-28,2009,48,48,2009-48,Saturday
2009-11-29,2009,48,48,2009-48,Sunday
2009-11-30,2009,49,49,2009-49,Monday
2009-12-01,2009,49,49,2009-49,Tuesday
2009-12-02,2009,49,49,2009-49,Wednesday
2009-12-03,2009,49,49,2009-49,Thursday
2009-12-04,2009,49,49,2009-49,Friday
2009-12-05,2009,49,49,2009-49,Saturday
2009-12-06,2009,49,49,2009-49,Sunday
2009-12-07,2009,50,50,2009-50,Monday
2009-12-08,2009,50,50,2009-50,Tuesday
2009-12-09,2009,50,50,2009-50,Wednesday
2009-12-10,2009,50,50,2009-50,Thursday
2009-12-11,2009,50,50,2009-50,Friday
2009-12-12,2009,50,50,2009-50,Saturday
2009-12-13,2009,50,50,2009-50,Sunday
2009-12-14,2009,51,51,2009-51,Monday
2009-12-15,2009,51,51,2009-51,Tuesday
2009-12-16,2009,51,51,2009-51,Wednesday
2009-12-17,2009,51,51,2009-51,Thursday
2009-12-18,2009,51,51,2009-51,Friday
2009-12-19,2009,51,51,2009-51,Saturday
2009-12-20,2009,51,51,2009-51,Sunday
2009-12-21,2009,52,52,2009-52,Monday
2009-12-22,2009,52,52,2009-52,Tuesday
2009-12-23,2009,52,52,2009-52,Wednesday
2009-12-24,2009,52,52,2009-52,Thursday
2009-12-25,2009,52,52,2009-52,Friday
2009-12-26,2009,52,52,2009-52,Saturday
2009-12-27,2009,52,52,2009-52,Sunday
2009-12-28,2009,53,53,2009-53,Monday
2009-12-29,2009,53,53,2009-53,Tuesday
2009-12-30,2009,53,53,2009-53,Wednesday
2009-12-31,2009,53,53,2009-53,Thursday
2010-01-01,2009,53,53,2009-53,Friday
2010-01-02,2009,53,53,2009-53,Saturday
2010-01-03,2009,53,53,2009-53,Sunday
2010-01-04,2010,1,01,2010-01,Monday
2010-01-05,2010,1,01,2010-01,Tuesday
2010-01-06,2010,1,01,2010-01,Wednesday
2010-01-07,2010,1,01,2010-01,Thursday
2010-01-08,2010,1,01,2010-01,Friday
2010-01-09,2010,1,01,2010-01,Saturday
2010-01-10,2010,1,01,2010-01,Sunday
2010-01-11,2010,2,02,2010-02,Monday
2010-01-12,2010,2,02,2010-02,Tuesday
2010-01-13,2010,2,02,2010-02,Wednesday
2010-01-14,2010,2,02,2010-02,Thursday
2010-01-15,2010,2,02,2010-02,Friday
2010-01-16,2010,2,02,2010-02,Saturday
2010-01-17,2010,2,02,2010-02,Sunday
2010-01-18,2010,3,03,2010-03,Monday
2010-01-19,2010,3,03,2010-03,Tuesday
2010-01-20,2010,3,03,2010-03,Wednesday
2010-01-21,2010,3,03,2010-03,Thursday
2010-01-22,2010,3,03,2010-03,Friday
2010-01-23,2010,3,03,2010-03,Saturday
2010-01-24,2010,3,03,2010-03,Sunday
2010-01-25,2010,4,04,2010-04,Monday
2010-01-26,2010,4,04,2010-04,Tuesday
2010-01-27,2010,4,04,2010-04,Wednesday
2010-01-28,2010,4,04,2010-04,Thursday
2010-01-29,2010,4,04,2010-04,Friday
2010-01-30,2010,4,04,2010-04,Saturday
2010-01-31,2010,4,04,2010-04,Sunday
2010-02-01,2010,5,05,2010-05,Monday
2010-02-02,2010,5,05,2010-05,Tuesday
2010-02-03,2010,5,05,2010-05,Wednesday
2010-02-04,2010,5,05,2010-05,Thursday
2010-02-05,2010,5,05,2010-05,Friday
2010-02-06,2010,5,05,2010-05,Saturday
2010-02-07,2010,5,05,2010-05,Sunday
2010-02-08,2010,6,06,2010-06,Monday
2010-02-09,2010,6,06,2010-06,Tuesday
2010-02-10,2010,6,06,2010-06,Wednesday
2010-02-11,2010,6,06,2010-06,Thursday
2010-02-12,2010,6,06,2010-06,Friday
2010-02-13,2010,6,06,2010-06,Saturday
2010-02-14,2010,6,06,2010-06,Sunday
2010-02-15,2010,7,07,2010-07,Monday
2010-02-16,2010,7,07,2010-07,Tuesday
2010-02-17,2010,7,07,2010-07,Wednesday
2010-02-18,2010,7,07,2010-07,Thursday
2010-02-19,2010,7,07,2010-07,Friday
2010-02-20,2010,7,07,2010-07,Saturday
2010-02-21,2010,7,07,2010-07,Sunday
2010-02-22,2010,8,08,2010-08,Monday
2010-02-23,2010,8,08,2010-08,Tuesday
2010-02-24,2010,8,08,2010-08,Wednesday
2010-02-25,2010,8,08,2010-08,Thursday
2010-02-26,2010,8,08,2010-08,Friday
2010-02-27,2010,8,08,2010-08,Saturday
2010-02-28,2010,8,08,2010-08,Sunday
2010-03-01,2010,9,09,2010-09,Monday
2010-03-02,2010,9,09,2010-09,Tuesday
2010-03-03,2010,9,09,2010-09,Wednesday
2010-03-04,2010,9,09,2010-09,Thursday
2010-03-05,2010,9,09,2010-09,Friday
2010-03-06,2010,9,09,2010-09,Saturday
2010-03-07,2010,9,09,2010-09,Sunday
2010-03-08,2010,10,10,2010-10,Monday
2010-03-09,2010,10,10,2010-10,Tuesday
2010-03-10,2010,10,10,2010-10,Wednesday
2010-03-11,2010,10,10,2010-10,Thursday
2010-03-12,2010,10,10,2010-10,Friday
2010-03-13,2010,10,10,2010-10,Saturday
2010-03-14,2010,10,10,2010-10,Sunday
2010-03-15,2010,11,11,2010-11,Monday
2010-03-16,2010,11,11,2010-11,Tuesday
2010-03-17,2010,11,11,2010-11,Wednesday
2010-03-18,2010,11,11,2010-11,Thursday
2010-03-19,2010,11,11,2010-11,Friday
2010-03-20,2010,11,11,2010-11,Saturday
2010-03-21,2010,11,11,2010-11,Sunday
2010-03-22,2010,12,12,2010-12,Monday
2010-03-23,2010,12,12,2010-12,Tuesday
2010-03-24,2010,12,12,2010-12,Wednesday
2010-03-25,2010,12,12,2010-12,Thursday
2010-03-26,2010,12,12,2010-12,Friday
2010-03-27,2010,12,12,2010-12,Saturday
2010-03-28,2010,12,12,2010-12,Sunday
2010-03-29,2010,13,13,2010-13,Monday
2010-03-30,2010,13,13,2010-13,Tuesday
2010-03-31,2010,13,13,2010-13,Wednesday
2010-04-01,2010,13,13,2010-13,Thursday
2010-04-02,2010,13,13,2010-13,Friday
2010-04-03,2010,13,13,2010-13,Saturday
2010-04-04,2010,13,13,2010-13,Sunday
2010-04-05,2010,14,14,2010-14,Monday
2010-04-06,2010,14,14,2010-14,Tuesday
2010-04-07,2010,14,14,2010-14,Wednesday
2010-04-08,2010,14,14,2010-14,Thursday
2010-04-09,2010,14,14,2010-14,Friday
2010-04-10,2010,14,14,2010-14,Saturday
2010-04-11,2010,14,14,2010-14,Sunday
2010-04-12,2010,15,15,2010-15,Monday
2010-04-13,2010,15,15,2010-15,Tuesday
2010-04-14,2010,15,15,2010-15,Wednesday
2010-04-15,2010,15,15,2010-15,Thursday
2010-04-16,2010,15,15,2010-15,Friday
2010-04-17,2010,15,15,2010-15,Saturday
2010-04-18,2010,15,15,2010-15,Sunday
2010-04-19,2010,16,16,2010-16,Monday
2010-04-20,2010,16,16,2010-16,Tuesday
2010-04-21,2010,16,16,2010-16,Wednesday
2010-04-22,2010,16,16,2010-16,Thursday
2010-04-23,2010,16,16,2010-16,Friday
2010-04-24,2010,16,16,2010-16,Saturday
2010-04-25,2010,16,16,2010-16,Sunday
2010-04-26,2010,17,17,2010-17,Monday
2010-04-27,2010,17,17,2010-17,Tuesday
2010-04-28,2010,17,17,2010-17,Wednesday
2010-04-29,2010,17,17,2010-17,Thursday
2010-04-30,2010,17,17,2010-17,Friday
2010-05-01,2010,17,17,2010-17,Saturday
2010-05-02,2010,17,17,2010-17,Sunday
2010-05-03,2010,18,18,2010-18,Monday
2010-05-04,2010,18,18,2010-18,Tuesday
2010-05-05,2010,18,18,2010-18,Wednesday
2010-05-06,2010,18,18,2010-18,Thursday
2010-05-07,2010,18,18,2010-18,Friday
2010-05-08,2010,18,18,2010-18,Saturday
2010-05-09,2010,18,18,2010-18,Sunday
2010-05-10,2010,19,19,2010-19,Monday
2010-05-11,2010,19,19,2010-19,Tuesday
2010-05-12,2010,19,19,2010-19,Wednesday
2010-05-13,2010,19,19,2010-19,Thursday
2010-05-14,2010,19,19,2010-19,Friday
2010-05-15,2010,19,19,2010-19,Saturday
2010-05-16,2010,19,19,2010-19,Sunday
2010-05-17,2010,20,20,2010-20,Monday
2010-05-18,2010,20,20,2010-20,Tuesday
2010-05-19,2010,20,20,2010-20,Wednesday
2010-05-20,2010,20,20,2010-20,Thursday
2010-05-21,2010,20,20,2010-20,Friday
2010-05-22,2010,20,20,2010-20,Saturday
2010-05-23,2010,20,20,2010-20,Sunday
2010-05-24,2010,21,21,2010-21,Monday
2010-05-25,2010,21,21,2010-21,Tuesday
2010-05-26,2010,21,21,2010-21,Wednesday
2010-05-27,2010,21,21,2010-21,Thursday
2010-05-28,2010,21,21,2010-21,Friday
2010-05-29,2010,21,21,2010-21,Saturday
2010-05-30,2010,21,21,2010-21,Sunday
2010-05-31,2010,22,22,2010-22,Monday
2010-06-01,2010,22,22,2010-22,Tuesday
2010-06-02,2010,22,22,2010-22,Wednesday
2010-06-03,2010,22,22,2010-22,Thursday
2010-06-04,2010,22,22,2010-22,Friday
2010-06-05,2010,22,22,2010-22,Saturday
2010-06-06,2010,22,22,2010-22,Sunday
2010-06-07,2010,23,23,2010-23,Monday
2010-06-08,2010,23,23,2010-23,Tuesday
2010-06-09,2010,23,23,2010-23,Wednesday
2010-06-10,2010,23,23,2010-23,Thursday
2010-06-11,2010,23,23,2010-23,Friday
2010-06-12,2010,23,23,2010-23,Saturday
2010-06-13,2010,23,23,2010-23,Sunday
2010-06-14,2010,24,24,2010-24,Monday
2010-06-15,2010,24,24,2010-24,Tuesday
2010-06-16,2010,24,24,2010-24,Wednesday
2010-06-17,2010,24,24,2010-24,Thursday
2010-06-18,2010,24,24,2010-24,Friday
2010-06-19,2010,24,24,2010-24,Saturday
2010-06-20,2010,24,24,2010-24,Sunday
2010-06-21,2010,25,25,2010-25,Monday
2010-06-22,2010,25,25,2010-25,Tuesday
2010-06-23,2010,25,25,2010-25,Wednesday
2010-06-24,2010,25,25,2010-25,Thursday
2010-06-25,2010,25,25,2010-25,Friday
2010-06-26,2010,25,25,2010-25,Saturday
2010-06-27,2010,25,25,2010-25,Sunday
2010-06-28,2010,26,26,2010-26,Monday
2010-06-29,2010,26,26,2010-26,Tuesday
2010-06-30,2010,26,26,2010-26,Wednesday
2010-07-01,2010,26,26,2010-26,Thursday
2010-07-02,2010,26,26,2010-26,Friday
2010-07-03,2010,26,26,2010-26,Saturday
2010-07-04,2010,26,26,2010-26,Sunday
2010-07-05,2010,27,27,2010-27,Monday
2010-07-06,2010,27,27,2010-27,Tuesday
2010-07-07,2010,27,27,2010-27,Wednesday
2010-07-08,2010,27,27,2010-27,Thursday
2010-07-09,2010,27,27,2010-27,Friday
2010-07-10,2010,27,27,2010-27,Saturday
2010-07-11,2010,27,27,2010-27,Sunday
2010-07-12,2010,28,28,2010-28,Monday
2010-07-13,2010,28,28,2010-28,Tuesday
2010-07-14,2010,28,28,2010-28,Wednesday
2010-07-15,2010,28,28,2010-28,Thursday
2010-07-16,2010,28,28,2010-28,Friday
2010-07-17,2010,28,28,2010-28,Saturday
2010-07-18,2010,28,28,2010-28,Sunday
2010-07-19,2010,29,29,2010-29,Monday
2010-07-20,2010,29,29,2010-29,Tuesday
2010-07-21,2010,29,29,2010-29,Wednesday
2010-07-22,2010,29,29,2010-29,Thursday
2010-07-23,2010,29,29,2010-29,Friday
2010-07-24,2010,29,29,2010-29,Saturday
2010-07-25,2010,29,29,2010-29,Sunday
2010-07-26,2010,30,30,2010-30,Monday
2010-07-27,2010,30,30,2010-30,Tuesday
2010-07-28,2010,30,30,2010-30,Wednesday
2010-07-29,2010,30,30,2010-30,Thursday
2010-07-30,2010,30,30,2010-30,Friday
2010-07-31,2010,30,30,2010-30,Saturday
2010-08-01,2010,30,30,2010-30,Sunday
2010-08-02,2010,31,31,2010-31,Monday
2010-08-03,2010,31,31,2010-31,Tuesday
2010-08-04,2010,31,31,2010-31,Wednesday
2010-08-05,2010,31,31,2010-31,Thursday
2010-08-06,2010,31,31,2010-31,Friday
2010-08-07,2010,31,31,2010-31,Saturday
2010-08-08,2010,31,31,2010-31,Sunday
2010-08-09,2010,32,32,2010-32,Monday
2010-08-10,2010,32,32,2010-32,Tuesday
2010-08-11,2010,32,32,2010-32,Wednesday
2010-08-12,2010,32,32,2010-32,Thursday
2010-08-13,2010,32,32,2010-32,Friday
2010-08-14,2010,32,32,2010-32,Saturday
2010-08-15,2010,32,32,2010-32,Sunday
2010-08-16,2010,33,33,2010-33,Monday
2010-08-17,2010,33,33,2010-33,Tuesday
2010-08-18,2010,33,33,2010-33,Wednesday
2010-08-19,2010,33,33,2010-33,Thursday
2010-08-20,2010,33,33,2010-33,Friday
2010-08-21,2010,33,33,2010-33,Saturday
2010-08-22,2010,33,33,2010-33,Sunday
2010-08-23,2010,34,34,2010-34,Monday
2010-08-24,2010,34,34,2010-34,Tuesday
2010-08-25,2010,34,34,2010-34,Wednesday
2010-08-26,2010,34,34,2010-34,Thursday
2010-08-27,2010,34,34,2010-34,Friday
2010-08-28,2010,34,34,2010-34,Saturday
2010-08-29,2010,34,34,2010-34,Sunday
2010-08-30,2010,35,35,2010-35,Monday
2010-08-31,2010,35,35,2010-35,Tuesday
2010-09-01,2010,35,35,2010-35,Wednesday
2010-09-02,2010,35,35,2010-35,Thursday
2010-09-03,2010,35,35,2010-35,Friday
2010-09-04,2010,35,35,2010-35,Saturday
2010-09-05,2010,35,35,2010-35,Sunday
2010-09-06,2010,36,36,2010-36,Monday
2010-09-07,2010,36,36,2010-36,Tuesday
2010-09-08,2010,36,36,2010-36,Wednesday
2010-09-09,2010,36,36,2010-36,Thursday
2010-09-10,2010,36,36,2010-36,Friday
2010-09-11,2010,36,36,2010-36,Saturday
2010-09-12,2010,36,36,2010-36,Sunday
2010-09-13,2010,37,37,2010-37,Monday
2010-09-14,2010,37,37,2010-37,Tuesday
2010-09-15,2010,37,37,2010-37,Wednesday
2010-09-16,2010,37,37,2010-37,Thursday
2010-09-17,2010,37,37,2010-37,Friday
2010-09-18,2010,37,37,2010-37,Saturday
2010-09-19,2010,37,37,2010-37,Sunday
2010-09-20,2010,38,38,2010-38,Monday
2010-09-21,2010,38,38,2010-38,Tuesday
2010-09-22,2010,38,38,2010-38,Wednesday
2010-09-23,2010,38,38,2010-38,Thursday
2010-09-24,2010,38,38,2010-38,Friday
2010-09-25,2010,38,38,2010-38,Saturday
2010-09-26,2010,38,38,2010-38,Sunday
2010-09-27,2010,39,39,2010-39,Monday
2010-09-28,2010,39,39,2010-39,Tuesday
2010-09-29,2010,39,39,2010-39,Wednesday
2010-09-30,2010,39,39,2010-39,Thursday
2010-10-01,2010,39,39,2010-39,Friday
2010-10-02,2010,39,39,2010-39,Saturday
2010-10-03,2010,39,39,2010-39,Sunday
2010-10-04,2010,40,40,2010-40,Monday
2010-10-05,2010,40,40,2010-40,Tuesday
2010-10-06,2010,40,40,2010-40,Wednesday
2010-10-07,2010,40,40,2010-40,Thursday
2010-10-08,2010,40,40,2010-40,Friday
2010-10-09,2010,40,40,2010-40,Saturday
2010-10-10,2010,40,40,2010-40,Sunday
2010-10-11,2010,41,41,2010-41,Monday
2010-10-12,2010,41,41,2010-41,Tuesday
2010-10-13,2010,41,41,2010-41,Wednesday
2010-10-14,2010,41,41,2010-41,Thursday
2010-10-15,2010,41,41,2010-41,Friday
2010-10-16,2010,41,41,2010-41,Saturday
2010-10-17,2010,41,41,2010-41,Sunday
2010-10-18,2010,42,42,2010-42,Monday
2010-10-19,2010,42,42,2010-42,Tuesday
2010-10-20,2010,42,42,2010-42,Wednesday
2010-10-21,2010,42,42,2010-42,Thursday
2010-10-22,2010,42,42,2010-42,Friday
2010-10-23,2010,42,42,2010-42,Saturday
2010-10-24,2010,42,42,2010-42,Sunday
2010-10-25,2010,43,43,2010-43,Monday
2010-10-26,2010,43,43,2010-43,Tuesday
2010-10-27,2010,43,43,2010-43,Wednesday
2010-10-28,2010,43,43,2010-43,Thursday
2010-10-29,2010,43,43,2010-43,Friday
2010-10-30,2010,43,43,2010-43,Saturday
2010-10-31,2010,43,43,2010-43,Sunday
2010-11-01,2010,44,44,2010-44,Monday
2010-11-02,2010,44,44,2010-44,Tuesday
2010-11-03,2010,44,44,2010-44,Wednesday
2010-11-04,2010,44,44,2010-44,Thursday
2010-11-05,2010,44,44,2010-44,Friday
2010-11-06,2010,44,44,2010-44,Saturday
2010-11-07,2010,44,44,2010-44,Sunday
2010-11-08,2010,45,45,2010-45,Monday
2010-11-09,2010,45,45,2010-45,Tuesday
2010-11-10,2010,45,45,2010-45,Wednesday
2010-11-11,2010,45,45,2010-45,Thursday
2010-11-12,2010,45,45,2010-45,Friday
2010-11-13,2010,45,45,2010-45,Saturday
2010-11-14,2010,45,45,2010-45,Sunday
2010-11-15,2010,46,46,2010-46,Monday
2010-11-16,2010,46,46,2010-46,Tuesday
2010-11-17,2010,46,46,2010-46,Wednesday
2010-11-18,2010,46,46,2010-46,Thursday
2010-11-19,2010,46,46,2010-46,Friday
2010-11-20,2010,46,46,2010-46,Saturday
2010-11-21,2010,46,46,2010-46,Sunday
2010-11-22,2010,47,47,2010-47,Monday
2010-11-23,2010,47,47,2010-47,Tuesday
2010-11-24,2010,47,47,2010-47,Wednesday
2010-11-25,2010,47,47,2010-47,Thursday
2010-11-26,2010,47,47,2010-47,Friday
2010-11-27,2010,47,47,2010-47,Saturday
2010-11-28,2010,47,47,2010-47,Sunday
2010-11-29,2010,48,48,2010-48,Monday
2010-11-30,2010,48,48,2010-48,Tuesday
2010-12-01,2010,48,48,2010-48,Wednesday
2010-12-02,2010,48,48,2010-48,Thursday
2010-12-03,2010,48,48,2010-48,Friday
2010-12-04,2010,48,48,2010-48,Saturday
2010-12-05,2010,48,48,2010-48,Sunday
2010-12-06,2010,49,49,2010-49,Monday
2010-12-07,2010,49,49,2010-49,Tuesday
2010-12-08,2010,49,49,2010-49,Wednesday
2010-12-09,2010,49,49,2010-49,Thursday
2010-12-10,2010,49,49,2010-49,Friday
2010-12-11,2010,49,49,2010-49,Saturday
2010-12-12,2010,49,49,2010-49,Sunday
2010-12-13,2010,50,50,2010-50,Monday
2010-12-14,2010,50,50,2010-50,Tuesday
2010-12-15,2010,50,50,2010-50,Wednesday
2010-12-16,2010,50,50,2010-50,Thursday
2010-12-17,2010,50,50,2010-50,Friday
2010-12-18,2010,50,50,2010-50,Saturday
2010-12-19,2010,50,50,2010-50,Sunday
2010-12-20,2010,51,51,2010-51,Monday
2010-12-21,2010,51,51,2010-51,Tuesday
2010-12-22,2010,51,51,2010-51,Wednesday
2010-12-23,2010,51,51,2010-51,Thursday
2010-12-24,2010,51,51,2010-51,Friday
2010-12-25,2010,51,51,2010-51,Saturday
2010-12-26,2010,51,51,2010-51,Sunday
2010-12-27,2010,52,52,2010-52,Monday
2010-12-28,2010,52,52,2010-52,Tuesday
2010-12-29,2010,52,52,2010-52,Wednesday
2010-12-30,2010,52,52,2010-52,Thursday
2010-12-31,2010,52,52,2010-52,Friday
2011-01-01,2010,52,52,2010-52,Saturday
2011-01-02,2010,52,52,2010-52,Sunday
2011-01-03,2011,1,01,2011-01,Monday
2011-01-04,2011,1,01,2011-01,Tuesday
2011-01-05,2011,1,01,2011-01,Wednesday
2011-01-06,2011,1,01,2011-01,Thursday
2011-01-07,2011,1,01,2011-01,Friday
2011-01-08,2011,1,01,2011-01,Saturday
2011-01-09,2011,1,01,2011-01,Sunday
2011-01-10,2011,2,02,2011-02,Monday
2011-01-11,2011,2,02,2011-02,Tuesday
2011-01-12,2011,2,02,2011-02,Wednesday
2011-01-13,2011,2,02,2011-02,Thursday
2011-01-14,2011,2,02,2011-02,Friday
2011-01-15,2011,2,02,2011-02,Saturday
2011-01-16,2011,2,02,2011-02,Sunday
2011-01-17,2011,3,03,2011-03,Monday
2011-01-18,2011,3,03,2011-03,Tuesday
2011-01-19,2011,3,03,2011-03,Wednesday
2011-01-20,2011,3,03,2011-03,Thursday
2011-01-21,2011,3,03,2011-03,Friday
2011-01-22,2011,3,03,2011-03,Saturday
2011-01-23,2011,3,03,2011-03,Sunday
2011-01-24,2011,4,04,2011-04,Monday
2011-01-25,2011,4,04,2011-04,Tuesday
2011-01-26,2011,4,04,2011-04,Wednesday
2011-01-27,2011,4,04,2011-04,Thursday
2011-01-28,2011,4,04,2011-04,Friday
2011-01-29,2011,4,04,2011-04,Saturday
2011-01-30,2011,4,04,2011-04,Sunday
2011-01-31,2011,5,05,2011-05,Monday
2011-02-01,2011,5,05,2011-05,Tuesday
2011-02-02,2011,5,05,2011-05,Wednesday
2011-02-03,2011,5,05,2011-05,Thursday
2011-02-04,2011,5,05,2011-05,Friday
2011-02-05,2011,5,05,2011-05,Saturday
2011-02-06,2011,5,05,2011-05,Sunday
2011-02-07,2011,6,06,2011-06,Monday
2011-02-08,2011,6,06,2011-06,Tuesday
2011-02-09,2011,6,06,2011-06,Wednesday
2011-02-10,2011,6,06,2011-06,Thursday
2011-02-11,2011,6,06,2011-06,Friday
2011-02-12,2011,6,06,2011-06,Saturday
2011-02-13,2011,6,06,2011-06,Sunday
2011-02-14,2011,7,07,2011-07,Monday
2011-02-15,2011,7,07,2011-07,Tuesday
2011-02-16,2011,7,07,2011-07,Wednesday
2011-02-17,2011,7,07,2011-07,Thursday
2011-02-18,2011,7,07,2011-07,Friday
2011-02-19,2011,7,07,2011-07,Saturday
2011-02-20,2011,7,07,2011-07,Sunday
2011-02-21,2011,8,08,2011-08,Monday
2011-02-22,2011,8,08,2011-08,Tuesday
2011-02-23,2011,8,08,2011-08,Wednesday
2011-02-24,2011,8,08,2011-08,Thursday
2011-02-25,2011,8,08,2011-08,Friday
2011-02-26,2011,8,08,2011-08,Saturday
2011-02-27,2011,8,08,2011-08,Sunday
2011-02-28,2011,9,09,2011-09,Monday
2011-03-01,2011,9,09,2011-09,Tuesday
2011-03-02,2011,9,09,2011-09,Wednesday
2011-03-03,2011,9,09,2011-09,Thursday
2011-03-04,2011,9,09,2011-09,Friday
2011-03-05,2011,9,09,2011-09,Saturday
2011-03-06,2011,9,09,2011-09,Sunday
2011-03-07,2011,10,10,2011-10,Monday
2011-03-08,2011,10,10,2011-10,Tuesday
2011-03-09,2011,10,10,2011-10,Wednesday
2011-03-10,2011,10,10,2011-10,Thursday
2011-03-11,2011,10,10,2011-10,Friday
2011-03-12,2011,10,10,2011-10,Saturday
2011-03-13,2011,10,10,2011-10,Sunday
2011-03-14,2011,11,11,2011-11,Monday
2011-03-15,2011,11,11,2011-11,Tuesday
2011-03-16,2011,11,11,2011-11,Wednesday
2011-03-17,2011,11,11,2011-11,Thursday
2011-03-18,2011,11,11,2011-11,Friday
2011-03-19,2011,11,11,2011-11,Saturday
2011-03-20,2011,11,11,2011-11,Sunday
2011-03-21,2011,12,12,2011-12,Monday
2011-03-22,2011,12,12,2011-12,Tuesday
2011-03-23,2011,12,12,2011-12,Wednesday
2011-03-24,2011,12,12,2011-12,Thursday
2011-03-25,2011,12,12,2011-12,Friday
2011-03-26,2011,12,12,2011-12,Saturday
2011-03-27,2011,12,12,2011-12,Sunday
2011-03-28,2011,13,13,2011-13,Monday
2011-03-29,2011,13,13,2011-13,Tuesday
2011-03-30,2011,13,13,2011-13,Wednesday
2011-03-31,2011,13,13,2011-13,Thursday
2011-04-01,2011,13,13,2011-13,Friday
2011-04-02,2011,13,13,2011-13,Saturday
2011-04-03,2011,13,13,2011-13,Sunday
2011-04-04,2011,14,14,2011-14,Monday
2011-04-05,2011,14,14,2011-14,Tuesday
2011-04-06,2011,14,14,2011-14,Wednesday
2011-04-07,2011,14,14,2011-14,Thursday
2011-04-08,2011,14,14,2011-14,Friday
2011-04-09,2011,14,14,2011-14,Saturday
2011-04-10,2011,14,14,2011-14,Sunday
2011-04-11,2011,15,15,2011-15,Monday
2011-04-12,2011,15,15,2011-15,Tuesday
2011-04-13,2011,15,15,2011-15,Wednesday
2011-04-14,2011,15,15,2011-15,Thursday
2011-04-15,2011,15,15,2011-15,Friday
2011-04-16,2011,15,15,2011-15,Saturday
2011-04-17,2011,15,15,2011-15,Sunday
2011-04-18,2011,16,16,2011-16,Monday
2011-04-19,2011,16,16,2011-16,Tuesday
2011-04-20,2011,16,16,2011-16,Wednesday
2011-04-21,2011,16,16,2011-16,Thursday
2011-04-22,2011,16,16,2011-16,Friday
2011-04-23,2011,16,16,2011-16,Saturday
2011-04-24,2011,16,16,2011-16,Sunday
2011-04-25,2011,17,17,2011-17,Monday
2011-04-26,2011,17,17,2011-17,Tuesday
2011-04-27,2011,17,17,2011-17,Wednesday
2011-04-28,2011,17,17,2011-17,Thursday
2011-04-29,2011,17,17,2011-17,Friday
2011-04-30,2011,17,17,2011-17,Saturday
2011-05-01,2011,17,17,2011-17,Sunday
2011-05-02,2011,18,18,2011-18,Monday
2011-05-03,2011,18,18,2011-18,Tuesday
2011-05-04,2011,18,18,2011-18,Wednesday
2011-05-05,2011,18,18,2011-18,Thursday
2011-05-06,2011,18,18,2011-18,Friday
2011-05-07,2011,18,18,2011-18,Saturday
2011-05-08,2011,18,18,2011-18,Sunday
2011-05-09,2011,19,19,2011-19,Monday
2011-05-10,2011,19,19,2011-19,Tuesday
2011-05-11,2011,19,19,2011-19,Wednesday
2011-05-12,2011,19,19,2011-19,Thursday
2011-05-13,2011,19,19,2011-19,Friday
2011-05-14,2011,19,19,2011-19,Saturday
2011-05-15,2011,19,19,2011-19,Sunday
2011-05-16,2011,20,20,2011-20,Monday
2011-05-17,2011,20,20,2011-20,Tuesday
2011-05-18,2011,20,20,2011-20,Wednesday
2011-05-19,2011,20,20,2011-20,Thursday
2011-05-20,2011,20,20,2011-20,Friday
2011-05-21,2011,20,20,2011-20,Saturday
2011-05-22,2011,20,20,2011-20,Sunday
2011-05-23,2011,21,21,2011-21,Monday
2011-05-24,2011,21,21,2011-21,Tuesday
2011-05-25,2011,21,21,2011-21,Wednesday
2011-05-26,2011,21,21,2011-21,Thursday
2011-05-27,2011,21,21,2011-21,Friday
2011-05-28,2011,21,21,2011-21,Saturday
2011-05-29,2011,21,21,2011-21,Sunday
2011-05-30,2011,22,22,2011-22,Monday
2011-05-31,2011,22,22,2011-22,Tuesday
2011-06-01,2011,22,22,2011-22,Wednesday
2011-06-02,2011,22,22,2011-22,Thursday
2011-06-03,2011,22,22,2011-22,Friday
2011-06-04,2011,22,22,2011-22,Saturday
2011-06-05,2011,22,22,2011-22,Sunday
2011-06-06,2011,23,23,2011-23,Monday
2011-06-07,2011,23,23,2011-23,Tuesday
2011-06-08,2011,23,23,2011-23,Wednesday
2011-06-09,2011,23,23,2011-23,Thursday
2011-06-10,2011,23,23,2011-23,Friday
2011-06-11,2011,23,23,2011-23,Saturday
2011-06-12,2011,23,23,2011-23,Sunday
2011-06-13,2011,24,24,2011-24,Monday
2011-06-14,2011,24,24,2011-24,Tuesday
2011-06-15,2011,24,24,2011-24,Wednesday
2011-06-16,2011,24,24,2011-24,Thursday
2011-06-17,2011,24,24,2011-24,Friday
2011-06-18,2011,24,24,2011-24,Saturday
2011-06-19,2011,24,24,2011-24,Sunday
2011-06-20,2011,25,25,2011-25,Monday
2011-06-21,2011,25,25,2011-25,Tuesday
2011-06-22,2011,25,25,2011-25,Wednesday
2011-06-23,2011,25,25,2011-25,Thursday
2011-06-24,2011,25,25,2011-25,Friday
2011-06-25,2011,25,25,2011-25,Saturday
2011-06-26,2011,25,25,2011-25,Sunday
2011-06-27,2011,26,26,2011-26,Monday
2011-06-28,2011,26,26,2011-26,Tuesday
2011-06-29,2011,26,26,2011-26,Wednesday
2011-06-30,2011,26,26,2011-26,Thursday
2011-07-01,2011,26,26,2011-26,Friday
2011-07-02,2011,26,26,2011-26,Saturday
2011-07-03,2011,26,26,2011-26,Sunday
2011-07-04,2011,27,27,2011-27,Monday
2011-07-05,2011,27,27,2011-27,Tuesday
2011-07-06,2011,27,27,2011-27,Wednesday
2011-07-07,2011,27,27,2011-27,Thursday
2011-07-08,2011,27,27,2011-27,Friday
2011-07-09,2011,27,27,2011-27,Saturday
2011-07-10,2011,27,27,2011-27,Sunday
2011-07-11,2011,28,28,2011-28,Monday
2011-07-12,2011,28,28,2011-28,Tuesday
2011-07-13,2011,28,28,2011-28,Wednesday
2011-07-14,2011,28,28,2011-28,Thursday
2011-07-15,2011,28,28,2011-28,Friday
2011-07-16,2011,28,28,2011-28,Saturday
2011-07-17,2011,28,28,2011-28,Sunday
2011-07-18,2011,29,29,2011-29,Monday
2011-07-19,2011,29,29,2011-29,Tuesday
2011-07-20,2011,29,29,2011-29,Wednesday
2011-07-21,2011,29,29,2011-29,Thursday
2011-07-22,2011,29,29,2011-29,Friday
2011-07-23,2011,29,29,2011-29,Saturday
2011-07-24,2011,29,29,2011-29,Sunday
2011-07-25,2011,30,30,2011-30,Monday
2011-07-26,2011,30,30,2011-30,Tuesday
2011-07-27,2011,30,30,2011-30,Wednesday
2011-07-28,2011,30,30,2011-30,Thursday
2011-07-29,2011,30,30,2011-30,Friday
2011-07-30,2011,30,30,2011-30,Saturday
2011-07-31,2011,30,30,2011-30,Sunday
2011-08-01,2011,31,31,2011-31,Monday
2011-08-02,2011,31,31,2011-31,Tuesday
2011-08-03,2011,31,31,2011-31,Wednesday
2011-08-04,2011,31,31,2011-31,Thursday
2011-08-05,2011,31,31,2011-31,Friday
2011-08-06,2011,31,31,2011-31,Saturday
2011-08-07,2011,31,31,2011-31,Sunday
2011-08-08,2011,32,32,2011-32,Monday
2011-08-09,2011,32,32,2011-32,Tuesday
2011-08-10,2011,32,32,2011-32,Wednesday
2011-08-11,2011,32,32,2011-32,Thursday
2011-08-12,2011,32,32,2011-32,Friday
2011-08-13,2011,32,32,2011-32,Saturday
2011-08-14,2011,32,32,2011-32,Sunday
2011-08-15,2011,33,33,2011-33,Monday
2011-08-16,2011,33,33,2011-33,Tuesday
2011-08-17,2011,33,33,2011-33,Wednesday
2011-08-18,2011,33,33,2011-33,Thursday
2011-08-19,2011,33,33,2011-33,Friday
2011-08-20,2011,33,33,2011-33,Saturday
2011-08-21,2011,33,33,2011-33,Sunday
2011-08-22,2011,34,34,2011-34,Monday
2011-08-23,2011,34,34,2011-34,Tuesday
2011-08-24,2011,34,34,2011-34,Wednesday
2011-08-25,2011,34,34,2011-34,Thursday
2011-08-26,2011,34,34,2011-34,Friday
2011-08-27,2011,34,34,2011-34,Saturday
2011-08-28,2011,34,34,2011-34,Sunday
2011-08-29,2011,35,35,2011-35,Monday
2011-08-30,2011,35,35,2011-35,Tuesday
2011-08-31,2011,35,35,2011-35,Wednesday
2011-09-01,2011,35,35,2011-35,Thursday
2011-09-02,2011,35,35,2011-35,Friday
2011-09-03,2011,35,35,2011-35,Saturday
2011-09-04,2011,35,35,2011-35,Sunday
2011-09-05,2011,36,36,2011-36,Monday
2011-09-06,2011,36,36,2011-36,Tuesday
2011-09-07,2011,36,36,2011-36,Wednesday
2011-09-08,2011,36,36,2011-36,Thursday
2011-09-09,2011,36,36,2011-36,Friday
2011-09-10,2011,36,36,2011-36,Saturday
2011-09-11,2011,36,36,2011-36,Sunday
2011-09-12,2011,37,37,2011-37,Monday
2011-09-13,2011,37,37,2011-37,Tuesday
2011-09-14,2011,37,37,2011-37,Wednesday
2011-09-15,2011,37,37,2011-37,Thursday
2011-09-16,2011,37,37,2011-37,Friday
2011-09-17,2011,37,37,2011-37,Saturday
2011-09-18,2011,37,37,2011-37,Sunday
2011-09-19,2011,38,38,2011-38,Monday
2011-09-20,2011,38,38,2011-38,Tuesday
2011-09-21,2011,38,38,2011-38,Wednesday
2011-09-22,2011,38,38,2011-38,Thursday
2011-09-23,2011,38,38,2011-38,Friday
2011-09-24,2011,38,38,2011-38,Saturday
2011-09-25,2011,38,38,2011-38,Sunday
2011-09-26,2011,39,39,2011-39,Monday
2011-09-27,2011,39,39,2011-39,Tuesday
2011-09-28,2011,39,39,2011-39,Wednesday
2011-09-29,2011,39,39,2011-39,Thursday
2011-09-30,2011,39,39,2011-39,Friday
2011-10-01,2011,39,39,2011-39,Saturday
2011-10-02,2011,39,39,2011-39,Sunday
2011-10-03,2011,40,40,2011-40,Monday
2011-10-04,2011,40,40,2011-40,Tuesday
2011-10-05,2011,40,40,2011-40,Wednesday
2011-10-06,2011,40,40,2011-40,Thursday
2011-10-07,2011,40,40,2011-40,Friday
2011-10-08,2011,40,40,2011-40,Saturday
2011-10-09,2011,40,40,2011-40,Sunday
2011-10-10,2011,41,41,2011-41,Monday
2011-10-11,2011,41,41,2011-41,Tuesday
2011-10-12,2011,41,41,2011-41,Wednesday
2011-10-13,2011,41,41,2011-41,Thursday
2011-10-14,2011,41,41,2011-41,Friday
2011-10-15,2011,41,41,2011-41,Saturday
2011-10-16,2011,41,41,2011-41,Sunday
2011-10-17,2011,42,42,2011-42,Monday
2011-10-18,2011,42,42,2011-42,Tuesday
2011-10-19,2011,42,42,2011-42,Wednesday
2011-10-20,2011,42,42,2011-42,Thursday
2011-10-21,2011,42,42,2011-42,Friday
2011-10-22,2011,42,42,2011-42,Saturday
2011-10-23,2011,42,42,2011-42,Sunday
2011-10-24,2011,43,43,2011-43,Monday
2011-10-25,2011,43,43,2011-43,Tuesday
2011-10-26,2011,43,43,2011-43,Wednesday
2011-10-27,2011,43,43,2011-43,Thursday
2011-10-28,2011,43,43,2011-43,Friday
2011-10-29,2011,43,43,2011-43,Saturday
2011-10-30,2011,43,43,2011-43,Sunday
2011-10-31,2011,44,44,2011-44,Monday
2011-11-01,2011,44,44,2011-44,Tuesday
2011-11-02,2011,44,44,2011-44,Wednesday
2011-11-03,2011,44,44,2011-44,Thursday
2011-11-04,2011,44,44,2011-44,Friday
2011-11-05,2011,44,44,2011-44,Saturday
2011-11-06,2011,44,44,2011-44,Sunday
2011-11-07,2011,45,45,2011-45,Monday
2011-11-08,2011,45,45,2011-45,Tuesday
2011-11-09,2011,45,45,2011-45,Wednesday
2011-11-10,2011,45,45,2011-45,Thursday
2011-11-11,2011,45,45,2011-45,Friday
2011-11-12,2011,45,45,2011-45,Saturday
2011-11-13,2011,45,45,2011-45,Sunday
2011-11-14,2011,46,46,2011-46,Monday
2011-11-15,2011,46,46,2011-46,Tuesday
2011-11-16,2011,46,46,2011-46,Wednesday
2011-11-17,2011,46,46,2011-46,Thursday
2011-11-18,2011,46,46,2011-46,Friday
2011-11-19,2011,46,46,2011-46,Saturday
2011-11-20,2011,46,46,2011-46,Sunday
2011-11-21,2011,47,47,2011-47,Monday
2011-11-22,2011,47,47,2011-47,Tuesday
2011-11-23,2011,47,47,2011-47,Wednesday
2011-11-24,2011,47,47,2011-47,Thursday
2011-11-25,2011,47,47,2011-47,Friday
2011-11-26,2011,47,47,2011-47,Saturday
2011-11-27,2011,47,47,2011-47,Sunday
2011-11-28,2011,48,48,2011-48,Monday
2011-11-29,2011,48,48,2011-48,Tuesday
2011-11-30,2011,48,48,2011-48,Wednesday
2011-12-01,2011,48,48,2011-48,Thursday
2011-12-02,2011,48,48,2011-48,Friday
2011-12-03,2011,48,48,2011-48,Saturday
2011-12-04,2011,48,48,2011-48,Sunday
2011-12-05,2011,49,49,2011-49,Monday
2011-12-06,2011,49,49,2011-49,Tuesday
2011-12-07,2011,49,49,2011-49,Wednesday
2011-12-08,2011,49,49,2011-49,Thursday
2011-12-09,2011,49,49,2011-49,Friday
2011-12-10,2011,49,49,2011-49,Saturday
2011-12-11,2011,49,49,2011-49,Sunday
2011-12-12,2011,50,50,2011-50,Monday
2011-12-13,2011,50,50,2011-50,Tuesday
2011-12-14,2011,50,50,2011-50,Wednesday
2011-12-15,2011,50,50,2011-50,Thursday
2011-12-16,2011,50,50,2011-50,Friday
2011-12-17,2011,50,50,2011-50,Saturday
2011-12-18,2011,50,50,2011-50,Sunday
2011-12-19,2011,51,51,2011-51,Monday
2011-12-20,2011,51,51,2011-51,Tuesday
2011-12-21,2011,51,51,2011-51,Wednesday
2011-12-22,2011,51,51,2011-51,Thursday
2011-12-23,2011,51,51,2011-51,Friday
2011-12-24,2011,51,51,2011-51,Saturday
2011-12-25,2011,51,51,2011-51,Sunday
2011-12-26,2011,52,52,2011-52,Monday
2011-12-27,2011,52,52,2011-52,Tuesday
2011-12-28,2011,52,52,2011-52,Wednesday
2011-12-29,2011,52,52,2011-52,Thursday
2011-12-30,2011,52,52,2011-52,Friday
2011-12-31,2011,52,52,2011-52,Saturday
2012-01-01,2011,52,52,2011-52,Sunday
2012-01-02,2012,1,01,2012-01,Monday
2012-01-03,2012,1,01,2012-01,Tuesday
2012-01-04,2012,1,01,2012-01,Wednesday
2012-01-05,2012,1,01,2012-01,Thursday
2012-01-06,2012,1,01,2012-01,Friday
2012-01-07,2012,1,01,2012-01,Saturday
2012-01-08,2012,1,01,2012-01,Sunday
2012-01-09,2012,2,02,2012-02,Monday
2012-01-10,2012,2,02,2012-02,Tuesday
2012-01-11,2012,2,02,2012-02,Wednesday
2012-01-12,2012,2,02,2012-02,Thursday
2012-01-13,2012,2,02,2012-02,Friday
2012-01-14,2012,2,02,2012-02,Saturday
2012-01-15,2012,2,02,2012-02,Sunday
2012-01-16,2012,3,03,2012-03,Monday
2012-01-17,2012,3,03,2012-03,Tuesday
2012-01-18,2012,3,03,2012-03,Wednesday
2012-01-19,2012,3,03,2012-03,Thursday
2012-01-20,2012,3,03,2012-03,Friday
2012-01-21,2012,3,03,2012-03,Saturday
2012-01-22,2012,3,03,2012-03,Sunday
2012-01-23,2012,4,04,2012-04,Monday
2012-01-24,2012,4,04,2012-04,Tuesday
2012-01-25,2012,4,04,2012-04,Wednesday
2012-01-26,2012,4,04,2012-04,Thursday
2012-01-27,2012,4,04,2012-04,Friday
2012-01-28,2012,4,04,2012-04,Saturday
2012-01-29,2012,4,04,2012-04,Sunday
2012-01-30,2012,5,05,2012-05,Monday
2012-01-31,2012,5,05,2012-05,Tuesday
2012-02-01,2012,5,05,2012-05,Wednesday
2012-02-02,2012,5,05,2012-05,Thursday
2012-02-03,2012,5,05,2012-05,Friday
2012-02-04,2012,5,05,2012-05,Saturday
2012-02-05,2012,5,05,2012-05,Sunday
2012-02-06,2012,6,06,2012-06,Monday
2012-02-07,2012,6,06,2012-06,Tuesday
2012-02-08,2012,6,06,2012-06,Wednesday
2012-02-09,2012,6,06,2012-06,Thursday
2012-02-10,2012,6,06,2012-06,Friday
2012-02-11,2012,6,06,2012-06,Saturday
2012-02-12,2012,6,06,2012-06,Sunday
2012-02-13,2012,7,07,2012-07,Monday
2012-02-14,2012,7,07,2012-07,Tuesday
2012-02-15,2012,7,07,2012-07,Wednesday
2012-02-16,2012,7,07,2012-07,Thursday
2012-02-17,2012,7,07,2012-07,Friday
2012-02-18,2012,7,07,2012-07,Saturday
2012-02-19,2012,7,07,2012-07,Sunday
2012-02-20,2012,8,08,2012-08,Monday
2012-02-21,2012,8,08,2012-08,Tuesday
2012-02-22,2012,8,08,2012-08,Wednesday
2012-02-23,2012,8,08,2012-08,Thursday
2012-02-24,2012,8,08,2012-08,Friday
2012-02-25,2012,8,08,2012-08,Saturday
2012-02-26,2012,8,08,2012-08,Sunday
2012-02-27,2012,9,09,2012-09,Monday
2012-02-28,2012,9,09,2012-09,Tuesday
2012-02-29,2012,9,09,2012-09,Wednesday
2012-03-01,2012,9,09,2012-09,Thursday
2012-03-02,2012,9,09,2012-09,Friday
2012-03-03,2012,9,09,2012-09,Saturday
2012-03-04,2012,9,09,2012-09,Sunday
2012-03-05,2012,10,10,2012-10,Monday
2012-03-06,2012,10,10,2012-10,Tuesday
2012-03-07,2012,10,10,2012-10,Wednesday
2012-03-08,2012,10,10,2012-10,Thursday
2012-03-09,2012,10,10,2012-10,Friday
2012-03-10,2012,10,10,2012-10,Saturday
2012-03-11,2012,10,10,2012-10,Sunday
2012-03-12,2012,11,11,2012-11,Monday
2012-03-13,2012,11,11,2012-11,Tuesday
2012-03-14,2012,11,11,2012-11,Wednesday
2012-03-15,2012,11,11,2012-11,Thursday
2012-03-16,2012,11,11,2012-11,Friday
2012-03-17,2012,11,11,2012-11,Saturday
2012-03-18,2012,11,11,2012-11,Sunday
2012-03-19,2012,12,12,2012-12,Monday
2012-03-20,2012,12,12,2012-12,Tuesday
2012-03-21,2012,12,12,2012-12,Wednesday
2012-03-22,2012,12,12,2012-12,Thursday
2012-03-23,2012,12,12,2012-12,Friday
2012-03-24,2012,12,12,2012-12,Saturday
2012-03-25,2012,12,12,2012-12,Sunday
2012-03-26,2012,13,13,2012-13,Monday
2012-03-27,2012,13,13,2012-13,Tuesday
2012-03-28,2012,13,13,2012-13,Wednesday
2012-03-29,2012,13,13,2012-13,Thursday
2012-03-30,2012,13,13,2012-13,Friday
2012-03-31,2012,13,13,2012-13,Saturday
2012-04-01,2012,13,13,2012-13,Sunday
2012-04-02,2012,14,14,2012-14,Monday
2012-04-03,2012,14,14,2012-14,Tuesday
2012-04-04,2012,14,14,2012-14,Wednesday
2012-04-05,2012,14,14,2012-14,Thursday
2012-04-06,2012,14,14,2012-14,Friday
2012-04-07,2012,14,14,2012-14,Saturday
2012-04-08,2012,14,14,2012-14,Sunday
2012-04-09,2012,15,15,2012-15,Monday
2012-04-10,2012,15,15,2012-15,Tuesday
2012-04-11,2012,15,15,2012-15,Wednesday
2012-04-12,2012,15,15,2012-15,Thursday
2012-04-13,2012,15,15,2012-15,Friday
2012-04-14,2012,15,15,2012-15,Saturday
2012-04-15,2012,15,15,2012-15,Sunday
2012-04-16,2012,16,16,2012-16,Monday
2012-04-17,2012,16,16,2012-16,Tuesday
2012-04-18,2012,16,16,2012-16,Wednesday
2012-04-19,2012,16,16,2012-16,Thursday
2012-04-20,2012,16,16,2012-16,Friday
2012-04-21,2012,16,16,2012-16,Saturday
2012-04-22,2012,16,16,2012-16,Sunday
2012-04-23,2012,17,17,2012-17,Monday
2012-04-24,2012,17,17,2012-17,Tuesday
2012-04-25,2012,17,17,2012-17,Wednesday
2012-04-26,2012,17,17,2012-17,Thursday
2012-04-27,2012,17,17,2012-17,Friday
2012-04-28,2012,17,17,2012-17,Saturday
2012-04-29,2012,17,17,2012-17,Sunday
2012-04-30,2012,18,18,2012-18,Monday
2012-05-01,2012,18,18,2012-18,Tuesday
2012-05-02,2012,18,18,2012-18,Wednesday
2012-05-03,2012,18,18,2012-18,Thursday
2012-05-04,2012,18,18,2012-18,Friday
2012-05-05,2012,18,18,2012-18,Saturday
2012-05-06,2012,18,18,2012-18,Sunday
2012-05-07,2012,19,19,2012-19,Monday
2012-05-08,2012,19,19,2012-19,Tuesday
2012-05-09,2012,19,19,2012-19,Wednesday
2012-05-10,2012,19,19,2012-19,Thursday
2012-05-11,2012,19,19,2012-19,Friday
2012-05-12,2012,19,19,2012-19,Saturday
2012-05-13,2012,19,19,2012-19,Sunday
2012-05-14,2012,20,20,2012-20,Monday
2012-05-15,2012,20,20,2012-20,Tuesday
2012-05-16,2012,20,20,2012-20,Wednesday
2012-05-17,2012,20,20,2012-20,Thursday
2012-05-18,2012,20,20,2012-20,Friday
2012-05-19,2012,20,20,2012-20,Saturday
2012-05-20,2012,20,20,2012-20,Sunday
2012-05-21,2012,21,21,2012-21,Monday
2012-05-22,2012,21,21,2012-21,Tuesday
2012-05-23,2012,21,21,2012-21,Wednesday
2012-05-24,2012,21,21,2012-21,Thursday
2012-05-25,2012,21,21,2012-21,Friday
2012-05-26,2012,21,21,2012-21,Saturday
2012-05-27,2012,21,21,2012-21,Sunday
2012-05-28,2012,22,22,2012-22,Monday
2012-05-29,2012,22,22,2012-22,Tuesday
2012-05-30,2012,22,22,2012-22,Wednesday
2012-05-31,2012,22,22,2012-22,Thursday
2012-06-01,2012,22,22,2012-22,Friday
2012-06-02,2012,22,22,2012-22,Saturday
2012-06-03,2012,22,22,2012-22,Sunday
2012-06-04,2012,23,23,2012-23,Monday
2012-06-05,2012,23,23,2012-23,Tuesday
2012-06-06,2012,23,23,2012-23,Wednesday
2012-06-07,2012,23,23,2012-23,Thursday
2012-06-08,2012,23,23,2012-23,Friday
2012-06-09,2012,23,23,2012-23,Saturday
2012-06-10,2012,23,23,2012-23,Sunday
2012-06-11,2012,24,24,2012-24,Monday
2012-06-12,2012,24,24,2012-24,Tuesday
2012-06-13,2012,24,24,2012-24,Wednesday
2012-06-14,2012,24,24,2012-24,Thursday
2012-06-15,2012,24,24,2012-24,Friday
2012-06-16,2012,24,24,2012-24,Saturday
2012-06-17,2012,24,24,2012-24,Sunday
2012-06-18,2012,25,25,2012-25,Monday
2012-06-19,2012,25,25,2012-25,Tuesday
2012-06-20,2012,25,25,2012-25,Wednesday
2012-06-21,2012,25,25,2012-25,Thursday
2012-06-22,2012,25,25,2012-25,Friday
2012-06-23,2012,25,25,2012-25,Saturday
2012-06-24,2012,25,25,2012-25,Sunday
2012-06-25,2012,26,26,2012-26,Monday
2012-06-26,2012,26,26,2012-26,Tuesday
2012-06-27,2012,26,26,2012-26,Wednesday
2012-06-28,2012,26,26,2012-26,Thursday
2012-06-29,2012,26,26,2012-26,Friday
2012-06-30,2012,26,26,2012-26,Saturday
2012-07-01,2012,26,26,2012-26,Sunday
2012-07-02,2012,27,27,2012-27,Monday
2012-07-03,2012,27,27,2012-27,Tuesday
2012-07-04,2012,27,27,2012-27,Wednesday
2012-07-05,2012,27,27,2012-27,Thursday
2012-07-06,2012,27,27,2012-27,Friday
2012-07-07,2012,27,27,2012-27,Saturday
2012-07-08,2012,27,27,2012-27,Sunday
2012-07-09,2012,28,28,2012-28,Monday
2012-07-10,2012,28,28,2012-28,Tuesday
2012-07-11,2012,28,28,2012-28,Wednesday
2012-07-12,2012,28,28,2012-28,Thursday
2012-07-13,2012,28,28,2012-28,Friday
2012-07-14,2012,28,28,2012-28,Saturday
2012-07-15,2012,28,28,2012-28,Sunday
2012-07-16,2012,29,29,2012-29,Monday
2012-07-17,2012,29,29,2012-29,Tuesday
2012-07-18,2012,29,29,2012-29,Wednesday
2012-07-19,2012,29,29,2012-29,Thursday
2012-07-20,2012,29,29,2012-29,Friday
2012-07-21,2012,29,29,2012-29,Saturday
2012-07-22,2012,29,29,2012-29,Sunday
2012-07-23,2012,30,30,2012-30,Monday
2012-07-24,2012,30,30,2012-30,Tuesday
2012-07-25,2012,30,30,2012-30,Wednesday
2012-07-26,2012,30,30,2012-30,Thursday
2012-07-27,2012,30,30,2012-30,Friday
2012-07-28,2012,30,30,2012-30,Saturday
2012-07-29,2012,30,30,2012-30,Sunday
2012-07-30,2012,31,31,2012-31,Monday
2012-07-31,2012,31,31,2012-31,Tuesday
2012-08-01,2012,31,31,2012-31,Wednesday
2012-08-02,2012,31,31,2012-31,Thursday
2012-08-03,2012,31,31,2012-31,Friday
2012-08-04,2012,31,31,2012-31,Saturday
2012-08-05,2012,31,31,2012-31,Sunday
2012-08-06,2012,32,32,2012-32,Monday
2012-08-07,2012,32,32,2012-32,Tuesday
2012-08-08,2012,32,32,2012-32,Wednesday
2012-08-09,2012,32,32,2012-32,Thursday
2012-08-10,2012,32,32,2012-32,Friday
2012-08-11,2012,32,32,2012-32,Saturday
2012-08-12,2012,32,32,2012-32,Sunday
2012-08-13,2012,33,33,2012-33,Monday
2012-08-14,2012,33,33,2012-33,Tuesday
2012-08-15,2012,33,33,2012-33,Wednesday
2012-08-16,2012,33,33,2012-33,Thursday
2012-08-17,2012,33,33,2012-33,Friday
2012-08-18,2012,33,33,2012-33,Saturday
2012-08-19,2012,33,33,2012-33,Sunday
2012-08-20,2012,34,34,2012-34,Monday
2012-08-21,2012,34,34,2012-34,Tuesday
2012-08-22,2012,34,34,2012-34,Wednesday
2012-08-23,2012,34,34,2012-34,Thursday
2012-08-24,2012,34,34,2012-34,Friday
2012-08-25,2012,34,34,2012-34,Saturday
2012-08-26,2012,34,34,2012-34,Sunday
2012-08-27,2012,35,35,2012-35,Monday
2012-08-28,2012,35,35,2012-35,Tuesday
2012-08-29,2012,35,35,2012-35,Wednesday
2012-08-30,2012,35,35,2012-35,Thursday
2012-08-31,2012,35,35,2012-35,Friday
2012-09-01,2012,35,35,2012-35,Saturday
2012-09-02,2012,35,35,2012-35,Sunday
2012-09-03,2012,36,36,2012-36,Monday
2012-09-04,2012,36,36,2012-36,Tuesday
2012-09-05,2012,36,36,2012-36,Wednesday
2012-09-06,2012,36,36,2012-36,Thursday
2012-09-07,2012,36,36,2012-36,Friday
2012-09-08,2012,36,36,2012-36,Saturday
2012-09-09,2012,36,36,2012-36,Sunday
2012-09-10,2012,37,37,2012-37,Monday
2012-09-11,2012,37,37,2012-37,Tuesday
2012-09-12,2012,37,37,2012-37,Wednesday
2012-09-13,2012,37,37,2012-37,Thursday
2012-09-14,2012,37,37,2012-37,Friday
2012-09-15,2012,37,37,2012-37,Saturday
2012-09-16,2012,37,37,2012-37,Sunday
2012-09-17,2012,38,38,2012-38,Monday
2012-09-18,2012,38,38,2012-38,Tuesday
2012-09-19,2012,38,38,2012-38,Wednesday
2012-09-20,2012,38,38,2012-38,Thursday
2012-09-21,2012,38,38,2012-38,Friday
2012-09-22,2012,38,38,2012-38,Saturday
2012-09-23,2012,38,38,2012-38,Sunday
2012-09-24,2012,39,39,2012-39,Monday
2012-09-25,2012,39,39,2012-39,Tuesday
2012-09-26,2012,39,39,2012-39,Wednesday
2012-09-27,2012,39,39,2012-39,Thursday
2012-09-28,2012,39,39,2012-39,Friday
2012-09-29,2012,39,39,2012-39,Saturday
2012-09-30,2012,39,39,2012-39,Sunday
2012-10-01,2012,40,40,2012-40,Monday
2012-10-02,2012,40,40,2012-40,Tuesday
2012-10-03,2012,40,40,2012-40,Wednesday
2012-10-04,2012,40,40,2012-40,Thursday
2012-10-05,2012,40,40,2012-40,Friday
2012-10-06,2012,40,40,2012-40,Saturday
2012-10-07,2012,40,40,2012-40,Sunday
2012-10-08,2012,41,41,2012-41,Monday
2012-10-09,2012,41,41,2012-41,Tuesday
2012-10-10,2012,41,41,2012-41,Wednesday
2012-10-11,2012,41,41,2012-41,Thursday
2012-10-12,2012,41,41,2012-41,Friday
2012-10-13,2012,41,41,2012-41,Saturday
2012-10-14,2012,41,41,2012-41,Sunday
2012-10-15,2012,42,42,2012-42,Monday
2012-10-16,2012,42,42,2012-42,Tuesday
2012-10-17,2012,42,42,2012-42,Wednesday
2012-10-18,2012,42,42,2012-42,Thursday
2012-10-19,2012,42,42,2012-42,Friday
2012-10-20,2012,42,42,2012-42,Saturday
2012-10-21,2012,42,42,2012-42,Sunday
2012-10-22,2012,43,43,2012-43,Monday
2012-10-23,2012,43,43,2012-43,Tuesday
2012-10-24,2012,43,43,2012-43,Wednesday
2012-10-25,2012,43,43,2012-43,Thursday
2012-10-26,2012,43,43,2012-43,Friday
2012-10-27,2012,43,43,2012-43,Saturday
2012-10-28,2012,43,43,2012-43,Sunday
2012-10-29,2012,44,44,2012-44,Monday
2012-10-30,2012,44,44,2012-44,Tuesday
2012-10-31,2012,44,44,2012-44,Wednesday
2012-11-01,2012,44,44,2012-44,Thursday
2012-11-02,2012,44,44,2012-44,Friday
2012-11-03,2012,44,44,2012-44,Saturday
2012-11-04,2012,44,44,2012-44,Sunday
2012-11-05,2012,45,45,2012-45,Monday
2012-11-06,2012,45,45,2012-45,Tuesday
2012-11-07,2012,45,45,2012-45,Wednesday
2012-11-08,2012,45,45,2012-45,Thursday
2012-11-09,2012,45,45,2012-45,Friday
2012-11-10,2012,45,45,2012-45,Saturday
2012-11-11,2012,45,45,2012-45,Sunday
2012-11-12,2012,46,46,2012-46,Monday
2012-11-13,2012,46,46,2012-46,Tuesday
2012-11-14,2012,46,46,2012-46,Wednesday
2012-11-15,2012,46,46,2012-46,Thursday
2012-11-16,2012,46,46,2012-46,Friday
2012-11-17,2012,46,46,2012-46,Saturday
2012-11-18,2012,46,46,2012-46,Sunday
2012-11-19,2012,47,47,2012-47,Monday
2012-11-20,2012,47,47,2012-47,Tuesday
2012-11-21,2012,47,47,2012-47,Wednesday
2012-11-22,2012,47,47,2012-47,Thursday
2012-11-23,2012,47,47,2012-47,Friday
2012-11-24,2012,47,47,2012-47,Saturday
2012-11-25,2012,47,47,2012-47,Sunday
2012-11-26,2012,48,48,2012-48,Monday
2012-11-27,2012,48,48,2012-48,Tuesday
2012-11-28,2012,48,48,2012-48,Wednesday
2012-11-29,2012,48,48,2012-48,Thursday
2012-11-30,2012,48,48,2012-48,Friday
2012-12-01,2012,48,48,2012-48,Saturday
2012-12-02,2012,48,48,2012-48,Sunday
2012-12-03,2012,49,49,2012-49,Monday
2012-12-04,2012,49,49,2012-49,Tuesday
2012-12-05,2012,49,49,2012-49,Wednesday
2012-12-06,2012,49,49,2012-49,Thursday
2012-12-07,2012,49,49,2012-49,Friday
2012-12-08,2012,49,49,2012-49,Saturday
2012-12-09,2012,49,49,2012-49,Sunday
2012-12-10,2012,50,50,2012-50,Monday
2012-12-11,2012,50,50,2012-50,Tuesday
2012-12-12,2012,50,50,2012-50,Wednesday
2012-12-13,2012,50,50,2012-50,Thursday
2012-12-14,2012,50,50,2012-50,Friday
2012-12-15,2012,50,50,2012-50,Saturday
2012-12-16,2012,50,50,2012-50,Sunday
2012-12-17,2012,51,51,2012-51,Monday
2012-12-18,2012,51,51,2012-51,Tuesday
2012-12-19,2012,51,51,2012-51,Wednesday
2012-12-20,2012,51,51,2012-51,Thursday
2012-12-21,2012,51,51,2012-51,Friday
2012-12-22,2012,51,51,2012-51,Saturday
2012-12-23,2012,51,51,2012-51,Sunday
2012-12-24,2012,52,52,2012-52,Monday
2012-12-25,2012,52,52,2012-52,Tuesday
2012-12-26,2012,52,52,2012-52,Wednesday
2012-12-27,2012,52,52,2012-52,Thursday
2012-12-28,2012,52,52,2012-52,Friday
2012-12-29,2012,52,52,2012-52,Saturday
2012-12-30,2012,52,52,2012-52,Sunday
2012-12-31,2013,1,01,2013-01,Monday
2013-01-01,2013,1,01,2013-01,Tuesday
2013-01-02,2013,1,01,2013-01,Wednesday
2013-01-03,2013,1,01,2013-01,Thursday
2013-01-04,2013,1,01,2013-01,Friday
2013-01-05,2013,1,01,2013-01,Saturday
2013-01-06,2013,1,01,2013-01,Sunday
2013-01-07,2013,2,02,2013-02,Monday
2013-01-08,2013,2,02,2013-02,Tuesday
2013-01-09,2013,2,02,2013-02,Wednesday
2013-01-10,2013,2,02,2013-02,Thursday
2013-01-11,2013,2,02,2013-02,Friday
2013-01-12,2013,2,02,2013-02,Saturday
2013-01-13,2013,2,02,2013-02,Sunday
2013-01-14,2013,3,03,2013-03,Monday
2013-01-15,2013,3,03,2013-03,Tuesday
2013-01-16,2013,3,03,2013-03,Wednesday
2013-01-17,2013,3,03,2013-03,Thursday
2013-01-18,2013,3,03,2013-03,Friday
2013-01-19,2013,3,03,2013-03,Saturday
2013-01-20,2013,3,03,2013-03,Sunday
2013-01-21,2013,4,04,2013-04,Monday
2013-01-22,2013,4,04,2013-04,Tuesday
2013-01-23,2013,4,04,2013-04,Wednesday
2013-01-24,2013,4,04,2013-04,Thursday
2013-01-25,2013,4,04,2013-04,Friday
2013-01-26,2013,4,04,2013-04,Saturday
2013-01-27,2013,4,04,2013-04,Sunday
2013-01-28,2013,5,05,2013-05,Monday
2013-01-29,2013,5,05,2013-05,Tuesday
2013-01-30,2013,5,05,2013-05,Wednesday
2013-01-31,2013,5,05,2013-05,Thursday
2013-02-01,2013,5,05,2013-05,Friday
2013-02-02,2013,5,05,2013-05,Saturday
2013-02-03,2013,5,05,2013-05,Sunday
2013-02-04,2013,6,06,2013-06,Monday
2013-02-05,2013,6,06,2013-06,Tuesday
2013-02-06,2013,6,06,2013-06,Wednesday
2013-02-07,2013,6,06,2013-06,Thursday
2013-02-08,2013,6,06,2013-06,Friday
2013-02-09,2013,6,06,2013-06,Saturday
2013-02-10,2013,6,06,2013-06,Sunday
2013-02-11,2013,7,07,2013-07,Monday
2013-02-12,2013,7,07,2013-07,Tuesday
2013-02-13,2013,7,07,2013-07,Wednesday
2013-02-14,2013,7,07,2013-07,Thursday
2013-02-15,2013,7,07,2013-07,Friday
2013-02-16,2013,7,07,2013-07,Saturday
2013-02-17,2013,7,07,2013-07,Sunday
2013-02-18,2013,8,08,2013-08,Monday
2013-02-19,2013,8,08,2013-08,Tuesday
2013-02-20,2013,8,08,2013-08,Wednesday
2013-02-21,2013,8,08,2013-08,Thursday
2013-02-22,2013,8,08,2013-08,Friday
2013-02-23,2013,8,08,2013-08,Saturday
2013-02-24,2013,8,08,2013-08,Sunday
2013-02-25,2013,9,09,2013-09,Monday
2013-02-26,2013,9,09,2013-09,Tuesday
2013-02-27,2013,9,09,2013-09,Wednesday
2013-02-28,2013,9,09,2013-09,Thursday
2013-03-01,2013,9,09,2013-09,Friday
2013-03-02,2013,9,09,2013-09,Saturday
2013-03-03,2013,9,09,2013-09,Sunday
2013-03-04,2013,10,10,2013-10,Monday
2013-03-05,2013,10,10,2013-10,Tuesday
2013-03-06,2013,10,10,2013-10,Wednesday
2013-03-07,2013,10,10,2013-10,Thursday
2013-03-08,2013,10,10,2013-10,Friday
2013-03-09,2013,10,10,2013-10,Saturday
2013-03-10,2013,10,10,2013-10,Sunday
2013-03-11,2013,11,11,2013-11,Monday
2013-03-12,2013,11,11,2013-11,Tuesday
2013-03-13,2013,11,11,2013-11,Wednesday
2013-03-14,2013,11,11,2013-11,Thursday
2013-03-15,2013,11,11,2013-11,Friday
2013-03-16,2013,11,11,2013-11,Saturday
2013-03-17,2013,11,11,2013-11,Sunday
2013-03-18,2013,12,12,2013-12,Monday
2013-03-19,2013,12,12,2013-12,Tuesday
2013-03-20,2013,12,12,2013-12,Wednesday
2013-03-21,2013,12,12,2013-12,Thursday
2013-03-22,2013,12,12,2013-12,Friday
2013-03-23,2013,12,12,2013-12,Saturday
2013-03-24,2013,12,12,2013-12,Sunday
2013-03-25,2013,13,13,2013-13,Monday
2013-03-26,2013,13,13,2013-13,Tuesday
2013-03-27,2013,13,13,2013-13,Wednesday
2013-03-28,2013,13,13,2013-13,Thursday
2013-03-29,2013,13,13,2013-13,Friday
2013-03-30,2013,13,13,2013-13,Saturday
2013-03-31,2013,13,13,2013-13,Sunday
2013-04-01,2013,14,14,2013-14,Monday
2013-04-02,2013,14,14,2013-14,Tuesday
2013-04-03,2013,14,14,2013-14,Wednesday
2013-04-04,2013,14,14,2013-14,Thursday
2013-04-05,2013,14,14,2013-14,Friday
2013-04-06,2013,14,14,2013-14,Saturday
2013-04-07,2013,14,14,2013-14,Sunday
2013-04-08,2013,15,15,2013-15,Monday
2013-04-09,2013,15,15,2013-15,Tuesday
2013-04-10,2013,15,15,2013-15,Wednesday
2013-04-11,2013,15,15,2013-15,Thursday
2013-04-12,2013,15,15,2013-15,Friday
2013-04-13,2013,15,15,2013-15,Saturday
2013-04-14,2013,15,15,2013-15,Sunday
2013-04-15,2013,16,16,2013-16,Monday
2013-04-16,2013,16,16,2013-16,Tuesday
2013-04-17,2013,16,16,2013-16,Wednesday
2013-04-18,2013,16,16,2013-16,Thursday
2013-04-19,2013,16,16,2013-16,Friday
2013-04-20,2013,16,16,2013-16,Saturday
2013-04-21,2013,16,16,2013-16,Sunday
2013-04-22,2013,17,17,2013-17,Monday
2013-04-23,2013,17,17,2013-17,Tuesday
2013-04-24,2013,17,17,2013-17,Wednesday
2013-04-25,2013,17,17,2013-17,Thursday
2013-04-26,2013,17,17,2013-17,Friday
2013-04-27,2013,17,17,2013-17,Saturday
2013-04-28,2013,17,17,2013-17,Sunday
2013-04-29,2013,18,18,2013-18,Monday
2013-04-30,2013,18,18,2013-18,Tuesday
2013-05-01,2013,18,18,2013-18,Wednesday
2013-05-02,2013,18,18,2013-18,Thursday
2013-05-03,2013,18,18,2013-18,Friday
2013-05-04,2013,18,18,2013-18,Saturday
2013-05-05,2013,18,18,2013-18,Sunday
2013-05-06,2013,19,19,2013-19,Monday
2013-05-07,2013,19,19,2013-19,Tuesday
2013-05-08,2013,19,19,2013-19,Wednesday
2013-05-09,2013,19,19,2013-19,Thursday
2013-05-10,2013,19,19,2013-19,Friday
2013-05-11,2013,19,19,2013-19,Saturday
2013-05-12,2013,19,19,2013-19,Sunday
2013-05-13,2013,20,20,2013-20,Monday
2013-05-14,2013,20,20,2013-20,Tuesday
2013-05-15,2013,20,20,2013-20,Wednesday
2013-05-16,2013,20,20,2013-20,Thursday
2013-05-17,2013,20,20,2013-20,Friday
2013-05-18,2013,20,20,2013-20,Saturday
2013-05-19,2013,20,20,2013-20,Sunday
2013-05-20,2013,21,21,2013-21,Monday
2013-05-21,2013,21,21,2013-21,Tuesday
2013-05-22,2013,21,21,2013-21,Wednesday
2013-05-23,2013,21,21,2013-21,Thursday
2013-05-24,2013,21,21,2013-21,Friday
2013-05-25,2013,21,21,2013-21,Saturday
2013-05-26,2013,21,21,2013-21,Sunday
2013-05-27,2013,22,22,2013-22,Monday
2013-05-28,2013,22,22,2013-22,Tuesday
2013-05-29,2013,22,22,2013-22,Wednesday
2013-05-30,2013,22,22,2013-22,Thursday
2013-05-31,2013,22,22,2013-22,Friday
2013-06-01,2013,22,22,2013-22,Saturday
2013-06-02,2013,22,22,2013-22,Sunday
2013-06-03,2013,23,23,2013-23,Monday
2013-06-04,2013,23,23,2013-23,Tuesday
2013-06-05,2013,23,23,2013-23,Wednesday
2013-06-06,2013,23,23,2013-23,Thursday
2013-06-07,2013,23,23,2013-23,Friday
2013-06-08,2013,23,23,2013-23,Saturday
2013-06-09,2013,23,23,2013-23,Sunday
2013-06-10,2013,24,24,2013-24,Monday
2013-06-11,2013,24,24,2013-24,Tuesday
2013-06-12,2013,24,24,2013-24,Wednesday
2013-06-13,2013,24,24,2013-24,Thursday
2013-06-14,2013,24,24,2013-24,Friday
2013-06-15,2013,24,24,2013-24,Saturday
2013-06-16,2013,24,24,2013-24,Sunday
2013-06-17,2013,25,25,2013-25,Monday
2013-06-18,2013,25,25,2013-25,Tuesday
2013-06-19,2013,25,25,2013-25,Wednesday
2013-06-20,2013,25,25,2013-25,Thursday
2013-06-21,2013,25,25,2013-25,Friday
2013-06-22,2013,25,25,2013-25,Saturday
2013-06-23,2013,25,25,2013-25,Sunday
2013-06-24,2013,26,26,2013-26,Monday
2013-06-25,2013,26,26,2013-26,Tuesday
2013-06-26,2013,26,26,2013-26,Wednesday
2013-06-27,2013,26,26,2013-26,Thursday
2013-06-28,2013,26,26,2013-26,Friday
2013-06-29,2013,26,26,2013-26,Saturday
2013-06-30,2013,26,26,2013-26,Sunday
2013-07-01,2013,27,27,2013-27,Monday
2013-07-02,2013,27,27,2013-27,Tuesday
2013-07-03,2013,27,27,2013-27,Wednesday
2013-07-04,2013,27,27,2013-27,Thursday
2013-07-05,2013,27,27,2013-27,Friday
2013-07-06,2013,27,27,2013-27,Saturday
2013-07-07,2013,27,27,2013-27,Sunday
2013-07-08,2013,28,28,2013-28,Monday
2013-07-09,2013,28,28,2013-28,Tuesday
2013-07-10,2013,28,28,2013-28,Wednesday
2013-07-11,2013,28,28,2013-28,Thursday
2013-07-12,2013,28,28,2013-28,Friday
2013-07-13,2013,28,28,2013-28,Saturday
2013-07-14,2013,28,28,2013-28,Sunday
2013-07-15,2013,29,29,2013-29,Monday
2013-07-16,2013,29,29,2013-29,Tuesday
2013-07-17,2013,29,29,2013-29,Wednesday
2013-07-18,2013,29,29,2013-29,Thursday
2013-07-19,2013,29,29,2013-29,Friday
2013-07-20,2013,29,29,2013-29,Saturday
2013-07-21,2013,29,29,2013-29,Sunday
2013-07-22,2013,30,30,2013-30,Monday
2013-07-23,2013,30,30,2013-30,Tuesday
2013-07-24,2013,30,30,2013-30,Wednesday
2013-07-25,2013,30,30,2013-30,Thursday
2013-07-26,2013,30,30,2013-30,Friday
2013-07-27,2013,30,30,2013-30,Saturday
2013-07-28,2013,30,30,2013-30,Sunday
2013-07-29,2013,31,31,2013-31,Monday
2013-07-30,2013,31,31,2013-31,Tuesday
2013-07-31,2013,31,31,2013-31,Wednesday
2013-08-01,2013,31,31,2013-31,Thursday
2013-08-02,2013,31,31,2013-31,Friday
2013-08-03,2013,31,31,2013-31,Saturday
2013-08-04,2013,31,31,2013-31,Sunday
2013-08-05,2013,32,32,2013-32,Monday
2013-08-06,2013,32,32,2013-32,Tuesday
2013-08-07,2013,32,32,2013-32,Wednesday
2013-08-08,2013,32,32,2013-32,Thursday
2013-08-09,2013,32,32,2013-32,Friday
2013-08-10,2013,32,32,2013-32,Saturday
2013-08-11,2013,32,32,2013-32,Sunday
2013-08-12,2013,33,33,2013-33,Monday
2013-08-13,2013,33,33,2013-33,Tuesday
2013-08-14,2013,33,33,2013-33,Wednesday
2013-08-15,2013,33,33,2013-33,Thursday
2013-08-16,2013,33,33,2013-33,Friday
2013-08-17,2013,33,33,2013-33,Saturday
2013-08-18,2013,33,33,2013-33,Sunday
2013-08-19,2013,34,34,2013-34,Monday
2013-08-20,2013,34,34,2013-34,Tuesday
2013-08-21,2013,34,34,2013-34,Wednesday
2013-08-22,2013,34,34,2013-34,Thursday
2013-08-23,2013,34,34,2013-34,Friday
2013-08-24,2013,34,34,2013-34,Saturday
2013-08-25,2013,34,34,2013-34,Sunday
2013-08-26,2013,35,35,2013-35,Monday
2013-08-27,2013,35,35,2013-35,Tuesday
2013-08-28,2013,35,35,2013-35,Wednesday
2013-08-29,2013,35,35,2013-35,Thursday
2013-08-30,2013,35,35,2013-35,Friday
2013-08-31,2013,35,35,2013-35,Saturday
2013-09-01,2013,35,35,2013-35,Sunday
2013-09-02,2013,36,36,2013-36,Monday
2013-09-03,2013,36,36,2013-36,Tuesday
2013-09-04,2013,36,36,2013-36,Wednesday
2013-09-05,2013,36,36,2013-36,Thursday
2013-09-06,2013,36,36,2013-36,Friday
2013-09-07,2013,36,36,2013-36,Saturday
2013-09-08,2013,36,36,2013-36,Sunday
2013-09-09,2013,37,37,2013-37,Monday
2013-09-10,2013,37,37,2013-37,Tuesday
2013-09-11,2013,37,37,2013-37,Wednesday
2013-09-12,2013,37,37,2013-37,Thursday
2013-09-13,2013,37,37,2013-37,Friday
2013-09-14,2013,37,37,2013-37,Saturday
2013-09-15,2013,37,37,2013-37,Sunday
2013-09-16,2013,38,38,2013-38,Monday
2013-09-17,2013,38,38,2013-38,Tuesday
2013-09-18,2013,38,38,2013-38,Wednesday
2013-09-19,2013,38,38,2013-38,Thursday
2013-09-20,2013,38,38,2013-38,Friday
2013-09-21,2013,38,38,2013-38,Saturday
2013-09-22,2013,38,38,2013-38,Sunday
2013-09-23,2013,39,39,2013-39,Monday
2013-09-24,2013,39,39,2013-39,Tuesday
2013-09-25,2013,39,39,2013-39,Wednesday
2013-09-26,2013,39,39,2013-39,Thursday
2013-09-27,2013,39,39,2013-39,Friday
2013-09-28,2013,39,39,2013-39,Saturday
2013-09-29,2013,39,39,2013-39,Sunday
2013-09-30,2013,40,40,2013-40,Monday
2013-10-01,2013,40,40,2013-40,Tuesday
2013-10-02,2013,40,40,2013-40,Wednesday
2013-10-03,2013,40,40,2013-40,Thursday
2013-10-04,2013,40,40,2013-40,Friday
2013-10-05,2013,40,40,2013-40,Saturday
2013-10-06,2013,40,40,2013-40,Sunday
2013-10-07,2013,41,41,2013-41,Monday
2013-10-08,2013,41,41,2013-41,Tuesday
2013-10-09,2013,41,41,2013-41,Wednesday
2013-10-10,2013,41,41,2013-41,Thursday
2013-10-11,2013,41,41,2013-41,Friday
2013-10-12,2013,41,41,2013-41,Saturday
2013-10-13,2013,41,41,2013-41,Sunday
2013-10-14,2013,42,42,2013-42,Monday
2013-10-15,2013,42,42,2013-42,Tuesday
2013-10-16,2013,42,42,2013-42,Wednesday
2013-10-17,2013,42,42,2013-42,Thursday
2013-10-18,2013,42,42,2013-42,Friday
2013-10-19,2013,42,42,2013-42,Saturday
2013-10-20,2013,42,42,2013-42,Sunday
2013-10-21,2013,43,43,2013-43,Monday
2013-10-22,2013,43,43,2013-43,Tuesday
2013-10-23,2013,43,43,2013-43,Wednesday
2013-10-24,2013,43,43,2013-43,Thursday
2013-10-25,2013,43,43,2013-43,Friday
2013-10-26,2013,43,43,2013-43,Saturday
2013-10-27,2013,43,43,2013-43,Sunday
2013-10-28,2013,44,44,2013-44,Monday
2013-10-29,2013,44,44,2013-44,Tuesday
2013-10-30,2013,44,44,2013-44,Wednesday
2013-10-31,2013,44,44,2013-44,Thursday
2013-11-01,2013,44,44,2013-44,Friday
2013-11-02,2013,44,44,2013-44,Saturday
2013-11-03,2013,44,44,2013-44,Sunday
2013-11-04,2013,45,45,2013-45,Monday
2013-11-05,2013,45,45,2013-45,Tuesday
2013-11-06,2013,45,45,2013-45,Wednesday
2013-11-07,2013,45,45,2013-45,Thursday
2013-11-08,2013,45,45,2013-45,Friday
2013-11-09,2013,45,45,2013-45,Saturday
2013-11-10,2013,45,45,2013-45,Sunday
2013-11-11,2013,46,46,2013-46,Monday
2013-11-12,2013,46,46,2013-46,Tuesday
2013-11-13,2013,46,46,2013-46,Wednesday
2013-11-14,2013,46,46,2013-46,Thursday
2013-11-15,2013,46,46,2013-46,Friday
2013-11-16,2013,46,46,2013-46,Saturday
2013-11-17,2013,46,46,2013-46,Sunday
2013-11-18,2013,47,47,2013-47,Monday
2013-11-19,2013,47,47,2013-47,Tuesday
2013-11-20,2013,47,47,2013-47,Wednesday
2013-11-21,2013,47,47,2013-47,Thursday
2013-11-22,2013,47,47,2013-47,Friday
2013-11-23,2013,47,47,2013-47,Saturday
2013-11-24,2013,47,47,2013-47,Sunday
2013-11-25,2013,48,48,2013-48,Monday
2013-11-26,2013,48,48,2013-48,Tuesday
2013-11-27,2013,48,48,2013-48,Wednesday
2013-11-28,2013,48,48,2013-48,Thursday
2013-11-29,2013,48,48,2013-48,Friday
2013-11-30,2013,48,48,2013-48,Saturday
2013-12-01,2013,48,48,2013-48,Sunday
2013-12-02,2013,49,49,2013-49,Monday
2013-12-03,2013,49,49,2013-49,Tuesday
2013-12-04,2013,49,49,2013-49,Wednesday
2013-12-05,2013,49,49,2013-49,Thursday
2013-12-06,2013,49,49,2013-49,Friday
2013-12-07,2013,49,49,2013-49,Saturday
2013-12-08,2013,49,49,2013-49,Sunday
2013-12-09,2013,50,50,2013-50,Monday
2013-12-10,2013,50,50,2013-50,Tuesday
2013-12-11,2013,50,50,2013-50,Wednesday
2013-12-12,2013,50,50,2013-50,Thursday
2013-12-13,2013,50,50,2013-50,Friday
2013-12-14,2013,50,50,2013-50,Saturday
2013-12-15,2013,50,50,2013-50,Sunday
2013-12-16,2013,51,51,2013-51,Monday
2013-12-17,2013,51,51,2013-51,Tuesday
2013-12-18,2013,51,51,2013-51,Wednesday
2013-12-19,2013,51,51,2013-51,Thursday
2013-12-20,2013,51,51,2013-51,Friday
2013-12-21,2013,51,51,2013-51,Saturday
2013-12-22,2013,51,51,2013-51,Sunday
2013-12-23,2013,52,52,2013-52,Monday
2013-12-24,2013,52,52,2013-52,Tuesday
2013-12-25,2013,52,52,2013-52,Wednesday
2013-12-26,2013,52,52,2013-52,Thursday
2013-12-27,2013,52,52,2013-52,Friday
2013-12-28,2013,52,52,2013-52,Saturday
2013-12-29,2013,52,52,2013-52,Sunday
2013-12-30,2014,1,01,2014-01,Monday
2013-12-31,2014,1,01,2014-01,Tuesday
2014-01-01,2014,1,01,2014-01,Wednesday
2014-01-02,2014,1,01,2014-01,Thursday
2014-01-03,2014,1,01,2014-01,Friday
2014-01-04,2014,1,01,2014-01,Saturday
2014-01-05,2014,1,01,2014-01,Sunday
2014-01-06,2014,2,02,2014-02,Monday
2014-01-07,2014,2,02,2014-02,Tuesday
2014-01-08,2014,2,02,2014-02,Wednesday
2014-01-09,2014,2,02,2014-02,Thursday
2014-01-10,2014,2,02,2014-02,Friday
2014-01-11,2014,2,02,2014-02,Saturday
2014-01-12,2014,2,02,2014-02,Sunday
2014-01-13,2014,3,03,2014-03,Monday
2014-01-14,2014,3,03,2014-03,Tuesday
2014-01-15,2014,3,03,2014-03,Wednesday
2014-01-16,2014,3,03,2014-03,Thursday
2014-01-17,2014,3,03,2014-03,Friday
2014-01-18,2014,3,03,2014-03,Saturday
2014-01-19,2014,3,03,2014-03,Sunday
2014-01-20,2014,4,04,2014-04,Monday
2014-01-21,2014,4,04,2014-04,Tuesday
2014-01-22,2014,4,04,2014-04,Wednesday
2014-01-23,2014,4,04,2014-04,Thursday
2014-01-24,2014,4,04,2014-04,Friday
2014-01-25,2014,4,04,2014-04,Saturday
2014-01-26,2014,4,04,2014-04,Sunday
2014-01-27,2014,5,05,2014-05,Monday
2014-01-28,2014,5,05,2014-05,Tuesday
2014-01-29,2014,5,05,2014-05,Wednesday
2014-01-30,2014,5,05,2014-05,Thursday
2014-01-31,2014,5,05,2014-05,Friday
2014-02-01,2014,5,05,2014-05,Saturday
2014-02-02,2014,5,05,2014-05,Sunday
2014-02-03,2014,6,06,2014-06,Monday
2014-02-04,2014,6,06,2014-06,Tuesday
2014-02-05,2014,6,06,2014-06,Wednesday
2014-02-06,2014,6,06,2014-06,Thursday
2014-02-07,2014,6,06,2014-06,Friday
2014-02-08,2014,6,06,2014-06,Saturday
2014-02-09,2014,6,06,2014-06,Sunday
2014-02-10,2014,7,07,2014-07,Monday
2014-02-11,2014,7,07,2014-07,Tuesday
2014-02-12,2014,7,07,2014-07,Wednesday
2014-02-13,2014,7,07,2014-07,Thursday
2014-02-14,2014,7,07,2014-07,Friday
2014-02-15,2014,7,07,2014-07,Saturday
2014-02-16,2014,7,07,2014-07,Sunday
2014-02-17,2014,8,08,2014-08,Monday
2014-02-18,2014,8,08,2014-08,Tuesday
2014-02-19,2014,8,08,2014-08,Wednesday
2014-02-20,2014,8,08,2014-08,Thursday
2014-02-21,2014,8,08,2014-08,Friday
2014-02-22,2014,8,08,2014-08,Saturday
2014-02-23,2014,8,08,2014-08,Sunday
2014-02-24,2014,9,09,2014-09,Monday
2014-02-25,2014,9,09,2014-09,Tuesday
2014-02-26,2014,9,09,2014-09,Wednesday
2014-02-27,2014,9,09,2014-09,Thursday
2014-02-28,2014,9,09,2014-09,Friday
2014-03-01,2014,9,09,2014-09,Saturday
2014-03-02,2014,9,09,2014-09,Sunday
2014-03-03,2014,10,10,2014-10,Monday
2014-03-04,2014,10,10,2014-10,Tuesday
2014-03-05,2014,10,10,2014-10,Wednesday
2014-03-06,2014,10,10,2014-10,Thursday
2014-03-07,2014,10,10,2014-10,Friday
2014-03-08,2014,10,10,2014-10,Saturday
2014-03-09,2014,10,10,2014-10,Sunday
2014-03-10,2014,11,11,2014-11,Monday
2014-03-11,2014,11,11,2014-11,Tuesday
2014-03-12,2014,11,11,2014-11,Wednesday
2014-03-13,2014,11,11,2014-11,Thursday
2014-03-14,2014,11,11,2014-11,Friday
2014-03-15,2014,11,11,2014-11,Saturday
2014-03-16,2014,11,11,2014-11,Sunday
2014-03-17,2014,12,12,2014-12,Monday
2014-03-18,2014,12,12,2014-12,Tuesday
2014-03-19,2014,12,12,2014-12,Wednesday
2014-03-20,2014,12,12,2014-12,Thursday
2014-03-21,2014,12,12,2014-12,Friday
2014-03-22,2014,12,12,2014-12,Saturday
2014-03-23,2014,12,12,2014-12,Sunday
2014-03-24,2014,13,13,2014-13,Monday
2014-03-25,2014,13,13,2014-13,Tuesday
2014-03-26,2014,13,13,2014-13,Wednesday
2014-03-27,2014,13,13,2014-13,Thursday
2014-03-28,2014,13,13,2014-13,Friday
2014-03-29,2014,13,13,2014-13,Saturday
2014-03-30,2014,13,13,2014-13,Sunday
2014-03-31,2014,14,14,2014-14,Monday
2014-04-01,2014,14,14,2014-14,Tuesday
2014-04-02,2014,14,14,2014-14,Wednesday
2014-04-03,2014,14,14,2014-14,Thursday
2014-04-04,2014,14,14,2014-14,Friday
2014-04-05,2014,14,14,2014-14,Saturday
2014-04-06,2014,14,14,2014-14,Sunday
2014-04-07,2014,15,15,2014-15,Monday
2014-04-08,2014,15,15,2014-15,Tuesday
2014-04-09,2014,15,15,2014-15,Wednesday
2014-04-10,2014,15,15,2014-15,Thursday
2014-04-11,2014,15,15,2014-15,Friday
2014-04-12,2014,15,15,2014-15,Saturday
2014-04-13,2014,15,15,2014-15,Sunday
2014-04-14,2014,16,16,2014-16,Monday
2014-04-15,2014,16,16,2014-16,Tuesday
2014-04-16,2014,16,16,2014-16,Wednesday
2014-04-17,2014,16,16,2014-16,Thursday
2014-04-18,2014,16,16,2014-16,Friday
2014-04-19,2014,16,16,2014-16,Saturday
2014-04-20,2014,16,16,2014-16,Sunday
2014-04-21,2014,17,17,2014-17,Monday
2014-04-22,2014,17,17,2014-17,Tuesday
2014-04-23,2014,17,17,2014-17,Wednesday
2014-04-24,2014,17,17,2014-17,Thursday
2014-04-25,2014,17,17,2014-17,Friday
2014-04-26,2014,17,17,2014-17,Saturday
2014-04-27,2014,17,17,2014-17,Sunday
2014-04-28,2014,18,18,2014-18,Monday
2014-04-29,2014,18,18,2014-18,Tuesday
2014-04-30,2014,18,18,2014-18,Wednesday
2014-05-01,2014,18,18,2014-18,Thursday
2014-05-02,2014,18,18,2014-18,Friday
2014-05-03,2014,18,18,2014-18,Saturday
2014-05-04,2014,18,18,2014-18,Sunday
2014-05-05,2014,19,19,2014-19,Monday
2014-05-06,2014,19,19,2014-19,Tuesday
2014-05-07,2014,19,19,2014-19,Wednesday
2014-05-08,2014,19,19,2014-19,Thursday
2014-05-09,2014,19,19,2014-19,Friday
2014-05-10,2014,19,19,2014-19,Saturday
2014-05-11,2014,19,19,2014-19,Sunday
2014-05-12,2014,20,20,2014-20,Monday
2014-05-13,2014,20,20,2014-20,Tuesday
2014-05-14,2014,20,20,2014-20,Wednesday
2014-05-15,2014,20,20,2014-20,Thursday
2014-05-16,2014,20,20,2014-20,Friday
2014-05-17,2014,20,20,2014-20,Saturday
2014-05-18,2014,20,20,2014-20,Sunday
2014-05-19,2014,21,21,2014-21,Monday
2014-05-20,2014,21,21,2014-21,Tuesday
2014-05-21,2014,21,21,2014-21,Wednesday
2014-05-22,2014,21,21,2014-21,Thursday
2014-05-23,2014,21,21,2014-21,Friday
2014-05-24,2014,21,21,2014-21,Saturday
2014-05-25,2014,21,21,2014-21,Sunday
2014-05-26,2014,22,22,2014-22,Monday
2014-05-27,2014,22,22,2014-22,Tuesday
2014-05-28,2014,22,22,2014-22,Wednesday
2014-05-29,2014,22,22,2014-22,Thursday
2014-05-30,2014,22,22,2014-22,Friday
2014-05-31,2014,22,22,2014-22,Saturday
2014-06-01,2014,22,22,2014-22,Sunday
2014-06-02,2014,23,23,2014-23,Monday
2014-06-03,2014,23,23,2014-23,Tuesday
2014-06-04,2014,23,23,2014-23,Wednesday
2014-06-05,2014,23,23,2014-23,Thursday
2014-06-06,2014,23,23,2014-23,Friday
2014-06-07,2014,23,23,2014-23,Saturday
2014-06-08,2014,23,23,2014-23,Sunday
2014-06-09,2014,24,24,2014-24,Monday
2014-06-10,2014,24,24,2014-24,Tuesday
2014-06-11,2014,24,24,2014-24,Wednesday
2014-06-12,2014,24,24,2014-24,Thursday
2014-06-13,2014,24,24,2014-24,Friday
2014-06-14,2014,24,24,2014-24,Saturday
2014-06-15,2014,24,24,2014-24,Sunday
2014-06-16,2014,25,25,2014-25,Monday
2014-06-17,2014,25,25,2014-25,Tuesday
2014-06-18,2014,25,25,2014-25,Wednesday
2014-06-19,2014,25,25,2014-25,Thursday
2014-06-20,2014,25,25,2014-25,Friday
2014-06-21,2014,25,25,2014-25,Saturday
2014-06-22,2014,25,25,2014-25,Sunday
2014-06-23,2014,26,26,2014-26,Monday
2014-06-24,2014,26,26,2014-26,Tuesday
2014-06-25,2014,26,26,2014-26,Wednesday
2014-06-26,2014,26,26,2014-26,Thursday
2014-06-27,2014,26,26,2014-26,Friday
2014-06-28,2014,26,26,2014-26,Saturday
2014-06-29,2014,26,26,2014-26,Sunday
2014-06-30,2014,27,27,2014-27,Monday
2014-07-01,2014,27,27,2014-27,Tuesday
2014-07-02,2014,27,27,2014-27,Wednesday
2014-07-03,2014,27,27,2014-27,Thursday
2014-07-04,2014,27,27,2014-27,Friday
2014-07-05,2014,27,27,2014-27,Saturday
2014-07-06,2014,27,27,2014-27,Sunday
2014-07-07,2014,28,28,2014-28,Monday
2014-07-08,2014,28,28,2014-28,Tuesday
2014-07-09,2014,28,28,2014-28,Wednesday
2014-07-10,2014,28,28,2014-28,Thursday
2014-07-11,2014,28,28,2014-28,Friday
2014-07-12,2014,28,28,2014-28,Saturday
2014-07-13,2014,28,28,2014-28,Sunday
2014-07-14,2014,29,29,2014-29,Monday
2014-07-15,2014,29,29,2014-29,Tuesday
2014-07-16,2014,29,29,2014-29,Wednesday
2014-07-17,2014,29,29,2014-29,Thursday
2014-07-18,2014,29,29,2014-29,Friday
2014-07-19,2014,29,29,2014-29,Saturday
2014-07-20,2014,29,29,2014-29,Sunday
2014-07-21,2014,30,30,2014-30,Monday
2014-07-22,2014,30,30,2014-30,Tuesday
2014-07-23,2014,30,30,2014-30,Wednesday
2014-07-24,2014,30,30,2014-30,Thursday
2014-07-25,2014,30,30,2014-30,Friday
2014-07-26,2014,30,30,2014-30,Saturday
2014-07-27,2014,30,30,2014-30,Sunday
2014-07-28,2014,31,31,2014-31,Monday
2014-07-29,2014,31,31,2014-31,Tuesday
2014-07-30,2014,31,31,2014-31,Wednesday
2014-07-31,2014,31,31,2014-31,Thursday
2014-08-01,2014,31,31,2014-31,Friday
2014-08-02,2014,31,31,2014-31,Saturday
2014-08-03,2014,31,31,2014-31,Sunday
2014-08-04,2014,32,32,2014-32,Monday
2014-08-05,2014,32,32,2014-32,Tuesday
2014-08-06,2014,32,32,2014-32,Wednesday
2014-08-07,2014,32,32,2014-32,Thursday
2014-08-08,2014,32,32,2014-32,Friday
2014-08-09,2014,32,32,2014-32,Saturday
2014-08-10,2014,32,32,2014-32,Sunday
2014-08-11,2014,33,33,2014-33,Monday
2014-08-12,2014,33,33,2014-33,Tuesday
2014-08-13,2014,33,33,2014-33,Wednesday
2014-08-14,2014,33,33,2014-33,Thursday
2014-08-15,2014,33,33,2014-33,Friday
2014-08-16,2014,33,33,2014-33,Saturday
2014-08-17,2014,33,33,2014-33,Sunday
2014-08-18,2014,34,34,2014-34,Monday
2014-08-19,2014,34,34,2014-34,Tuesday
2014-08-20,2014,34,34,2014-34,Wednesday
2014-08-21,2014,34,34,2014-34,Thursday
2014-08-22,2014,34,34,2014-34,Friday
2014-08-23,2014,34,34,2014-34,Saturday
2014-08-24,2014,34,34,2014-34,Sunday
2014-08-25,2014,35,35,2014-35,Monday
2014-08-26,2014,35,35,2014-35,Tuesday
2014-08-27,2014,35,35,2014-35,Wednesday
2014-08-28,2014,35,35,2014-35,Thursday
2014-08-29,2014,35,35,2014-35,Friday
2014-08-30,2014,35,35,2014-35,Saturday
2014-08-31,2014,35,35,2014-35,Sunday
2014-09-01,2014,36,36,2014-36,Monday
2014-09-02,2014,36,36,2014-36,Tuesday
2014-09-03,2014,36,36,2014-36,Wednesday
2014-09-04,2014,36,36,2014-36,Thursday
2014-09-05,2014,36,36,2014-36,Friday
2014-09-06,2014,36,36,2014-36,Saturday
2014-09-07,2014,36,36,2014-36,Sunday
2014-09-08,2014,37,37,2014-37,Monday
2014-09-09,2014,37,37,2014-37,Tuesday
2014-09-10,2014,37,37,2014-37,Wednesday
2014-09-11,2014,37,37,2014-37,Thursday
2014-09-12,2014,37,37,2014-37,Friday
2014-09-13,2014,37,37,2014-37,Saturday
2014-09-14,2014,37,37,2014-37,Sunday
2014-09-15,2014,38,38,2014-38,Monday
2014-09-16,2014,38,38,2014-38,Tuesday
2014-09-17,2014,38,38,2014-38,Wednesday
2014-09-18,2014,38,38,2014-38,Thursday
2014-09-19,2014,38,38,2014-38,Friday
2014-09-20,2014,38,38,2014-38,Saturday
2014-09-21,2014,38,38,2014-38,Sunday
2014-09-22,2014,39,39,2014-39,Monday
2014-09-23,2014,39,39,2014-39,Tuesday
2014-09-24,2014,39,39,2014-39,Wednesday
2014-09-25,2014,39,39,2014-39,Thursday
2014-09-26,2014,39,39,2014-39,Friday
2014-09-27,2014,39,39,2014-39,Saturday
2014-09-28,2014,39,39,2014-39,Sunday
2014-09-29,2014,40,40,2014-40,Monday
2014-09-30,2014,40,40,2014-40,Tuesday
2014-10-01,2014,40,40,2014-40,Wednesday
2014-10-02,2014,40,40,2014-40,Thursday
2014-10-03,2014,40,40,2014-40,Friday
2014-10-04,2014,40,40,2014-40,Saturday
2014-10-05,2014,40,40,2014-40,Sunday
2014-10-06,2014,41,41,2014-41,Monday
2014-10-07,2014,41,41,2014-41,Tuesday
2014-10-08,2014,41,41,2014-41,Wednesday
2014-10-09,2014,41,41,2014-41,Thursday
2014-10-10,2014,41,41,2014-41,Friday
2014-10-11,2014,41,41,2014-41,Saturday
2014-10-12,2014,41,41,2014-41,Sunday
2014-10-13,2014,42,42,2014-42,Monday
2014-10-14,2014,42,42,2014-42,Tuesday
2014-10-15,2014,42,42,2014-42,Wednesday
2014-10-16,2014,42,42,2014-42,Thursday
2014-10-17,2014,42,42,2014-42,Friday
2014-10-18,2014,42,42,2014-42,Saturday
2014-10-19,2014,42,42,2014-42,Sunday
2014-10-20,2014,43,43,2014-43,Monday
2014-10-21,2014,43,43,2014-43,Tuesday
2014-10-22,2014,43,43,2014-43,Wednesday
2014-10-23,2014,43,43,2014-43,Thursday
2014-10-24,2014,43,43,2014-43,Friday
2014-10-25,2014,43,43,2014-43,Saturday
2014-10-26,2014,43,43,2014-43,Sunday
2014-10-27,2014,44,44,2014-44,Monday
2014-10-28,2014,44,44,2014-44,Tuesday
2014-10-29,2014,44,44,2014-44,Wednesday
2014-10-30,2014,44,44,2014-44,Thursday
2014-10-31,2014,44,44,2014-44,Friday
2014-11-01,2014,44,44,2014-44,Saturday
2014-11-02,2014,44,44,2014-44,Sunday
2014-11-03,2014,45,45,2014-45,Monday
2014-11-04,2014,45,45,2014-45,Tuesday
2014-11-05,2014,45,45,2014-45,Wednesday
2014-11-06,2014,45,45,2014-45,Thursday
2014-11-07,2014,45,45,2014-45,Friday
2014-11-08,2014,45,45,2014-45,Saturday
2014-11-09,2014,45,45,2014-45,Sunday
2014-11-10,2014,46,46,2014-46,Monday
2014-11-11,2014,46,46,2014-46,Tuesday
2014-11-12,2014,46,46,2014-46,Wednesday
2014-11-13,2014,46,46,2014-46,Thursday
2014-11-14,2014,46,46,2014-46,Friday
2014-11-15,2014,46,46,2014-46,Saturday
2014-11-16,2014,46,46,2014-46,Sunday
2014-11-17,2014,47,47,2014-47,Monday
2014-11-18,2014,47,47,2014-47,Tuesday
2014-11-19,2014,47,47,2014-47,Wednesday
2014-11-20,2014,47,47,2014-47,Thursday
2014-11-21,2014,47,47,2014-47,Friday
2014-11-22,2014,47,47,2014-47,Saturday
2014-11-23,2014,47,47,2014-47,Sunday
2014-11-24,2014,48,48,2014-48,Monday
2014-11-25,2014,48,48,2014-48,Tuesday
2014-11-26,2014,48,48,2014-48,Wednesday
2014-11-27,2014,48,48,2014-48,Thursday
2014-11-28,2014,48,48,2014-48,Friday
2014-11-29,2014,48,48,2014-48,Saturday
2014-11-30,2014,48,48,2014-48,Sunday
2014-12-01,2014,49,49,2014-49,Monday
2014-12-02,2014,49,49,2014-49,Tuesday
2014-12-03,2014,49,49,2014-49,Wednesday
2014-12-04,2014,49,49,2014-49,Thursday
2014-12-05,2014,49,49,2014-49,Friday
2014-12-06,2014,49,49,2014-49,Saturday
2014-12-07,2014,49,49,2014-49,Sunday
2014-12-08,2014,50,50,2014-50,Monday
2014-12-09,2014,50,50,2014-50,Tuesday
2014-12-10,2014,50,50,2014-50,Wednesday
2014-12-11,2014,50,50,2014-50,Thursday
2014-12-12,2014,50,50,2014-50,Friday
2014-12-13,2014,50,50,2014-50,Saturday
2014-12-14,2014,50,50,2014-50,Sunday
2014-12-15,2014,51,51,2014-51,Monday
2014-12-16,2014,51,51,2014-51,Tuesday
2014-12-17,2014,51,51,2014-51,Wednesday
2014-12-18,2014,51,51,2014-51,Thursday
2014-12-19,2014,51,51,2014-51,Friday
2014-12-20,2014,51,51,2014-51,Saturday
2014-12-21,2014,51,51,2014-51,Sunday
2014-12-22,2014,52,52,2014-52,Monday
2014-12-23,2014,52,52,2014-52,Tuesday
2014-12-24,2014,52,52,2014-52,Wednesday
2014-12-25,2014,52,52,2014-52,Thursday
2014-12-26,2014,52,52,2014-52,Friday
2014-12-27,2014,52,52,2014-52,Saturday
2014-12-28,2014,52,52,2014-52,Sunday
2014-12-29,2015,1,01,2015-01,Monday
2014-12-30,2015,1,01,2015-01,Tuesday
2014-12-31,2015,1,01,2015-01,Wednesday
2015-01-01,2015,1,01,2015-01,Thursday
2015-01-02,2015,1,01,2015-01,Friday
2015-01-03,2015,1,01,2015-01,Saturday
2015-01-04,2015,1,01,2015-01,Sunday
2015-01-05,2015,2,02,2015-02,Monday
2015-01-06,2015,2,02,2015-02,Tuesday
2015-01-07,2015,2,02,2015-02,Wednesday
2015-01-08,2015,2,02,2015-02,Thursday
2015-01-09,2015,2,02,2015-02,Friday
2015-01-10,2015,2,02,2015-02,Saturday
2015-01-11,2015,2,02,2015-02,Sunday
2015-01-12,2015,3,03,2015-03,Monday
2015-01-13,2015,3,03,2015-03,Tuesday
2015-01-14,2015,3,03,2015-03,Wednesday
2015-01-15,2015,3,03,2015-03,Thursday
2015-01-16,2015,3,03,2015-03,Friday
2015-01-17,2015,3,03,2015-03,Saturday
2015-01-18,2015,3,03,2015-03,Sunday
2015-01-19,2015,4,04,2015-04,Monday
2015-01-20,2015,4,04,2015-04,Tuesday
2015-01-21,2015,4,04,2015-04,Wednesday
2015-01-22,2015,4,04,2015-04,Thursday
2015-01-23,2015,4,04,2015-04,Friday
2015-01-24,2015,4,04,2015-04,Saturday
2015-01-25,2015,4,04,2015-04,Sunday
2015-01-26,2015,5,05,2015-05,Monday
2015-01-27,2015,5,05,2015-05,Tuesday
2015-01-28,2015,5,05,2015-05,Wednesday
2015-01-29,2015,5,05,2015-05,Thursday
2015-01-30,2015,5,05,2015-05,Friday
2015-01-31,2015,5,05,2015-05,Saturday
2015-02-01,2015,5,05,2015-05,Sunday
2015-02-02,2015,6,06,2015-06,Monday
2015-02-03,2015,6,06,2015-06,Tuesday
2015-02-04,2015,6,06,2015-06,Wednesday
2015-02-05,2015,6,06,2015-06,Thursday
2015-02-06,2015,6,06,2015-06,Friday
2015-02-07,2015,6,06,2015-06,Saturday
2015-02-08,2015,6,06,2015-06,Sunday
2015-02-09,2015,7,07,2015-07,Monday
2015-02-10,2015,7,07,2015-07,Tuesday
2015-02-11,2015,7,07,2015-07,Wednesday
2015-02-12,2015,7,07,2015-07,Thursday
2015-02-13,2015,7,07,2015-07,Friday
2015-02-14,2015,7,07,2015-07,Saturday
2015-02-15,2015,7,07,2015-07,Sunday
2015-02-16,2015,8,08,2015-08,Monday
2015-02-17,2015,8,08,2015-08,Tuesday
2015-02-18,2015,8,08,2015-08,Wednesday
2015-02-19,2015,8,08,2015-08,Thursday
2015-02-20,2015,8,08,2015-08,Friday
2015-02-21,2015,8,08,2015-08,Saturday
2015-02-22,2015,8,08,2015-08,Sunday
2015-02-23,2015,9,09,2015-09,Monday
2015-02-24,2015,9,09,2015-09,Tuesday
2015-02-25,2015,9,09,2015-09,Wednesday
2015-02-26,2015,9,09,2015-09,Thursday
2015-02-27,2015,9,09,2015-09,Friday
2015-02-28,2015,9,09,2015-09,Saturday
2015-03-01,2015,9,09,2015-09,Sunday
2015-03-02,2015,10,10,2015-10,Monday
2015-03-03,2015,10,10,2015-10,Tuesday
2015-03-04,2015,10,10,2015-10,Wednesday
2015-03-05,2015,10,10,2015-10,Thursday
2015-03-06,2015,10,10,2015-10,Friday
2015-03-07,2015,10,10,2015-10,Saturday
2015-03-08,2015,10,10,2015-10,Sunday
2015-03-09,2015,11,11,2015-11,Monday
2015-03-10,2015,11,11,2015-11,Tuesday
2015-03-11,2015,11,11,2015-11,Wednesday
2015-03-12,2015,11,11,2015-11,Thursday
2015-03-13,2015,11,11,2015-11,Friday
2015-03-14,2015,11,11,2015-11,Saturday
2015-03-15,2015,11,11,2015-11,Sunday
2015-03-16,2015,12,12,2015-12,Monday
2015-03-17,2015,12,12,2015-12,Tuesday
2015-03-18,2015,12,12,2015-12,Wednesday
2015-03-19,2015,12,12,2015-12,Thursday
2015-03-20,2015,12,12,2015-12,Friday
2015-03-21,2015,12,12,2015-12,Saturday
2015-03-22,2015,12,12,2015-12,Sunday
2015-03-23,2015,13,13,2015-13,Monday
2015-03-24,2015,13,13,2015-13,Tuesday
2015-03-25,2015,13,13,2015-13,Wednesday
2015-03-26,2015,13,13,2015-13,Thursday
2015-03-27,2015,13,13,2015-13,Friday
2015-03-28,2015,13,13,2015-13,Saturday
2015-03-29,2015,13,13,2015-13,Sunday
2015-03-30,2015,14,14,2015-14,Monday
2015-03-31,2015,14,14,2015-14,Tuesday
2015-04-01,2015,14,14,2015-14,Wednesday
2015-04-02,2015,14,14,2015-14,Thursday
2015-04-03,2015,14,14,2015-14,Friday
2015-04-04,2015,14,14,2015-14,Saturday
2015-04-05,2015,14,14,2015-14,Sunday
2015-04-06,2015,15,15,2015-15,Monday
2015-04-07,2015,15,15,2015-15,Tuesday
2015-04-08,2015,15,15,2015-15,Wednesday
2015-04-09,2015,15,15,2015-15,Thursday
2015-04-10,2015,15,15,2015-15,Friday
2015-04-11,2015,15,15,2015-15,Saturday
2015-04-12,2015,15,15,2015-15,Sunday
2015-04-13,2015,16,16,2015-16,Monday
2015-04-14,2015,16,16,2015-16,Tuesday
2015-04-15,2015,16,16,2015-16,Wednesday
2015-04-16,2015,16,16,2015-16,Thursday
2015-04-17,2015,16,16,2015-16,Friday
2015-04-18,2015,16,16,2015-16,Saturday
2015-04-19,2015,16,16,2015-16,Sunday
2015-04-20,2015,17,17,2015-17,Monday
2015-04-21,2015,17,17,2015-17,Tuesday
2015-04-22,2015,17,17,2015-17,Wednesday
2015-04-23,2015,17,17,2015-17,Thursday
2015-04-24,2015,17,17,2015-17,Friday
2015-04-25,2015,17,17,2015-17,Saturday
2015-04-26,2015,17,17,2015-17,Sunday
2015-04-27,2015,18,18,2015-18,Monday
2015-04-28,2015,18,18,2015-18,Tuesday
2015-04-29,2015,18,18,2015-18,Wednesday
2015-04-30,2015,18,18,2015-18,Thursday
2015-05-01,2015,18,18,2015-18,Friday
2015-05-02,2015,18,18,2015-18,Saturday
2015-05-03,2015,18,18,2015-18,Sunday
2015-05-04,2015,19,19,2015-19,Monday
2015-05-05,2015,19,19,2015-19,Tuesday
2015-05-06,2015,19,19,2015-19,Wednesday
2015-05-07,2015,19,19,2015-19,Thursday
2015-05-08,2015,19,19,2015-19,Friday
2015-05-09,2015,19,19,2015-19,Saturday
2015-05-10,2015,19,19,2015-19,Sunday
2015-05-11,2015,20,20,2015-20,Monday
2015-05-12,2015,20,20,2015-20,Tuesday
2015-05-13,2015,20,20,2015-20,Wednesday
2015-05-14,2015,20,20,2015-20,Thursday
2015-05-15,2015,20,20,2015-20,Friday
2015-05-16,2015,20,20,2015-20,Saturday
2015-05-17,2015,20,20,2015-20,Sunday
2015-05-18,2015,21,21,2015-21,Monday
2015-05-19,2015,21,21,2015-21,Tuesday
2015-05-20,2015,21,21,2015-21,Wednesday
2015-05-21,2015,21,21,2015-21,Thursday
2015-05-22,2015,21,21,2015-21,Friday
2015-05-23,2015,21,21,2015-21,Saturday
2015-05-24,2015,21,21,2015-21,Sunday
2015-05-25,2015,22,22,2015-22,Monday
2015-05-26,2015,22,22,2015-22,Tuesday
2015-05-27,2015,22,22,2015-22,Wednesday
2015-05-28,2015,22,22,2015-22,Thursday
2015-05-29,2015,22,22,2015-22,Friday
2015-05-30,2015,22,22,2015-22,Saturday
2015-05-31,2015,22,22,2015-22,Sunday
2015-06-01,2015,23,23,2015-23,Monday
2015-06-02,2015,23,23,2015-23,Tuesday
2015-06-03,2015,23,23,2015-23,Wednesday
2015-06-04,2015,23,23,2015-23,Thursday
2015-06-05,2015,23,23,2015-23,Friday
2015-06-06,2015,23,23,2015-23,Saturday
2015-06-07,2015,23,23,2015-23,Sunday
2015-06-08,2015,24,24,2015-24,Monday
2015-06-09,2015,24,24,2015-24,Tuesday
2015-06-10,2015,24,24,2015-24,Wednesday
2015-06-11,2015,24,24,2015-24,Thursday
2015-06-12,2015,24,24,2015-24,Friday
2015-06-13,2015,24,24,2015-24,Saturday
2015-06-14,2015,24,24,2015-24,Sunday
2015-06-15,2015,25,25,2015-25,Monday
2015-06-16,2015,25,25,2015-25,Tuesday
2015-06-17,2015,25,25,2015-25,Wednesday
2015-06-18,2015,25,25,2015-25,Thursday
2015-06-19,2015,25,25,2015-25,Friday
2015-06-20,2015,25,25,2015-25,Saturday
2015-06-21,2015,25,25,2015-25,Sunday
2015-06-22,2015,26,26,2015-26,Monday
2015-06-23,2015,26,26,2015-26,Tuesday
2015-06-24,2015,26,26,2015-26,Wednesday
2015-06-25,2015,26,26,2015-26,Thursday
2015-06-26,2015,26,26,2015-26,Friday
2015-06-27,2015,26,26,2015-26,Saturday
2015-06-28,2015,26,26,2015-26,Sunday
2015-06-29,2015,27,27,2015-27,Monday
2015-06-30,2015,27,27,2015-27,Tuesday
2015-07-01,2015,27,27,2015-27,Wednesday
2015-07-02,2015,27,27,2015-27,Thursday
2015-07-03,2015,27,27,2015-27,Friday
2015-07-04,2015,27,27,2015-27,Saturday
2015-07-05,2015,27,27,2015-27,Sunday
2015-07-06,2015,28,28,2015-28,Monday
2015-07-07,2015,28,28,2015-28,Tuesday
2015-07-08,2015,28,28,2015-28,Wednesday
2015-07-09,2015,28,28,2015-28,Thursday
2015-07-10,2015,28,28,2015-28,Friday
2015-07-11,2015,28,28,2015-28,Saturday
2015-07-12,2015,28,28,2015-28,Sunday
2015-07-13,2015,29,29,2015-29,Monday
2015-07-14,2015,29,29,2015-29,Tuesday
2015-07-15,2015,29,29,2015-29,Wednesday
2015-07-16,2015,29,29,2015-29,Thursday
2015-07-17,2015,29,29,2015-29,Friday
2015-07-18,2015,29,29,2015-29,Saturday
2015-07-19,2015,29,29,2015-29,Sunday
2015-07-20,2015,30,30,2015-30,Monday
2015-07-21,2015,30,30,2015-30,Tuesday
2015-07-22,2015,30,30,2015-30,Wednesday
2015-07-23,2015,30,30,2015-30,Thursday
2015-07-24,2015,30,30,2015-30,Friday
2015-07-25,2015,30,30,2015-30,Saturday
2015-07-26,2015,30,30,2015-30,Sunday
2015-07-27,2015,31,31,2015-31,Monday
2015-07-28,2015,31,31,2015-31,Tuesday
2015-07-29,2015,31,31,2015-31,Wednesday
2015-07-30,2015,31,31,2015-31,Thursday
2015-07-31,2015,31,31,2015-31,Friday
2015-08-01,2015,31,31,2015-31,Saturday
2015-08-02,2015,31,31,2015-31,Sunday
2015-08-03,2015,32,32,2015-32,Monday
2015-08-04,2015,32,32,2015-32,Tuesday
2015-08-05,2015,32,32,2015-32,Wednesday
2015-08-06,2015,32,32,2015-32,Thursday
2015-08-07,2015,32,32,2015-32,Friday
2015-08-08,2015,32,32,2015-32,Saturday
2015-08-09,2015,32,32,2015-32,Sunday
2015-08-10,2015,33,33,2015-33,Monday
2015-08-11,2015,33,33,2015-33,Tuesday
2015-08-12,2015,33,33,2015-33,Wednesday
2015-08-13,2015,33,33,2015-33,Thursday
2015-08-14,2015,33,33,2015-33,Friday
2015-08-15,2015,33,33,2015-33,Saturday
2015-08-16,2015,33,33,2015-33,Sunday
2015-08-17,2015,34,34,2015-34,Monday
2015-08-18,2015,34,34,2015-34,Tuesday
2015-08-19,2015,34,34,2015-34,Wednesday
2015-08-20,2015,34,34,2015-34,Thursday
2015-08-21,2015,34,34,2015-34,Friday
2015-08-22,2015,34,34,2015-34,Saturday
2015-08-23,2015,34,34,2015-34,Sunday
2015-08-24,2015,35,35,2015-35,Monday
2015-08-25,2015,35,35,2015-35,Tuesday
2015-08-26,2015,35,35,2015-35,Wednesday
2015-08-27,2015,35,35,2015-35,Thursday
2015-08-28,2015,35,35,2015-35,Friday
2015-08-29,2015,35,35,2015-35,Saturday
2015-08-30,2015,35,35,2015-35,Sunday
2015-08-31,2015,36,36,2015-36,Monday
2015-09-01,2015,36,36,2015-36,Tuesday
2015-09-02,2015,36,36,2015-36,Wednesday
2015-09-03,2015,36,36,2015-36,Thursday
2015-09-04,2015,36,36,2015-36,Friday
2015-09-05,2015,36,36,2015-36,Saturday
2015-09-06,2015,36,36,2015-36,Sunday
2015-09-07,2015,37,37,2015-37,Monday
2015-09-08,2015,37,37,2015-37,Tuesday
2015-09-09,2015,37,37,2015-37,Wednesday
2015-09-10,2015,37,37,2015-37,Thursday
2015-09-11,2015,37,37,2015-37,Friday
2015-09-12,2015,37,37,2015-37,Saturday
2015-09-13,2015,37,37,2015-37,Sunday
2015-09-14,2015,38,38,2015-38,Monday
2015-09-15,2015,38,38,2015-38,Tuesday
2015-09-16,2015,38,38,2015-38,Wednesday
2015-09-17,2015,38,38,2015-38,Thursday
2015-09-18,2015,38,38,2015-38,Friday
2015-09-19,2015,38,38,2015-38,Saturday
2015-09-20,2015,38,38,2015-38,Sunday
2015-09-21,2015,39,39,2015-39,Monday
2015-09-22,2015,39,39,2015-39,Tuesday
2015-09-23,2015,39,39,2015-39,Wednesday
2015-09-24,2015,39,39,2015-39,Thursday
2015-09-25,2015,39,39,2015-39,Friday
2015-09-26,2015,39,39,2015-39,Saturday
2015-09-27,2015,39,39,2015-39,Sunday
2015-09-28,2015,40,40,2015-40,Monday
2015-09-29,2015,40,40,2015-40,Tuesday
2015-09-30,2015,40,40,2015-40,Wednesday
2015-10-01,2015,40,40,2015-40,Thursday
2015-10-02,2015,40,40,2015-40,Friday
2015-10-03,2015,40,40,2015-40,Saturday
2015-10-04,2015,40,40,2015-40,Sunday
2015-10-05,2015,41,41,2015-41,Monday
2015-10-06,2015,41,41,2015-41,Tuesday
2015-10-07,2015,41,41,2015-41,Wednesday
2015-10-08,2015,41,41,2015-41,Thursday
2015-10-09,2015,41,41,2015-41,Friday
2015-10-10,2015,41,41,2015-41,Saturday
2015-10-11,2015,41,41,2015-41,Sunday
2015-10-12,2015,42,42,2015-42,Monday
2015-10-13,2015,42,42,2015-42,Tuesday
2015-10-14,2015,42,42,2015-42,Wednesday
2015-10-15,2015,42,42,2015-42,Thursday
2015-10-16,2015,42,42,2015-42,Friday
2015-10-17,2015,42,42,2015-42,Saturday
2015-10-18,2015,42,42,2015-42,Sunday
2015-10-19,2015,43,43,2015-43,Monday
2015-10-20,2015,43,43,2015-43,Tuesday
2015-10-21,2015,43,43,2015-43,Wednesday
2015-10-22,2015,43,43,2015-43,Thursday
2015-10-23,2015,43,43,2015-43,Friday
2015-10-24,2015,43,43,2015-43,Saturday
2015-10-25,2015,43,43,2015-43,Sunday
2015-10-26,2015,44,44,2015-44,Monday
2015-10-27,2015,44,44,2015-44,Tuesday
2015-10-28,2015,44,44,2015-44,Wednesday
2015-10-29,2015,44,44,2015-44,Thursday
2015-10-30,2015,44,44,2015-44,Friday
2015-10-31,2015,44,44,2015-44,Saturday
2015-11-01,2015,44,44,2015-44,Sunday
2015-11-02,2015,45,45,2015-45,Monday
2015-11-03,2015,45,45,2015-45,Tuesday
2015-11-04,2015,45,45,2015-45,Wednesday
2015-11-05,2015,45,45,2015-45,Thursday
2015-11-06,2015,45,45,2015-45,Friday
2015-11-07,2015,45,45,2015-45,Saturday
2015-11-08,2015,45,45,2015-45,Sunday
2015-11-09,2015,46,46,2015-46,Monday
2015-11-10,2015,46,46,2015-46,Tuesday
2015-11-11,2015,46,46,2015-46,Wednesday
2015-11-12,2015,46,46,2015-46,Thursday
2015-11-13,2015,46,46,2015-46,Friday
2015-11-14,2015,46,46,2015-46,Saturday
2015-11-15,2015,46,46,2015-46,Sunday
2015-11-16,2015,47,47,2015-47,Monday
2015-11-17,2015,47,47,2015-47,Tuesday
2015-11-18,2015,47,47,2015-47,Wednesday
2015-11-19,2015,47,47,2015-47,Thursday
2015-11-20,2015,47,47,2015-47,Friday
2015-11-21,2015,47,47,2015-47,Saturday
2015-11-22,2015,47,47,2015-47,Sunday
2015-11-23,2015,48,48,2015-48,Monday
2015-11-24,2015,48,48,2015-48,Tuesday
2015-11-25,2015,48,48,2015-48,Wednesday
2015-11-26,2015,48,48,2015-48,Thursday
2015-11-27,2015,48,48,2015-48,Friday
2015-11-28,2015,48,48,2015-48,Saturday
2015-11-29,2015,48,48,2015-48,Sunday
2015-11-30,2015,49,49,2015-49,Monday
2015-12-01,2015,49,49,2015-49,Tuesday
2015-12-02,2015,49,49,2015-49,Wednesday
2015-12-03,2015,49,49,2015-49,Thursday
2015-12-04,2015,49,49,2015-49,Friday
2015-12-05,2015,49,49,2015-49,Saturday
2015-12-06,2015,49,49,2015-49,Sunday
2015-12-07,2015,50,50,2015-50,Monday
2015-12-08,2015,50,50,2015-50,Tuesday
2015-12-09,2015,50,50,2015-50,Wednesday
2015-12-10,2015,50,50,2015-50,Thursday
2015-12-11,2015,50,50,2015-50,Friday
2015-12-12,2015,50,50,2015-50,Saturday
2015-12-13,2015,50,50,2015-50,Sunday
2015-12-14,2015,51,51,2015-51,Monday
2015-12-15,2015,51,51,2015-51,Tuesday
2015-12-16,2015,51,51,2015-51,Wednesday
2015-12-17,2015,51,51,2015-51,Thursday
2015-12-18,2015,51,51,2015-51,Friday
2015-12-19,2015,51,51,2015-51,Saturday
2015-12-20,2015,51,51,2015-51,Sunday
2015-12-21,2015,52,52,2015-52,Monday
2015-12-22,2015,52,52,2015-52,Tuesday
2015-12-23,2015,52,52,2015-52,Wednesday
2015-12-24,2015,52,52,2015-52,Thursday
2015-12-25,2015,52,52,2015-52,Friday
2015-12-26,2015,52,52,2015-52,Saturday
2015-12-27,2015,52,52,2015-52,Sunday
2015-12-28,2015,53,53,2015-53,Monday
2015-12-29,2015,53,53,2015-53,Tuesday
2015-12-30,2015,53,53,2015-53,Wednesday
2015-12-31,2015,53,53,2015-53,Thursday
2016-01-01,2015,53,53,2015-53,Friday
2016-01-02,2015,53,53,2015-53,Saturday
2016-01-03,2015,53,53,2015-53,Sunday
2016-01-04,2016,1,01,2016-01,Monday
2016-01-05,2016,1,01,2016-01,Tuesday
2016-01-06,2016,1,01,2016-01,Wednesday
2016-01-07,2016,1,01,2016-01,Thursday
2016-01-08,2016,1,01,2016-01,Friday
2016-01-09,2016,1,01,2016-01,Saturday
2016-01-10,2016,1,01,2016-01,Sunday
2016-01-11,2016,2,02,2016-02,Monday
2016-01-12,2016,2,02,2016-02,Tuesday
2016-01-13,2016,2,02,2016-02,Wednesday
2016-01-14,2016,2,02,2016-02,Thursday
2016-01-15,2016,2,02,2016-02,Friday
2016-01-16,2016,2,02,2016-02,Saturday
2016-01-17,2016,2,02,2016-02,Sunday
2016-01-18,2016,3,03,2016-03,Monday
2016-01-19,2016,3,03,2016-03,Tuesday
2016-01-20,2016,3,03,2016-03,Wednesday
2016-01-21,2016,3,03,2016-03,Thursday
2016-01-22,2016,3,03,2016-03,Friday
2016-01-23,2016,3,03,2016-03,Saturday
2016-01-24,2016,3,03,2016-03,Sunday
2016-01-25,2016,4,04,2016-04,Monday
2016-01-26,2016,4,04,2016-04,Tuesday
2016-01-27,2016,4,04,2016-04,Wednesday
2016-01-28,2016,4,04,2016-04,Thursday
2016-01-29,2016,4,04,2016-04,Friday
2016-01-30,2016,4,04,2016-04,Saturday
2016-01-31,2016,4,04,2016-04,Sunday
2016-02-01,2016,5,05,2016-05,Monday
2016-02-02,2016,5,05,2016-05,Tuesday
2016-02-03,2016,5,05,2016-05,Wednesday
2016-02-04,2016,5,05,2016-05,Thursday
2016-02-05,2016,5,05,2016-05,Friday
2016-02-06,2016,5,05,2016-05,Saturday
2016-02-07,2016,5,05,2016-05,Sunday
2016-02-08,2016,6,06,2016-06,Monday
2016-02-09,2016,6,06,2016-06,Tuesday
2016-02-10,2016,6,06,2016-06,Wednesday
2016-02-11,2016,6,06,2016-06,Thursday
2016-02-12,2016,6,06,2016-06,Friday
2016-02-13,2016,6,06,2016-06,Saturday
2016-02-14,2016,6,06,2016-06,Sunday
2016-02-15,2016,7,07,2016-07,Monday
2016-02-16,2016,7,07,2016-07,Tuesday
2016-02-17,2016,7,07,2016-07,Wednesday
2016-02-18,2016,7,07,2016-07,Thursday
2016-02-19,2016,7,07,2016-07,Friday
2016-02-20,2016,7,07,2016-07,Saturday
2016-02-21,2016,7,07,2016-07,Sunday
2016-02-22,2016,8,08,2016-08,Monday
2016-02-23,2016,8,08,2016-08,Tuesday
2016-02-24,2016,8,08,2016-08,Wednesday
2016-02-25,2016,8,08,2016-08,Thursday
2016-02-26,2016,8,08,2016-08,Friday
2016-02-27,2016,8,08,2016-08,Saturday
2016-02-28,2016,8,08,2016-08,Sunday
2016-02-29,2016,9,09,2016-09,Monday
2016-03-01,2016,9,09,2016-09,Tuesday
2016-03-02,2016,9,09,2016-09,Wednesday
2016-03-03,2016,9,09,2016-09,Thursday
2016-03-04,2016,9,09,2016-09,Friday
2016-03-05,2016,9,09,2016-09,Saturday
2016-03-06,2016,9,09,2016-09,Sunday
2016-03-07,2016,10,10,2016-10,Monday
2016-03-08,2016,10,10,2016-10,Tuesday
2016-03-09,2016,10,10,2016-10,Wednesday
2016-03-10,2016,10,10,2016-10,Thursday
2016-03-11,2016,10,10,2016-10,Friday
2016-03-12,2016,10,10,2016-10,Saturday
2016-03-13,2016,10,10,2016-10,Sunday
2016-03-14,2016,11,11,2016-11,Monday
2016-03-15,2016,11,11,2016-11,Tuesday
2016-03-16,2016,11,11,2016-11,Wednesday
2016-03-17,2016,11,11,2016-11,Thursday
2016-03-18,2016,11,11,2016-11,Friday
2016-03-19,2016,11,11,2016-11,Saturday
2016-03-20,2016,11,11,2016-11,Sunday
2016-03-21,2016,12,12,2016-12,Monday
2016-03-22,2016,12,12,2016-12,Tuesday
2016-03-23,2016,12,12,2016-12,Wednesday
2016-03-24,2016,12,12,2016-12,Thursday
2016-03-25,2016,12,12,2016-12,Friday
2016-03-26,2016,12,12,2016-12,Saturday
2016-03-27,2016,12,12,2016-12,Sunday
2016-03-28,2016,13,13,2016-13,Monday
2016-03-29,2016,13,13,2016-13,Tuesday
2016-03-30,2016,13,13,2016-13,Wednesday
2016-03-31,2016,13,13,2016-13,Thursday
2016-04-01,2016,13,13,2016-13,Friday
2016-04-02,2016,13,13,2016-13,Saturday
2016-04-03,2016,13,13,2016-13,Sunday
2016-04-04,2016,14,14,2016-14,Monday
2016-04-05,2016,14,14,2016-14,Tuesday
2016-04-06,2016,14,14,2016-14,Wednesday
2016-04-07,2016,14,14,2016-14,Thursday
2016-04-08,2016,14,14,2016-14,Friday
2016-04-09,2016,14,14,2016-14,Saturday
2016-04-10,2016,14,14,2016-14,Sunday
2016-04-11,2016,15,15,2016-15,Monday
2016-04-12,2016,15,15,2016-15,Tuesday
2016-04-13,2016,15,15,2016-15,Wednesday
2016-04-14,2016,15,15,2016-15,Thursday
2016-04-15,2016,15,15,2016-15,Friday
2016-04-16,2016,15,15,2016-15,Saturday
2016-04-17,2016,15,15,2016-15,Sunday
2016-04-18,2016,16,16,2016-16,Monday
2016-04-19,2016,16,16,2016-16,Tuesday
2016-04-20,2016,16,16,2016-16,Wednesday
2016-04-21,2016,16,16,2016-16,Thursday
2016-04-22,2016,16,16,2016-16,Friday
2016-04-23,2016,16,16,2016-16,Saturday
2016-04-24,2016,16,16,2016-16,Sunday
2016-04-25,2016,17,17,2016-17,Monday
2016-04-26,2016,17,17,2016-17,Tuesday
2016-04-27,2016,17,17,2016-17,Wednesday
2016-04-28,2016,17,17,2016-17,Thursday
2016-04-29,2016,17,17,2016-17,Friday
2016-04-30,2016,17,17,2016-17,Saturday
2016-05-01,2016,17,17,2016-17,Sunday
2016-05-02,2016,18,18,2016-18,Monday
2016-05-03,2016,18,18,2016-18,Tuesday
2016-05-04,2016,18,18,2016-18,Wednesday
2016-05-05,2016,18,18,2016-18,Thursday
2016-05-06,2016,18,18,2016-18,Friday
2016-05-07,2016,18,18,2016-18,Saturday
2016-05-08,2016,18,18,2016-18,Sunday
2016-05-09,2016,19,19,2016-19,Monday
2016-05-10,2016,19,19,2016-19,Tuesday
2016-05-11,2016,19,19,2016-19,Wednesday
2016-05-12,2016,19,19,2016-19,Thursday
2016-05-13,2016,19,19,2016-19,Friday
2016-05-14,2016,19,19,2016-19,Saturday
2016-05-15,2016,19,19,2016-19,Sunday
2016-05-16,2016,20,20,2016-20,Monday
2016-05-17,2016,20,20,2016-20,Tuesday
2016-05-18,2016,20,20,2016-20,Wednesday
2016-05-19,2016,20,20,2016-20,Thursday
2016-05-20,2016,20,20,2016-20,Friday
2016-05-21,2016,20,20,2016-20,Saturday
2016-05-22,2016,20,20,2016-20,Sunday
2016-05-23,2016,21,21,2016-21,Monday
2016-05-24,2016,21,21,2016-21,Tuesday
2016-05-25,2016,21,21,2016-21,Wednesday
2016-05-26,2016,21,21,2016-21,Thursday
2016-05-27,2016,21,21,2016-21,Friday
2016-05-28,2016,21,21,2016-21,Saturday
2016-05-29,2016,21,21,2016-21,Sunday
2016-05-30,2016,22,22,2016-22,Monday
2016-05-31,2016,22,22,2016-22,Tuesday
2016-06-01,2016,22,22,2016-22,Wednesday
2016-06-02,2016,22,22,2016-22,Thursday
2016-06-03,2016,22,22,2016-22,Friday
2016-06-04,2016,22,22,2016-22,Saturday
2016-06-05,2016,22,22,2016-22,Sunday
2016-06-06,2016,23,23,2016-23,Monday
2016-06-07,2016,23,23,2016-23,Tuesday
2016-06-08,2016,23,23,2016-23,Wednesday
2016-06-09,2016,23,23,2016-23,Thursday
2016-06-10,2016,23,23,2016-23,Friday
2016-06-11,2016,23,23,2016-23,Saturday
2016-06-12,2016,23,23,2016-23,Sunday
2016-06-13,2016,24,24,2016-24,Monday
2016-06-14,2016,24,24,2016-24,Tuesday
2016-06-15,2016,24,24,2016-24,Wednesday
2016-06-16,2016,24,24,2016-24,Thursday
2016-06-17,2016,24,24,2016-24,Friday
2016-06-18,2016,24,24,2016-24,Saturday
2016-06-19,2016,24,24,2016-24,Sunday
2016-06-20,2016,25,25,2016-25,Monday
2016-06-21,2016,25,25,2016-25,Tuesday
2016-06-22,2016,25,25,2016-25,Wednesday
2016-06-23,2016,25,25,2016-25,Thursday
2016-06-24,2016,25,25,2016-25,Friday
2016-06-25,2016,25,25,2016-25,Saturday
2016-06-26,2016,25,25,2016-25,Sunday
2016-06-27,2016,26,26,2016-26,Monday
2016-06-28,2016,26,26,2016-26,Tuesday
2016-06-29,2016,26,26,2016-26,Wednesday
2016-06-30,2016,26,26,2016-26,Thursday
2016-07-01,2016,26,26,2016-26,Friday
2016-07-02,2016,26,26,2016-26,Saturday
2016-07-03,2016,26,26,2016-26,Sunday
2016-07-04,2016,27,27,2016-27,Monday
2016-07-05,2016,27,27,2016-27,Tuesday
2016-07-06,2016,27,27,2016-27,Wednesday
2016-07-07,2016,27,27,2016-27,Thursday
2016-07-08,2016,27,27,2016-27,Friday
2016-07-09,2016,27,27,2016-27,Saturday
2016-07-10,2016,27,27,2016-27,Sunday
2016-07-11,2016,28,28,2016-28,Monday
2016-07-12,2016,28,28,2016-28,Tuesday
2016-07-13,2016,28,28,2016-28,Wednesday
2016-07-14,2016,28,28,2016-28,Thursday
2016-07-15,2016,28,28,2016-28,Friday
2016-07-16,2016,28,28,2016-28,Saturday
2016-07-17,2016,28,28,2016-28,Sunday
2016-07-18,2016,29,29,2016-29,Monday
2016-07-19,2016,29,29,2016-29,Tuesday
2016-07-20,2016,29,29,2016-29,Wednesday
2016-07-21,2016,29,29,2016-29,Thursday
2016-07-22,2016,29,29,2016-29,Friday
2016-07-23,2016,29,29,2016-29,Saturday
2016-07-24,2016,29,29,2016-29,Sunday
2016-07-25,2016,30,30,2016-30,Monday
2016-07-26,2016,30,30,2016-30,Tuesday
2016-07-27,2016,30,30,2016-30,Wednesday
2016-07-28,2016,30,30,2016-30,Thursday
2016-07-29,2016,30,30,2016-30,Friday
2016-07-30,2016,30,30,2016-30,Saturday
2016-07-31,2016,30,30,2016-30,Sunday
2016-08-01,2016,31,31,2016-31,Monday
2016-08-02,2016,31,31,2016-31,Tuesday
2016-08-03,2016,31,31,2016-31,Wednesday
2016-08-04,2016,31,31,2016-31,Thursday
2016-08-05,2016,31,31,2016-31,Friday
2016-08-06,2016,31,31,2016-31,Saturday
2016-08-07,2016,31,31,2016-31,Sunday
2016-08-08,2016,32,32,2016-32,Monday
2016-08-09,2016,32,32,2016-32,Tuesday
2016-08-10,2016,32,32,2016-32,Wednesday
2016-08-11,2016,32,32,2016-32,Thursday
2016-08-12,2016,32,32,2016-32,Friday
2016-08-13,2016,32,32,2016-32,Saturday
2016-08-14,2016,32,32,2016-32,Sunday
2016-08-15,2016,33,33,2016-33,Monday
2016-08-16,2016,33,33,2016-33,Tuesday
2016-08-17,2016,33,33,2016-33,Wednesday
2016-08-18,2016,33,33,2016-33,Thursday
2016-08-19,2016,33,33,2016-33,Friday
2016-08-20,2016,33,33,2016-33,Saturday
2016-08-21,2016,33,33,2016-33,Sunday
2016-08-22,2016,34,34,2016-34,Monday
2016-08-23,2016,34,34,2016-34,Tuesday
2016-08-24,2016,34,34,2016-34,Wednesday
2016-08-25,2016,34,34,2016-34,Thursday
2016-08-26,2016,34,34,2016-34,Friday
2016-08-27,2016,34,34,2016-34,Saturday
2016-08-28,2016,34,34,2016-34,Sunday
2016-08-29,2016,35,35,2016-35,Monday
2016-08-30,2016,35,35,2016-35,Tuesday
2016-08-31,2016,35,35,2016-35,Wednesday
2016-09-01,2016,35,35,2016-35,Thursday
2016-09-02,2016,35,35,2016-35,Friday
2016-09-03,2016,35,35,2016-35,Saturday
2016-09-04,2016,35,35,2016-35,Sunday
2016-09-05,2016,36,36,2016-36,Monday
2016-09-06,2016,36,36,2016-36,Tuesday
2016-09-07,2016,36,36,2016-36,Wednesday
2016-09-08,2016,36,36,2016-36,Thursday
2016-09-09,2016,36,36,2016-36,Friday
2016-09-10,2016,36,36,2016-36,Saturday
2016-09-11,2016,36,36,2016-36,Sunday
2016-09-12,2016,37,37,2016-37,Monday
2016-09-13,2016,37,37,2016-37,Tuesday
2016-09-14,2016,37,37,2016-37,Wednesday
2016-09-15,2016,37,37,2016-37,Thursday
2016-09-16,2016,37,37,2016-37,Friday
2016-09-17,2016,37,37,2016-37,Saturday
2016-09-18,2016,37,37,2016-37,Sunday
2016-09-19,2016,38,38,2016-38,Monday
2016-09-20,2016,38,38,2016-38,Tuesday
2016-09-21,2016,38,38,2016-38,Wednesday
2016-09-22,2016,38,38,2016-38,Thursday
2016-09-23,2016,38,38,2016-38,Friday
2016-09-24,2016,38,38,2016-38,Saturday
2016-09-25,2016,38,38,2016-38,Sunday
2016-09-26,2016,39,39,2016-39,Monday
2016-09-27,2016,39,39,2016-39,Tuesday
2016-09-28,2016,39,39,2016-39,Wednesday
2016-09-29,2016,39,39,2016-39,Thursday
2016-09-30,2016,39,39,2016-39,Friday
2016-10-01,2016,39,39,2016-39,Saturday
2016-10-02,2016,39,39,2016-39,Sunday
2016-10-03,2016,40,40,2016-40,Monday
2016-10-04,2016,40,40,2016-40,Tuesday
2016-10-05,2016,40,40,2016-40,Wednesday
2016-10-06,2016,40,40,2016-40,Thursday
2016-10-07,2016,40,40,2016-40,Friday
2016-10-08,2016,40,40,2016-40,Saturday
2016-10-09,2016,40,40,2016-40,Sunday
2016-10-10,2016,41,41,2016-41,Monday
2016-10-11,2016,41,41,2016-41,Tuesday
2016-10-12,2016,41,41,2016-41,Wednesday
2016-10-13,2016,41,41,2016-41,Thursday
2016-10-14,2016,41,41,2016-41,Friday
2016-10-15,2016,41,41,2016-41,Saturday
2016-10-16,2016,41,41,2016-41,Sunday
2016-10-17,2016,42,42,2016-42,Monday
2016-10-18,2016,42,42,2016-42,Tuesday
2016-10-19,2016,42,42,2016-42,Wednesday
2016-10-20,2016,42,42,2016-42,Thursday
2016-10-21,2016,42,42,2016-42,Friday
2016-10-22,2016,42,42,2016-42,Saturday
2016-10-23,2016,42,42,2016-42,Sunday
2016-10-24,2016,43,43,2016-43,Monday
2016-10-25,2016,43,43,2016-43,Tuesday
2016-10-26,2016,43,43,2016-43,Wednesday
2016-10-27,2016,43,43,2016-43,Thursday
2016-10-28,2016,43,43,2016-43,Friday
2016-10-29,2016,43,43,2016-43,Saturday
2016-10-30,2016,43,43,2016-43,Sunday
2016-10-31,2016,44,44,2016-44,Monday
2016-11-01,2016,44,44,2016-44,Tuesday
2016-11-02,2016,44,44,2016-44,Wednesday
2016-11-03,2016,44,44,2016-44,Thursday
2016-11-04,2016,44,44,2016-44,Friday
2016-11-05,2016,44,44,2016-44,Saturday
2016-11-06,2016,44,44,2016-44,Sunday
2016-11-07,2016,45,45,2016-45,Monday
2016-11-08,2016,45,45,2016-45,Tuesday
2016-11-09,2016,45,45,2016-45,Wednesday
2016-11-10,2016,45,45,2016-45,Thursday
2016-11-11,2016,45,45,2016-45,Friday
2016-11-12,2016,45,45,2016-45,Saturday
2016-11-13,2016,45,45,2016-45,Sunday
2016-11-14,2016,46,46,2016-46,Monday
2016-11-15,2016,46,46,2016-46,Tuesday
2016-11-16,2016,46,46,2016-46,Wednesday
2016-11-17,2016,46,46,2016-46,Thursday
2016-11-18,2016,46,46,2016-46,Friday
2016-11-19,2016,46,46,2016-46,Saturday
2016-11-20,2016,46,46,2016-46,Sunday
2016-11-21,2016,47,47,2016-47,Monday
2016-11-22,2016,47,47,2016-47,Tuesday
2016-11-23,2016,47,47,2016-47,Wednesday
2016-11-24,2016,47,47,2016-47,Thursday
2016-11-25,2016,47,47,2016-47,Friday
2016-11-26,2016,47,47,2016-47,Saturday
2016-11-27,2016,47,47,2016-47,Sunday
2016-11-28,2016,48,48,2016-48,Monday
2016-11-29,2016,48,48,2016-48,Tuesday
2016-11-30,2016,48,48,2016-48,Wednesday
2016-12-01,2016,48,48,2016-48,Thursday
2016-12-02,2016,48,48,2016-48,Friday
2016-12-03,2016,48,48,2016-48,Saturday
2016-12-04,2016,48,48,2016-48,Sunday
2016-12-05,2016,49,49,2016-49,Monday
2016-12-06,2016,49,49,2016-49,Tuesday
2016-12-07,2016,49,49,2016-49,Wednesday
2016-12-08,2016,49,49,2016-49,Thursday
2016-12-09,2016,49,49,2016-49,Friday
2016-12-10,2016,49,49,2016-49,Saturday
2016-12-11,2016,49,49,2016-49,Sunday
2016-12-12,2016,50,50,2016-50,Monday
2016-12-13,2016,50,50,2016-50,Tuesday
2016-12-14,2016,50,50,2016-50,Wednesday
2016-12-15,2016,50,50,2016-50,Thursday
2016-12-16,2016,50,50,2016-50,Friday
2016-12-17,2016,50,50,2016-50,Saturday
2016-12-18,2016,50,50,2016-50,Sunday
2016-12-19,2016,51,51,2016-51,Monday
2016-12-20,2016,51,51,2016-51,Tuesday
2016-12-21,2016,51,51,2016-51,Wednesday
2016-12-22,2016,51,51,2016-51,Thursday
2016-12-23,2016,51,51,2016-51,Friday
2016-12-24,2016,51,51,2016-51,Saturday
2016-12-25,2016,51,51,2016-51,Sunday
2016-12-26,2016,52,52,2016-52,Monday
2016-12-27,2016,52,52,2016-52,Tuesday
2016-12-28,2016,52,52,2016-52,Wednesday
2016-12-29,2016,52,52,2016-52,Thursday
2016-12-30,2016,52,52,2016-52,Friday
2016-12-31,2016,52,52,2016-52,Saturday
2017-01-01,2016,52,52,2016-52,Sunday
2017-01-02,2017,1,01,2017-01,Monday
2017-01-03,2017,1,01,2017-01,Tuesday
2017-01-04,2017,1,01,2017-01,Wednesday
2017-01-05,2017,1,01,2017-01,Thursday
2017-01-06,2017,1,01,2017-01,Friday
2017-01-07,2017,1,01,2017-01,Saturday
2017-01-08,2017,1,01,2017-01,Sunday
2017-01-09,2017,2,02,2017-02,Monday
2017-01-10,2017,2,02,2017-02,Tuesday
2017-01-11,2017,2,02,2017-02,Wednesday
2017-01-12,2017,2,02,2017-02,Thursday
2017-01-13,2017,2,02,2017-02,Friday
2017-01-14,2017,2,02,2017-02,Saturday
2017-01-15,2017,2,02,2017-02,Sunday
2017-01-16,2017,3,03,2017-03,Monday
2017-01-17,2017,3,03,2017-03,Tuesday
2017-01-18,2017,3,03,2017-03,Wednesday
2017-01-19,2017,3,03,2017-03,Thursday
2017-01-20,2017,3,03,2017-03,Friday
2017-01-21,2017,3,03,2017-03,Saturday
2017-01-22,2017,3,03,2017-03,Sunday
2017-01-23,2017,4,04,2017-04,Monday
2017-01-24,2017,4,04,2017-04,Tuesday
2017-01-25,2017,4,04,2017-04,Wednesday
2017-01-26,2017,4,04,2017-04,Thursday
2017-01-27,2017,4,04,2017-04,Friday
2017-01-28,2017,4,04,2017-04,Saturday
2017-01-29,2017,4,04,2017-04,Sunday
2017-01-30,2017,5,05,2017-05,Monday
2017-01-31,2017,5,05,2017-05,Tuesday
2017-02-01,2017,5,05,2017-05,Wednesday
2017-02-02,2017,5,05,2017-05,Thursday
2017-02-03,2017,5,05,2017-05,Friday
2017-02-04,2017,5,05,2017-05,Saturday
2017-02-05,2017,5,05,2017-05,Sunday
2017-02-06,2017,6,06,2017-06,Monday
2017-02-07,2017,6,06,2017-06,Tuesday
2017-02-08,2017,6,06,2017-06,Wednesday
2017-02-09,2017,6,06,2017-06,Thursday
2017-02-10,2017,6,06,2017-06,Friday
2017-02-11,2017,6,06,2017-06,Saturday
2017-02-12,2017,6,06,2017-06,Sunday
2017-02-13,2017,7,07,2017-07,Monday
2017-02-14,2017,7,07,2017-07,Tuesday
2017-02-15,2017,7,07,2017-07,Wednesday
2017-02-16,2017,7,07,2017-07,Thursday
2017-02-17,2017,7,07,2017-07,Friday
2017-02-18,2017,7,07,2017-07,Saturday
2017-02-19,2017,7,07,2017-07,Sunday
2017-02-20,2017,8,08,2017-08,Monday
2017-02-21,2017,8,08,2017-08,Tuesday
2017-02-22,2017,8,08,2017-08,Wednesday
2017-02-23,2017,8,08,2017-08,Thursday
2017-02-24,2017,8,08,2017-08,Friday
2017-02-25,2017,8,08,2017-08,Saturday
2017-02-26,2017,8,08,2017-08,Sunday
2017-02-27,2017,9,09,2017-09,Monday
2017-02-28,2017,9,09,2017-09,Tuesday
2017-03-01,2017,9,09,2017-09,Wednesday
2017-03-02,2017,9,09,2017-09,Thursday
2017-03-03,2017,9,09,2017-09,Friday
2017-03-04,2017,9,09,2017-09,Saturday
2017-03-05,2017,9,09,2017-09,Sunday
2017-03-06,2017,10,10,2017-10,Monday
2017-03-07,2017,10,10,2017-10,Tuesday
2017-03-08,2017,10,10,2017-10,Wednesday
2017-03-09,2017,10,10,2017-10,Thursday
2017-03-10,2017,10,10,2017-10,Friday
2017-03-11,2017,10,10,2017-10,Saturday
2017-03-12,2017,10,10,2017-10,Sunday
2017-03-13,2017,11,11,2017-11,Monday
2017-03-14,2017,11,11,2017-11,Tuesday
2017-03-15,2017,11,11,2017-11,Wednesday
2017-03-16,2017,11,11,2017-11,Thursday
2017-03-17,2017,11,11,2017-11,Friday
2017-03-18,2017,11,11,2017-11,Saturday
2017-03-19,2017,11,11,2017-11,Sunday
2017-03-20,2017,12,12,2017-12,Monday
2017-03-21,2017,12,12,2017-12,Tuesday
2017-03-22,2017,12,12,2017-12,Wednesday
2017-03-23,2017,12,12,2017-12,Thursday
2017-03-24,2017,12,12,2017-12,Friday
2017-03-25,2017,12,12,2017-12,Saturday
2017-03-26,2017,12,12,2017-12,Sunday
2017-03-27,2017,13,13,2017-13,Monday
2017-03-28,2017,13,13,2017-13,Tuesday
2017-03-29,2017,13,13,2017-13,Wednesday
2017-03-30,2017,13,13,2017-13,Thursday
2017-03-31,2017,13,13,2017-13,Friday
2017-04-01,2017,13,13,2017-13,Saturday
2017-04-02,2017,13,13,2017-13,Sunday
2017-04-03,2017,14,14,2017-14,Monday
2017-04-04,2017,14,14,2017-14,Tuesday
2017-04-05,2017,14,14,2017-14,Wednesday
2017-04-06,2017,14,14,2017-14,Thursday
2017-04-07,2017,14,14,2017-14,Friday
2017-04-08,2017,14,14,2017-14,Saturday
2017-04-09,2017,14,14,2017-14,Sunday
2017-04-10,2017,15,15,2017-15,Monday
2017-04-11,2017,15,15,2017-15,Tuesday
2017-04-12,2017,15,15,2017-15,Wednesday
2017-04-13,2017,15,15,2017-15,Thursday
2017-04-14,2017,15,15,2017-15,Friday
2017-04-15,2017,15,15,2017-15,Saturday
2017-04-16,2017,15,15,2017-15,Sunday
2017-04-17,2017,16,16,2017-16,Monday
2017-04-18,2017,16,16,2017-16,Tuesday
2017-04-19,2017,16,16,2017-16,Wednesday
2017-04-20,2017,16,16,2017-16,Thursday
2017-04-21,2017,16,16,2017-16,Friday
2017-04-22,2017,16,16,2017-16,Saturday
2017-04-23,2017,16,16,2017-16,Sunday
2017-04-24,2017,17,17,2017-17,Monday
2017-04-25,2017,17,17,2017-17,Tuesday
2017-04-26,2017,17,17,2017-17,Wednesday
2017-04-27,2017,17,17,2017-17,Thursday
2017-04-28,2017,17,17,2017-17,Friday
2017-04-29,2017,17,17,2017-17,Saturday
2017-04-30,2017,17,17,2017-17,Sunday
2017-05-01,2017,18,18,2017-18,Monday
2017-05-02,2017,18,18,2017-18,Tuesday
2017-05-03,2017,18,18,2017-18,Wednesday
2017-05-04,2017,18,18,2017-18,Thursday
2017-05-05,2017,18,18,2017-18,Friday
2017-05-06,2017,18,18,2017-18,Saturday
2017-05-07,2017,18,18,2017-18,Sunday
2017-05-08,2017,19,19,2017-19,Monday
2017-05-09,2017,19,19,2017-19,Tuesday
2017-05-10,2017,19,19,2017-19,Wednesday
2017-05-11,2017,19,19,2017-19,Thursday
2017-05-12,2017,19,19,2017-19,Friday
2017-05-13,2017,19,19,2017-19,Saturday
2017-05-14,2017,19,19,2017-19,Sunday
2017-05-15,2017,20,20,2017-20,Monday
2017-05-16,2017,20,20,2017-20,Tuesday
2017-05-17,2017,20,20,2017-20,Wednesday
2017-05-18,2017,20,20,2017-20,Thursday
2017-05-19,2017,20,20,2017-20,Friday
2017-05-20,2017,20,20,2017-20,Saturday
2017-05-21,2017,20,20,2017-20,Sunday
2017-05-22,2017,21,21,2017-21,Monday
2017-05-23,2017,21,21,2017-21,Tuesday
2017-05-24,2017,21,21,2017-21,Wednesday
2017-05-25,2017,21,21,2017-21,Thursday
2017-05-26,2017,21,21,2017-21,Friday
2017-05-27,2017,21,21,2017-21,Saturday
2017-05-28,2017,21,21,2017-21,Sunday
2017-05-29,2017,22,22,2017-22,Monday
2017-05-30,2017,22,22,2017-22,Tuesday
2017-05-31,2017,22,22,2017-22,Wednesday
2017-06-01,2017,22,22,2017-22,Thursday
2017-06-02,2017,22,22,2017-22,Friday
2017-06-03,2017,22,22,2017-22,Saturday
2017-06-04,2017,22,22,2017-22,Sunday
2017-06-05,2017,23,23,2017-23,Monday
2017-06-06,2017,23,23,2017-23,Tuesday
2017-06-07,2017,23,23,2017-23,Wednesday
2017-06-08,2017,23,23,2017-23,Thursday
2017-06-09,2017,23,23,2017-23,Friday
2017-06-10,2017,23,23,2017-23,Saturday
2017-06-11,2017,23,23,2017-23,Sunday
2017-06-12,2017,24,24,2017-24,Monday
2017-06-13,2017,24,24,2017-24,Tuesday
2017-06-14,2017,24,24,2017-24,Wednesday
2017-06-15,2017,24,24,2017-24,Thursday
2017-06-16,2017,24,24,2017-24,Friday
2017-06-17,2017,24,24,2017-24,Saturday
2017-06-18,2017,24,24,2017-24,Sunday
2017-06-19,2017,25,25,2017-25,Monday
2017-06-20,2017,25,25,2017-25,Tuesday
2017-06-21,2017,25,25,2017-25,Wednesday
2017-06-22,2017,25,25,2017-25,Thursday
2017-06-23,2017,25,25,2017-25,Friday
2017-06-24,2017,25,25,2017-25,Saturday
2017-06-25,2017,25,25,2017-25,Sunday
2017-06-26,2017,26,26,2017-26,Monday
2017-06-27,2017,26,26,2017-26,Tuesday
2017-06-28,2017,26,26,2017-26,Wednesday
2017-06-29,2017,26,26,2017-26,Thursday
2017-06-30,2017,26,26,2017-26,Friday
2017-07-01,2017,26,26,2017-26,Saturday
2017-07-02,2017,26,26,2017-26,Sunday
2017-07-03,2017,27,27,2017-27,Monday
2017-07-04,2017,27,27,2017-27,Tuesday
2017-07-05,2017,27,27,2017-27,Wednesday
2017-07-06,2017,27,27,2017-27,Thursday
2017-07-07,2017,27,27,2017-27,Friday
2017-07-08,2017,27,27,2017-27,Saturday
2017-07-09,2017,27,27,2017-27,Sunday
2017-07-10,2017,28,28,2017-28,Monday
2017-07-11,2017,28,28,2017-28,Tuesday
2017-07-12,2017,28,28,2017-28,Wednesday
2017-07-13,2017,28,28,2017-28,Thursday
2017-07-14,2017,28,28,2017-28,Friday
2017-07-15,2017,28,28,2017-28,Saturday
2017-07-16,2017,28,28,2017-28,Sunday
2017-07-17,2017,29,29,2017-29,Monday
2017-07-18,2017,29,29,2017-29,Tuesday
2017-07-19,2017,29,29,2017-29,Wednesday
2017-07-20,2017,29,29,2017-29,Thursday
2017-07-21,2017,29,29,2017-29,Friday
2017-07-22,2017,29,29,2017-29,Saturday
2017-07-23,2017,29,29,2017-29,Sunday
2017-07-24,2017,30,30,2017-30,Monday
2017-07-25,2017,30,30,2017-30,Tuesday
2017-07-26,2017,30,30,2017-30,Wednesday
2017-07-27,2017,30,30,2017-30,Thursday
2017-07-28,2017,30,30,2017-30,Friday
2017-07-29,2017,30,30,2017-30,Saturday
2017-07-30,2017,30,30,2017-30,Sunday
2017-07-31,2017,31,31,2017-31,Monday
2017-08-01,2017,31,31,2017-31,Tuesday
2017-08-02,2017,31,31,2017-31,Wednesday
2017-08-03,2017,31,31,2017-31,Thursday
2017-08-04,2017,31,31,2017-31,Friday
2017-08-05,2017,31,31,2017-31,Saturday
2017-08-06,2017,31,31,2017-31,Sunday
2017-08-07,2017,32,32,2017-32,Monday
2017-08-08,2017,32,32,2017-32,Tuesday
2017-08-09,2017,32,32,2017-32,Wednesday
2017-08-10,2017,32,32,2017-32,Thursday
2017-08-11,2017,32,32,2017-32,Friday
2017-08-12,2017,32,32,2017-32,Saturday
2017-08-13,2017,32,32,2017-32,Sunday
2017-08-14,2017,33,33,2017-33,Monday
2017-08-15,2017,33,33,2017-33,Tuesday
2017-08-16,2017,33,33,2017-33,Wednesday
2017-08-17,2017,33,33,2017-33,Thursday
2017-08-18,2017,33,33,2017-33,Friday
2017-08-19,2017,33,33,2017-33,Saturday
2017-08-20,2017,33,33,2017-33,Sunday
2017-08-21,2017,34,34,2017-34,Monday
2017-08-22,2017,34,34,2017-34,Tuesday
2017-08-23,2017,34,34,2017-34,Wednesday
2017-08-24,2017,34,34,2017-34,Thursday
2017-08-25,2017,34,34,2017-34,Friday
2017-08-26,2017,34,34,2017-34,Saturday
2017-08-27,2017,34,34,2017-34,Sunday
2017-08-28,2017,35,35,2017-35,Monday
2017-08-29,2017,35,35,2017-35,Tuesday
2017-08-30,2017,35,35,2017-35,Wednesday
2017-08-31,2017,35,35,2017-35,Thursday
2017-09-01,2017,35,35,2017-35,Friday
2017-09-02,2017,35,35,2017-35,Saturday
2017-09-03,2017,35,35,2017-35,Sunday
2017-09-04,2017,36,36,2017-36,Monday
2017-09-05,2017,36,36,2017-36,Tuesday
2017-09-06,2017,36,36,2017-36,Wednesday
2017-09-07,2017,36,36,2017-36,Thursday
2017-09-08,2017,36,36,2017-36,Friday
2017-09-09,2017,36,36,2017-36,Saturday
2017-09-10,2017,36,36,2017-36,Sunday
2017-09-11,2017,37,37,2017-37,Monday
2017-09-12,2017,37,37,2017-37,Tuesday
2017-09-13,2017,37,37,2017-37,Wednesday
2017-09-14,2017,37,37,2017-37,Thursday
2017-09-15,2017,37,37,2017-37,Friday
2017-09-16,2017,37,37,2017-37,Saturday
2017-09-17,2017,37,37,2017-37,Sunday
2017-09-18,2017,38,38,2017-38,Monday
2017-09-19,2017,38,38,2017-38,Tuesday
2017-09-20,2017,38,38,2017-38,Wednesday
2017-09-21,2017,38,38,2017-38,Thursday
2017-09-22,2017,38,38,2017-38,Friday
2017-09-23,2017,38,38,2017-38,Saturday
2017-09-24,2017,38,38,2017-38,Sunday
2017-09-25,2017,39,39,2017-39,Monday
2017-09-26,2017,39,39,2017-39,Tuesday
2017-09-27,2017,39,39,2017-39,Wednesday
2017-09-28,2017,39,39,2017-39,Thursday
2017-09-29,2017,39,39,2017-39,Friday
2017-09-30,2017,39,39,2017-39,Saturday
2017-10-01,2017,39,39,2017-39,Sunday
2017-10-02,2017,40,40,2017-40,Monday
2017-10-03,2017,40,40,2017-40,Tuesday
2017-10-04,2017,40,40,2017-40,Wednesday
2017-10-05,2017,40,40,2017-40,Thursday
2017-10-06,2017,40,40,2017-40,Friday
2017-10-07,2017,40,40,2017-40,Saturday
2017-10-08,2017,40,40,2017-40,Sunday
2017-10-09,2017,41,41,2017-41,Monday
2017-10-10,2017,41,41,2017-41,Tuesday
2017-10-11,2017,41,41,2017-41,Wednesday
2017-10-12,2017,41,41,2017-41,Thursday
2017-10-13,2017,41,41,2017-41,Friday
2017-10-14,2017,41,41,2017-41,Saturday
2017-10-15,2017,41,41,2017-41,Sunday
2017-10-16,2017,42,42,2017-42,Monday
2017-10-17,2017,42,42,2017-42,Tuesday
2017-10-18,2017,42,42,2017-42,Wednesday
2017-10-19,2017,42,42,2017-42,Thursday
2017-10-20,2017,42,42,2017-42,Friday
2017-10-21,2017,42,42,2017-42,Saturday
2017-10-22,2017,42,42,2017-42,Sunday
2017-10-23,2017,43,43,2017-43,Monday
2017-10-24,2017,43,43,2017-43,Tuesday
2017-10-25,2017,43,43,2017-43,Wednesday
2017-10-26,2017,43,43,2017-43,Thursday
2017-10-27,2017,43,43,2017-43,Friday
2017-10-28,2017,43,43,2017-43,Saturday
2017-10-29,2017,43,43,2017-43,Sunday
2017-10-30,2017,44,44,2017-44,Monday
2017-10-31,2017,44,44,2017-44,Tuesday
2017-11-01,2017,44,44,2017-44,Wednesday
2017-11-02,2017,44,44,2017-44,Thursday
2017-11-03,2017,44,44,2017-44,Friday
2017-11-04,2017,44,44,2017-44,Saturday
2017-11-05,2017,44,44,2017-44,Sunday
2017-11-06,2017,45,45,2017-45,Monday
2017-11-07,2017,45,45,2017-45,Tuesday
2017-11-08,2017,45,45,2017-45,Wednesday
2017-11-09,2017,45,45,2017-45,Thursday
2017-11-10,2017,45,45,2017-45,Friday
2017-11-11,2017,45,45,2017-45,Saturday
2017-11-12,2017,45,45,2017-45,Sunday
2017-11-13,2017,46,46,2017-46,Monday
2017-11-14,2017,46,46,2017-46,Tuesday
2017-11-15,2017,46,46,2017-46,Wednesday
2017-11-16,2017,46,46,2017-46,Thursday
2017-11-17,2017,46,46,2017-46,Friday
2017-11-18,2017,46,46,2017-46,Saturday
2017-11-19,2017,46,46,2017-46,Sunday
2017-11-20,2017,47,47,2017-47,Monday
2017-11-21,2017,47,47,2017-47,Tuesday
2017-11-22,2017,47,47,2017-47,Wednesday
2017-11-23,2017,47,47,2017-47,Thursday
2017-11-24,2017,47,47,2017-47,Friday
2017-11-25,2017,47,47,2017-47,Saturday
2017-11-26,2017,47,47,2017-47,Sunday
2017-11-27,2017,48,48,2017-48,Monday
2017-11-28,2017,48,48,2017-48,Tuesday
2017-11-29,2017,48,48,2017-48,Wednesday
2017-11-30,2017,48,48,2017-48,Thursday
2017-12-01,2017,48,48,2017-48,Friday
2017-12-02,2017,48,48,2017-48,Saturday
2017-12-03,2017,48,48,2017-48,Sunday
2017-12-04,2017,49,49,2017-49,Monday
2017-12-05,2017,49,49,2017-49,Tuesday
2017-12-06,2017,49,49,2017-49,Wednesday
2017-12-07,2017,49,49,2017-49,Thursday
2017-12-08,2017,49,49,2017-49,Friday
2017-12-09,2017,49,49,2017-49,Saturday
2017-12-10,2017,49,49,2017-49,Sunday
2017-12-11,2017,50,50,2017-50,Monday
2017-12-12,2017,50,50,2017-50,Tuesday
2017-12-13,2017,50,50,2017-50,Wednesday
2017-12-14,2017,50,50,2017-50,Thursday
2017-12-15,2017,50,50,2017-50,Friday
2017-12-16,2017,50,50,2017-50,Saturday
2017-12-17,2017,50,50,2017-50,Sunday
2017-12-18,2017,51,51,2017-51,Monday
2017-12-19,2017,51,51,2017-51,Tuesday
2017-12-20,2017,51,51,2017-51,Wednesday
2017-12-21,2017,51,51,2017-51,Thursday
2017-12-22,2017,51,51,2017-51,Friday
2017-12-23,2017,51,51,2017-51,Saturday
2017-12-24,2017,51,51,2017-51,Sunday
2017-12-25,2017,52,52,2017-52,Monday
2017-12-26,2017,52,52,2017-52,Tuesday
2017-12-27,2017,52,52,2017-52,Wednesday
2017-12-28,2017,52,52,2017-52,Thursday
2017-12-29,2017,52,52,2017-52,Friday
2017-12-30,2017,52,52,2017-52,Saturday
2017-12-31,2017,52,52,2017-52,Sunday
2018-01-01,2018,1,01,2018-01,Monday
2018-01-02,2018,1,01,2018-01,Tuesday
2018-01-03,2018,1,01,2018-01,Wednesday
2018-01-04,2018,1,01,2018-01,Thursday
2018-01-05,2018,1,01,2018-01,Friday
2018-01-06,2018,1,01,2018-01,Saturday
2018-01-07,2018,1,01,2018-01,Sunday
2018-01-08,2018,2,02,2018-02,Monday
2018-01-09,2018,2,02,2018-02,Tuesday
2018-01-10,2018,2,02,2018-02,Wednesday
2018-01-11,2018,2,02,2018-02,Thursday
2018-01-12,2018,2,02,2018-02,Friday
2018-01-13,2018,2,02,2018-02,Saturday
2018-01-14,2018,2,02,2018-02,Sunday
2018-01-15,2018,3,03,2018-03,Monday
2018-01-16,2018,3,03,2018-03,Tuesday
2018-01-17,2018,3,03,2018-03,Wednesday
2018-01-18,2018,3,03,2018-03,Thursday
2018-01-19,2018,3,03,2018-03,Friday
2018-01-20,2018,3,03,2018-03,Saturday
2018-01-21,2018,3,03,2018-03,Sunday
2018-01-22,2018,4,04,2018-04,Monday
2018-01-23,2018,4,04,2018-04,Tuesday
2018-01-24,2018,4,04,2018-04,Wednesday
2018-01-25,2018,4,04,2018-04,Thursday
2018-01-26,2018,4,04,2018-04,Friday
2018-01-27,2018,4,04,2018-04,Saturday
2018-01-28,2018,4,04,2018-04,Sunday
2018-01-29,2018,5,05,2018-05,Monday
2018-01-30,2018,5,05,2018-05,Tuesday
2018-01-31,2018,5,05,2018-05,Wednesday
2018-02-01,2018,5,05,2018-05,Thursday
2018-02-02,2018,5,05,2018-05,Friday
2018-02-03,2018,5,05,2018-05,Saturday
2018-02-04,2018,5,05,2018-05,Sunday
2018-02-05,2018,6,06,2018-06,Monday
2018-02-06,2018,6,06,2018-06,Tuesday
2018-02-07,2018,6,06,2018-06,Wednesday
2018-02-08,2018,6,06,2018-06,Thursday
2018-02-09,2018,6,06,2018-06,Friday
2018-02-10,2018,6,06,2018-06,Saturday
2018-02-11,2018,6,06,2018-06,Sunday
2018-02-12,2018,7,07,2018-07,Monday
2018-02-13,2018,7,07,2018-07,Tuesday
2018-02-14,2018,7,07,2018-07,Wednesday
2018-02-15,2018,7,07,2018-07,Thursday
2018-02-16,2018,7,07,2018-07,Friday
2018-02-17,2018,7,07,2018-07,Saturday
2018-02-18,2018,7,07,2018-07,Sunday
2018-02-19,2018,8,08,2018-08,Monday
2018-02-20,2018,8,08,2018-08,Tuesday
2018-02-21,2018,8,08,2018-08,Wednesday
2018-02-22,2018,8,08,2018-08,Thursday
2018-02-23,2018,8,08,2018-08,Friday
2018-02-24,2018,8,08,2018-08,Saturday
2018-02-25,2018,8,08,2018-08,Sunday
2018-02-26,2018,9,09,2018-09,Monday
2018-02-27,2018,9,09,2018-09,Tuesday
2018-02-28,2018,9,09,2018-09,Wednesday
2018-03-01,2018,9,09,2018-09,Thursday
2018-03-02,2018,9,09,2018-09,Friday
2018-03-03,2018,9,09,2018-09,Saturday
2018-03-04,2018,9,09,2018-09,Sunday
2018-03-05,2018,10,10,2018-10,Monday
2018-03-06,2018,10,10,2018-10,Tuesday
2018-03-07,2018,10,10,2018-10,Wednesday
2018-03-08,2018,10,10,2018-10,Thursday
2018-03-09,2018,10,10,2018-10,Friday
2018-03-10,2018,10,10,2018-10,Saturday
2018-03-11,2018,10,10,2018-10,Sunday
2018-03-12,2018,11,11,2018-11,Monday
2018-03-13,2018,11,11,2018-11,Tuesday
2018-03-14,2018,11,11,2018-11,Wednesday
2018-03-15,2018,11,11,2018-11,Thursday
2018-03-16,2018,11,11,2018-11,Friday
2018-03-17,2018,11,11,2018-11,Saturday
2018-03-18,2018,11,11,2018-11,Sunday
2018-03-19,2018,12,12,2018-12,Monday
2018-03-20,2018,12,12,2018-12,Tuesday
2018-03-21,2018,12,12,2018-12,Wednesday
2018-03-22,2018,12,12,2018-12,Thursday
2018-03-23,2018,12,12,2018-12,Friday
2018-03-24,2018,12,12,2018-12,Saturday
2018-03-25,2018,12,12,2018-12,Sunday
2018-03-26,2018,13,13,2018-13,Monday
2018-03-27,2018,13,13,2018-13,Tuesday
2018-03-28,2018,13,13,2018-13,Wednesday
2018-03-29,2018,13,13,2018-13,Thursday
2018-03-30,2018,13,13,2018-13,Friday
2018-03-31,2018,13,13,2018-13,Saturday
2018-04-01,2018,13,13,2018-13,Sunday
2018-04-02,2018,14,14,2018-14,Monday
2018-04-03,2018,14,14,2018-14,Tuesday
2018-04-04,2018,14,14,2018-14,Wednesday
2018-04-05,2018,14,14,2018-14,Thursday
2018-04-06,2018,14,14,2018-14,Friday
2018-04-07,2018,14,14,2018-14,Saturday
2018-04-08,2018,14,14,2018-14,Sunday
2018-04-09,2018,15,15,2018-15,Monday
2018-04-10,2018,15,15,2018-15,Tuesday
2018-04-11,2018,15,15,2018-15,Wednesday
2018-04-12,2018,15,15,2018-15,Thursday
2018-04-13,2018,15,15,2018-15,Friday
2018-04-14,2018,15,15,2018-15,Saturday
2018-04-15,2018,15,15,2018-15,Sunday
2018-04-16,2018,16,16,2018-16,Monday
2018-04-17,2018,16,16,2018-16,Tuesday
2018-04-18,2018,16,16,2018-16,Wednesday
2018-04-19,2018,16,16,2018-16,Thursday
2018-04-20,2018,16,16,2018-16,Friday
2018-04-21,2018,16,16,2018-16,Saturday
2018-04-22,2018,16,16,2018-16,Sunday
2018-04-23,2018,17,17,2018-17,Monday
2018-04-24,2018,17,17,2018-17,Tuesday
2018-04-25,2018,17,17,2018-17,Wednesday
2018-04-26,2018,17,17,2018-17,Thursday
2018-04-27,2018,17,17,2018-17,Friday
2018-04-28,2018,17,17,2018-17,Saturday
2018-04-29,2018,17,17,2018-17,Sunday
2018-04-30,2018,18,18,2018-18,Monday
2018-05-01,2018,18,18,2018-18,Tuesday
2018-05-02,2018,18,18,2018-18,Wednesday
2018-05-03,2018,18,18,2018-18,Thursday
2018-05-04,2018,18,18,2018-18,Friday
2018-05-05,2018,18,18,2018-18,Saturday
2018-05-06,2018,18,18,2018-18,Sunday
2018-05-07,2018,19,19,2018-19,Monday
2018-05-08,2018,19,19,2018-19,Tuesday
2018-05-09,2018,19,19,2018-19,Wednesday
2018-05-10,2018,19,19,2018-19,Thursday
2018-05-11,2018,19,19,2018-19,Friday
2018-05-12,2018,19,19,2018-19,Saturday
2018-05-13,2018,19,19,2018-19,Sunday
2018-05-14,2018,20,20,2018-20,Monday
2018-05-15,2018,20,20,2018-20,Tuesday
2018-05-16,2018,20,20,2018-20,Wednesday
2018-05-17,2018,20,20,2018-20,Thursday
2018-05-18,2018,20,20,2018-20,Friday
2018-05-19,2018,20,20,2018-20,Saturday
2018-05-20,2018,20,20,2018-20,Sunday
2018-05-21,2018,21,21,2018-21,Monday
2018-05-22,2018,21,21,2018-21,Tuesday
2018-05-23,2018,21,21,2018-21,Wednesday
2018-05-24,2018,21,21,2018-21,Thursday
2018-05-25,2018,21,21,2018-21,Friday
2018-05-26,2018,21,21,2018-21,Saturday
2018-05-27,2018,21,21,2018-21,Sunday
2018-05-28,2018,22,22,2018-22,Monday
2018-05-29,2018,22,22,2018-22,Tuesday
2018-05-30,2018,22,22,2018-22,Wednesday
2018-05-31,2018,22,22,2018-22,Thursday
2018-06-01,2018,22,22,2018-22,Friday
2018-06-02,2018,22,22,2018-22,Saturday
2018-06-03,2018,22,22,2018-22,Sunday
2018-06-04,2018,23,23,2018-23,Monday
2018-06-05,2018,23,23,2018-23,Tuesday
2018-06-06,2018,23,23,2018-23,Wednesday
2018-06-07,2018,23,23,2018-23,Thursday
2018-06-08,2018,23,23,2018-23,Friday
2018-06-09,2018,23,23,2018-23,Saturday
2018-06-10,2018,23,23,2018-23,Sunday
2018-06-11,2018,24,24,2018-24,Monday
2018-06-12,2018,24,24,2018-24,Tuesday
2018-06-13,2018,24,24,2018-24,Wednesday
2018-06-14,2018,24,24,2018-24,Thursday
2018-06-15,2018,24,24,2018-24,Friday
2018-06-16,2018,24,24,2018-24,Saturday
2018-06-17,2018,24,24,2018-24,Sunday
2018-06-18,2018,25,25,2018-25,Monday
2018-06-19,2018,25,25,2018-25,Tuesday
2018-06-20,2018,25,25,2018-25,Wednesday
2018-06-21,2018,25,25,2018-25,Thursday
2018-06-22,2018,25,25,2018-25,Friday
2018-06-23,2018,25,25,2018-25,Saturday
2018-06-24,2018,25,25,2018-25,Sunday
2018-06-25,2018,26,26,2018-26,Monday
2018-06-26,2018,26,26,2018-26,Tuesday
2018-06-27,2018,26,26,2018-26,Wednesday
2018-06-28,2018,26,26,2018-26,Thursday
2018-06-29,2018,26,26,2018-26,Friday
2018-06-30,2018,26,26,2018-26,Saturday
2018-07-01,2018,26,26,2018-26,Sunday
2018-07-02,2018,27,27,2018-27,Monday
2018-07-03,2018,27,27,2018-27,Tuesday
2018-07-04,2018,27,27,2018-27,Wednesday
2018-07-05,2018,27,27,2018-27,Thursday
2018-07-06,2018,27,27,2018-27,Friday
2018-07-07,2018,27,27,2018-27,Saturday
2018-07-08,2018,27,27,2018-27,Sunday
2018-07-09,2018,28,28,2018-28,Monday
2018-07-10,2018,28,28,2018-28,Tuesday
2018-07-11,2018,28,28,2018-28,Wednesday
2018-07-12,2018,28,28,2018-28,Thursday
2018-07-13,2018,28,28,2018-28,Friday
2018-07-14,2018,28,28,2018-28,Saturday
2018-07-15,2018,28,28,2018-28,Sunday
2018-07-16,2018,29,29,2018-29,Monday
2018-07-17,2018,29,29,2018-29,Tuesday
2018-07-18,2018,29,29,2018-29,Wednesday
2018-07-19,2018,29,29,2018-29,Thursday
2018-07-20,2018,29,29,2018-29,Friday
2018-07-21,2018,29,29,2018-29,Saturday
2018-07-22,2018,29,29,2018-29,Sunday
2018-07-23,2018,30,30,2018-30,Monday
2018-07-24,2018,30,30,2018-30,Tuesday
2018-07-25,2018,30,30,2018-30,Wednesday
2018-07-26,2018,30,30,2018-30,Thursday
2018-07-27,2018,30,30,2018-30,Friday
2018-07-28,2018,30,30,2018-30,Saturday
2018-07-29,2018,30,30,2018-30,Sunday
2018-07-30,2018,31,31,2018-31,Monday
2018-07-31,2018,31,31,2018-31,Tuesday
2018-08-01,2018,31,31,2018-31,Wednesday
2018-08-02,2018,31,31,2018-31,Thursday
2018-08-03,2018,31,31,2018-31,Friday
2018-08-04,2018,31,31,2018-31,Saturday
2018-08-05,2018,31,31,2018-31,Sunday
2018-08-06,2018,32,32,2018-32,Monday
2018-08-07,2018,32,32,2018-32,Tuesday
2018-08-08,2018,32,32,2018-32,Wednesday
2018-08-09,2018,32,32,2018-32,Thursday
2018-08-10,2018,32,32,2018-32,Friday
2018-08-11,2018,32,32,2018-32,Saturday
2018-08-12,2018,32,32,2018-32,Sunday
2018-08-13,2018,33,33,2018-33,Monday
2018-08-14,2018,33,33,2018-33,Tuesday
2018-08-15,2018,33,33,2018-33,Wednesday
2018-08-16,2018,33,33,2018-33,Thursday
2018-08-17,2018,33,33,2018-33,Friday
2018-08-18,2018,33,33,2018-33,Saturday
2018-08-19,2018,33,33,2018-33,Sunday
2018-08-20,2018,34,34,2018-34,Monday
2018-08-21,2018,34,34,2018-34,Tuesday
2018-08-22,2018,34,34,2018-34,Wednesday
2018-08-23,2018,34,34,2018-34,Thursday
2018-08-24,2018,34,34,2018-34,Friday
2018-08-25,2018,34,34,2018-34,Saturday
2018-08-26,2018,34,34,2018-34,Sunday
2018-08-27,2018,35,35,2018-35,Monday
2018-08-28,2018,35,35,2018-35,Tuesday
2018-08-29,2018,35,35,2018-35,Wednesday
2018-08-30,2018,35,35,2018-35,Thursday
2018-08-31,2018,35,35,2018-35,Friday
2018-09-01,2018,35,35,2018-35,Saturday
2018-09-02,2018,35,35,2018-35,Sunday
2018-09-03,2018,36,36,2018-36,Monday
2018-09-04,2018,36,36,2018-36,Tuesday
2018-09-05,2018,36,36,2018-36,Wednesday
2018-09-06,2018,36,36,2018-36,Thursday
2018-09-07,2018,36,36,2018-36,Friday
2018-09-08,2018,36,36,2018-36,Saturday
2018-09-09,2018,36,36,2018-36,Sunday
2018-09-10,2018,37,37,2018-37,Monday
2018-09-11,2018,37,37,2018-37,Tuesday
2018-09-12,2018,37,37,2018-37,Wednesday
2018-09-13,2018,37,37,2018-37,Thursday
2018-09-14,2018,37,37,2018-37,Friday
2018-09-15,2018,37,37,2018-37,Saturday
2018-09-16,2018,37,37,2018-37,Sunday
2018-09-17,2018,38,38,2018-38,Monday
2018-09-18,2018,38,38,2018-38,Tuesday
2018-09-19,2018,38,38,2018-38,Wednesday
2018-09-20,2018,38,38,2018-38,Thursday
2018-09-21,2018,38,38,2018-38,Friday
2018-09-22,2018,38,38,2018-38,Saturday
2018-09-23,2018,38,38,2018-38,Sunday
2018-09-24,2018,39,39,2018-39,Monday
2018-09-25,2018,39,39,2018-39,Tuesday
2018-09-26,2018,39,39,2018-39,Wednesday
2018-09-27,2018,39,39,2018-39,Thursday
2018-09-28,2018,39,39,2018-39,Friday
2018-09-29,2018,39,39,2018-39,Saturday
2018-09-30,2018,39,39,2018-39,Sunday
2018-10-01,2018,40,40,2018-40,Monday
2018-10-02,2018,40,40,2018-40,Tuesday
2018-10-03,2018,40,40,2018-40,Wednesday
2018-10-04,2018,40,40,2018-40,Thursday
2018-10-05,2018,40,40,2018-40,Friday
2018-10-06,2018,40,40,2018-40,Saturday
2018-10-07,2018,40,40,2018-40,Sunday
2018-10-08,2018,41,41,2018-41,Monday
2018-10-09,2018,41,41,2018-41,Tuesday
2018-10-10,2018,41,41,2018-41,Wednesday
2018-10-11,2018,41,41,2018-41,Thursday
2018-10-12,2018,41,41,2018-41,Friday
2018-10-13,2018,41,41,2018-41,Saturday
2018-10-14,2018,41,41,2018-41,Sunday
2018-10-15,2018,42,42,2018-42,Monday
2018-10-16,2018,42,42,2018-42,Tuesday
2018-10-17,2018,42,42,2018-42,Wednesday
2018-10-18,2018,42,42,2018-42,Thursday
2018-10-19,2018,42,42,2018-42,Friday
2018-10-20,2018,42,42,2018-42,Saturday
2018-10-21,2018,42,42,2018-42,Sunday
2018-10-22,2018,43,43,2018-43,Monday
2018-10-23,2018,43,43,2018-43,Tuesday
2018-10-24,2018,43,43,2018-43,Wednesday
2018-10-25,2018,43,43,2018-43,Thursday
2018-10-26,2018,43,43,2018-43,Friday
2018-10-27,2018,43,43,2018-43,Saturday
2018-10-28,2018,43,43,2018-43,Sunday
2018-10-29,2018,44,44,2018-44,Monday
2018-10-30,2018,44,44,2018-44,Tuesday
2018-10-31,2018,44,44,2018-44,Wednesday
2018-11-01,2018,44,44,2018-44,Thursday
2018-11-02,2018,44,44,2018-44,Friday
2018-11-03,2018,44,44,2018-44,Saturday
2018-11-04,2018,44,44,2018-44,Sunday
2018-11-05,2018,45,45,2018-45,Monday
2018-11-06,2018,45,45,2018-45,Tuesday
2018-11-07,2018,45,45,2018-45,Wednesday
2018-11-08,2018,45,45,2018-45,Thursday
2018-11-09,2018,45,45,2018-45,Friday
2018-11-10,2018,45,45,2018-45,Saturday
2018-11-11,2018,45,45,2018-45,Sunday
2018-11-12,2018,46,46,2018-46,Monday
2018-11-13,2018,46,46,2018-46,Tuesday
2018-11-14,2018,46,46,2018-46,Wednesday
2018-11-15,2018,46,46,2018-46,Thursday
2018-11-16,2018,46,46,2018-46,Friday
2018-11-17,2018,46,46,2018-46,Saturday
2018-11-18,2018,46,46,2018-46,Sunday
2018-11-19,2018,47,47,2018-47,Monday
2018-11-20,2018,47,47,2018-47,Tuesday
2018-11-21,2018,47,47,2018-47,Wednesday
2018-11-22,2018,47,47,2018-47,Thursday
2018-11-23,2018,47,47,2018-47,Friday
2018-11-24,2018,47,47,2018-47,Saturday
2018-11-25,2018,47,47,2018-47,Sunday
2018-11-26,2018,48,48,2018-48,Monday
2018-11-27,2018,48,48,2018-48,Tuesday
2018-11-28,2018,48,48,2018-48,Wednesday
2018-11-29,2018,48,48,2018-48,Thursday
2018-11-30,2018,48,48,2018-48,Friday
2018-12-01,2018,48,48,2018-48,Saturday
2018-12-02,2018,48,48,2018-48,Sunday
2018-12-03,2018,49,49,2018-49,Monday
2018-12-04,2018,49,49,2018-49,Tuesday
2018-12-05,2018,49,49,2018-49,Wednesday
2018-12-06,2018,49,49,2018-49,Thursday
2018-12-07,2018,49,49,2018-49,Friday
2018-12-08,2018,49,49,2018-49,Saturday
2018-12-09,2018,49,49,2018-49,Sunday
2018-12-10,2018,50,50,2018-50,Monday
2018-12-11,2018,50,50,2018-50,Tuesday
2018-12-12,2018,50,50,2018-50,Wednesday
2018-12-13,2018,50,50,2018-50,Thursday
2018-12-14,2018,50,50,2018-50,Friday
2018-12-15,2018,50,50,2018-50,Saturday
2018-12-16,2018,50,50,2018-50,Sunday
2018-12-17,2018,51,51,2018-51,Monday
2018-12-18,2018,51,51,2018-51,Tuesday
2018-12-19,2018,51,51,2018-51,Wednesday
2018-12-20,2018,51,51,2018-51,Thursday
2018-12-21,2018,51,51,2018-51,Friday
2018-12-22,2018,51,51,2018-51,Saturday
2018-12-23,2018,51,51,2018-51,Sunday
2018-12-24,2018,52,52,2018-52,Monday
2018-12-25,2018,52,52,2018-52,Tuesday
2018-12-26,2018,52,52,2018-52,Wednesday
2018-12-27,2018,52,52,2018-52,Thursday
2018-12-28,2018,52,52,2018-52,Friday
2018-12-29,2018,52,52,2018-52,Saturday
2018-12-30,2018,52,52,2018-52,Sunday
2018-12-31,2019,1,01,2019-01,Monday
2019-01-01,2019,1,01,2019-01,Tuesday
2019-01-02,2019,1,01,2019-01,Wednesday
2019-01-03,2019,1,01,2019-01,Thursday
2019-01-04,2019,1,01,2019-01,Friday
2019-01-05,2019,1,01,2019-01,Saturday
2019-01-06,2019,1,01,2019-01,Sunday
2019-01-07,2019,2,02,2019-02,Monday
2019-01-08,2019,2,02,2019-02,Tuesday
2019-01-09,2019,2,02,2019-02,Wednesday
2019-01-10,2019,2,02,2019-02,Thursday
2019-01-11,2019,2,02,2019-02,Friday
2019-01-12,2019,2,02,2019-02,Saturday
2019-01-13,2019,2,02,2019-02,Sunday
2019-01-14,2019,3,03,2019-03,Monday
2019-01-15,2019,3,03,2019-03,Tuesday
2019-01-16,2019,3,03,2019-03,Wednesday
2019-01-17,2019,3,03,2019-03,Thursday
2019-01-18,2019,3,03,2019-03,Friday
2019-01-19,2019,3,03,2019-03,Saturday
2019-01-20,2019,3,03,2019-03,Sunday
2019-01-21,2019,4,04,2019-04,Monday
2019-01-22,2019,4,04,2019-04,Tuesday
2019-01-23,2019,4,04,2019-04,Wednesday
2019-01-24,2019,4,04,2019-04,Thursday
2019-01-25,2019,4,04,2019-04,Friday
2019-01-26,2019,4,04,2019-04,Saturday
2019-01-27,2019,4,04,2019-04,Sunday
2019-01-28,2019,5,05,2019-05,Monday
2019-01-29,2019,5,05,2019-05,Tuesday
2019-01-30,2019,5,05,2019-05,Wednesday
2019-01-31,2019,5,05,2019-05,Thursday
2019-02-01,2019,5,05,2019-05,Friday
2019-02-02,2019,5,05,2019-05,Saturday
2019-02-03,2019,5,05,2019-05,Sunday
2019-02-04,2019,6,06,2019-06,Monday
2019-02-05,2019,6,06,2019-06,Tuesday
2019-02-06,2019,6,06,2019-06,Wednesday
2019-02-07,2019,6,06,2019-06,Thursday
2019-02-08,2019,6,06,2019-06,Friday
2019-02-09,2019,6,06,2019-06,Saturday
2019-02-10,2019,6,06,2019-06,Sunday
2019-02-11,2019,7,07,2019-07,Monday
2019-02-12,2019,7,07,2019-07,Tuesday
2019-02-13,2019,7,07,2019-07,Wednesday
2019-02-14,2019,7,07,2019-07,Thursday
2019-02-15,2019,7,07,2019-07,Friday
2019-02-16,2019,7,07,2019-07,Saturday
2019-02-17,2019,7,07,2019-07,Sunday
2019-02-18,2019,8,08,2019-08,Monday
2019-02-19,2019,8,08,2019-08,Tuesday
2019-02-20,2019,8,08,2019-08,Wednesday
2019-02-21,2019,8,08,2019-08,Thursday
2019-02-22,2019,8,08,2019-08,Friday
2019-02-23,2019,8,08,2019-08,Saturday
2019-02-24,2019,8,08,2019-08,Sunday
2019-02-25,2019,9,09,2019-09,Monday
2019-02-26,2019,9,09,2019-09,Tuesday
2019-02-27,2019,9,09,2019-09,Wednesday
2019-02-28,2019,9,09,2019-09,Thursday
2019-03-01,2019,9,09,2019-09,Friday
2019-03-02,2019,9,09,2019-09,Saturday
2019-03-03,2019,9,09,2019-09,Sunday
2019-03-04,2019,10,10,2019-10,Monday
2019-03-05,2019,10,10,2019-10,Tuesday
2019-03-06,2019,10,10,2019-10,Wednesday
2019-03-07,2019,10,10,2019-10,Thursday
2019-03-08,2019,10,10,2019-10,Friday
2019-03-09,2019,10,10,2019-10,Saturday
2019-03-10,2019,10,10,2019-10,Sunday
2019-03-11,2019,11,11,2019-11,Monday
2019-03-12,2019,11,11,2019-11,Tuesday
2019-03-13,2019,11,11,2019-11,Wednesday
2019-03-14,2019,11,11,2019-11,Thursday
2019-03-15,2019,11,11,2019-11,Friday
2019-03-16,2019,11,11,2019-11,Saturday
2019-03-17,2019,11,11,2019-11,Sunday
2019-03-18,2019,12,12,2019-12,Monday
2019-03-19,2019,12,12,2019-12,Tuesday
2019-03-20,2019,12,12,2019-12,Wednesday
2019-03-21,2019,12,12,2019-12,Thursday
2019-03-22,2019,12,12,2019-12,Friday
2019-03-23,2019,12,12,2019-12,Saturday
2019-03-24,2019,12,12,2019-12,Sunday
2019-03-25,2019,13,13,2019-13,Monday
2019-03-26,2019,13,13,2019-13,Tuesday
2019-03-27,2019,13,13,2019-13,Wednesday
2019-03-28,2019,13,13,2019-13,Thursday
2019-03-29,2019,13,13,2019-13,Friday
2019-03-30,2019,13,13,2019-13,Saturday
2019-03-31,2019,13,13,2019-13,Sunday
2019-04-01,2019,14,14,2019-14,Monday
2019-04-02,2019,14,14,2019-14,Tuesday
2019-04-03,2019,14,14,2019-14,Wednesday
2019-04-04,2019,14,14,2019-14,Thursday
2019-04-05,2019,14,14,2019-14,Friday
2019-04-06,2019,14,14,2019-14,Saturday
2019-04-07,2019,14,14,2019-14,Sunday
2019-04-08,2019,15,15,2019-15,Monday
2019-04-09,2019,15,15,2019-15,Tuesday
2019-04-10,2019,15,15,2019-15,Wednesday
2019-04-11,2019,15,15,2019-15,Thursday
2019-04-12,2019,15,15,2019-15,Friday
2019-04-13,2019,15,15,2019-15,Saturday
2019-04-14,2019,15,15,2019-15,Sunday
2019-04-15,2019,16,16,2019-16,Monday
2019-04-16,2019,16,16,2019-16,Tuesday
2019-04-17,2019,16,16,2019-16,Wednesday
2019-04-18,2019,16,16,2019-16,Thursday
2019-04-19,2019,16,16,2019-16,Friday
2019-04-20,2019,16,16,2019-16,Saturday
2019-04-21,2019,16,16,2019-16,Sunday
2019-04-22,2019,17,17,2019-17,Monday
2019-04-23,2019,17,17,2019-17,Tuesday
2019-04-24,2019,17,17,2019-17,Wednesday
2019-04-25,2019,17,17,2019-17,Thursday
2019-04-26,2019,17,17,2019-17,Friday
2019-04-27,2019,17,17,2019-17,Saturday
2019-04-28,2019,17,17,2019-17,Sunday
2019-04-29,2019,18,18,2019-18,Monday
2019-04-30,2019,18,18,2019-18,Tuesday
2019-05-01,2019,18,18,2019-18,Wednesday
2019-05-02,2019,18,18,2019-18,Thursday
2019-05-03,2019,18,18,2019-18,Friday
2019-05-04,2019,18,18,2019-18,Saturday
2019-05-05,2019,18,18,2019-18,Sunday
2019-05-06,2019,19,19,2019-19,Monday
2019-05-07,2019,19,19,2019-19,Tuesday
2019-05-08,2019,19,19,2019-19,Wednesday
2019-05-09,2019,19,19,2019-19,Thursday
2019-05-10,2019,19,19,2019-19,Friday
2019-05-11,2019,19,19,2019-19,Saturday
2019-05-12,2019,19,19,2019-19,Sunday
2019-05-13,2019,20,20,2019-20,Monday
2019-05-14,2019,20,20,2019-20,Tuesday
2019-05-15,2019,20,20,2019-20,Wednesday
2019-05-16,2019,20,20,2019-20,Thursday
2019-05-17,2019,20,20,2019-20,Friday
2019-05-18,2019,20,20,2019-20,Saturday
2019-05-19,2019,20,20,2019-20,Sunday
2019-05-20,2019,21,21,2019-21,Monday
2019-05-21,2019,21,21,2019-21,Tuesday
2019-05-22,2019,21,21,2019-21,Wednesday
2019-05-23,2019,21,21,2019-21,Thursday
2019-05-24,2019,21,21,2019-21,Friday
2019-05-25,2019,21,21,2019-21,Saturday
2019-05-26,2019,21,21,2019-21,Sunday
2019-05-27,2019,22,22,2019-22,Monday
2019-05-28,2019,22,22,2019-22,Tuesday
2019-05-29,2019,22,22,2019-22,Wednesday
2019-05-30,2019,22,22,2019-22,Thursday
2019-05-31,2019,22,22,2019-22,Friday
2019-06-01,2019,22,22,2019-22,Saturday
2019-06-02,2019,22,22,2019-22,Sunday
2019-06-03,2019,23,23,2019-23,Monday
2019-06-04,2019,23,23,2019-23,Tuesday
2019-06-05,2019,23,23,2019-23,Wednesday
2019-06-06,2019,23,23,2019-23,Thursday
2019-06-07,2019,23,23,2019-23,Friday
2019-06-08,2019,23,23,2019-23,Saturday
2019-06-09,2019,23,23,2019-23,Sunday
2019-06-10,2019,24,24,2019-24,Monday
2019-06-11,2019,24,24,2019-24,Tuesday
2019-06-12,2019,24,24,2019-24,Wednesday
2019-06-13,2019,24,24,2019-24,Thursday
2019-06-14,2019,24,24,2019-24,Friday
2019-06-15,2019,24,24,2019-24,Saturday
2019-06-16,2019,24,24,2019-24,Sunday
2019-06-17,2019,25,25,2019-25,Monday
2019-06-18,2019,25,25,2019-25,Tuesday
2019-06-19,2019,25,25,2019-25,Wednesday
2019-06-20,2019,25,25,2019-25,Thursday
2019-06-21,2019,25,25,2019-25,Friday
2019-06-22,2019,25,25,2019-25,Saturday
2019-06-23,2019,25,25,2019-25,Sunday
2019-06-24,2019,26,26,2019-26,Monday
2019-06-25,2019,26,26,2019-26,Tuesday
2019-06-26,2019,26,26,2019-26,Wednesday
2019-06-27,2019,26,26,2019-26,Thursday
2019-06-28,2019,26,26,2019-26,Friday
2019-06-29,2019,26,26,2019-26,Saturday
2019-06-30,2019,26,26,2019-26,Sunday
2019-07-01,2019,27,27,2019-27,Monday
2019-07-02,2019,27,27,2019-27,Tuesday
2019-07-03,2019,27,27,2019-27,Wednesday
2019-07-04,2019,27,27,2019-27,Thursday
2019-07-05,2019,27,27,2019-27,Friday
2019-07-06,2019,27,27,2019-27,Saturday
2019-07-07,2019,27,27,2019-27,Sunday
2019-07-08,2019,28,28,2019-28,Monday
2019-07-09,2019,28,28,2019-28,Tuesday
2019-07-10,2019,28,28,2019-28,Wednesday
2019-07-11,2019,28,28,2019-28,Thursday
2019-07-12,2019,28,28,2019-28,Friday
2019-07-13,2019,28,28,2019-28,Saturday
2019-07-14,2019,28,28,2019-28,Sunday
2019-07-15,2019,29,29,2019-29,Monday
2019-07-16,2019,29,29,2019-29,Tuesday
2019-07-17,2019,29,29,2019-29,Wednesday
2019-07-18,2019,29,29,2019-29,Thursday
2019-07-19,2019,29,29,2019-29,Friday
2019-07-20,2019,29,29,2019-29,Saturday
2019-07-21,2019,29,29,2019-29,Sunday
2019-07-22,2019,30,30,2019-30,Monday
2019-07-23,2019,30,30,2019-30,Tuesday
2019-07-24,2019,30,30,2019-30,Wednesday
2019-07-25,2019,30,30,2019-30,Thursday
2019-07-26,2019,30,30,2019-30,Friday
2019-07-27,2019,30,30,2019-30,Saturday
2019-07-28,2019,30,30,2019-30,Sunday
2019-07-29,2019,31,31,2019-31,Monday
2019-07-30,2019,31,31,2019-31,Tuesday
2019-07-31,2019,31,31,2019-31,Wednesday
2019-08-01,2019,31,31,2019-31,Thursday
2019-08-02,2019,31,31,2019-31,Friday
2019-08-03,2019,31,31,2019-31,Saturday
2019-08-04,2019,31,31,2019-31,Sunday
2019-08-05,2019,32,32,2019-32,Monday
2019-08-06,2019,32,32,2019-32,Tuesday
2019-08-07,2019,32,32,2019-32,Wednesday
2019-08-08,2019,32,32,2019-32,Thursday
2019-08-09,2019,32,32,2019-32,Friday
2019-08-10,2019,32,32,2019-32,Saturday
2019-08-11,2019,32,32,2019-32,Sunday
2019-08-12,2019,33,33,2019-33,Monday
2019-08-13,2019,33,33,2019-33,Tuesday
2019-08-14,2019,33,33,2019-33,Wednesday
2019-08-15,2019,33,33,2019-33,Thursday
2019-08-16,2019,33,33,2019-33,Friday
2019-08-17,2019,33,33,2019-33,Saturday
2019-08-18,2019,33,33,2019-33,Sunday
2019-08-19,2019,34,34,2019-34,Monday
2019-08-20,2019,34,34,2019-34,Tuesday
2019-08-21,2019,34,34,2019-34,Wednesday
2019-08-22,2019,34,34,2019-34,Thursday
2019-08-23,2019,34,34,2019-34,Friday
2019-08-24,2019,34,34,2019-34,Saturday
2019-08-25,2019,34,34,2019-34,Sunday
2019-08-26,2019,35,35,2019-35,Monday
2019-08-27,2019,35,35,2019-35,Tuesday
2019-08-28,2019,35,35,2019-35,Wednesday
2019-08-29,2019,35,35,2019-35,Thursday
2019-08-30,2019,35,35,2019-35,Friday
2019-08-31,2019,35,35,2019-35,Saturday
2019-09-01,2019,35,35,2019-35,Sunday
2019-09-02,2019,36,36,2019-36,Monday
2019-09-03,2019,36,36,2019-36,Tuesday
2019-09-04,2019,36,36,2019-36,Wednesday
2019-09-05,2019,36,36,2019-36,Thursday
2019-09-06,2019,36,36,2019-36,Friday
2019-09-07,2019,36,36,2019-36,Saturday
2019-09-08,2019,36,36,2019-36,Sunday
2019-09-09,2019,37,37,2019-37,Monday
2019-09-10,2019,37,37,2019-37,Tuesday
2019-09-11,2019,37,37,2019-37,Wednesday
2019-09-12,2019,37,37,2019-37,Thursday
2019-09-13,2019,37,37,2019-37,Friday
2019-09-14,2019,37,37,2019-37,Saturday
2019-09-15,2019,37,37,2019-37,Sunday
2019-09-16,2019,38,38,2019-38,Monday
2019-09-17,2019,38,38,2019-38,Tuesday
2019-09-18,2019,38,38,2019-38,Wednesday
2019-09-19,2019,38,38,2019-38,Thursday
2019-09-20,2019,38,38,2019-38,Friday
2019-09-21,2019,38,38,2019-38,Saturday
2019-09-22,2019,38,38,2019-38,Sunday
2019-09-23,2019,39,39,2019-39,Monday
2019-09-24,2019,39,39,2019-39,Tuesday
2019-09-25,2019,39,39,2019-39,Wednesday
2019-09-26,2019,39,39,2019-39,Thursday
2019-09-27,2019,39,39,2019-39,Friday
2019-09-28,2019,39,39,2019-39,Saturday
2019-09-29,2019,39,39,2019-39,Sunday
2019-09-30,2019,40,40,2019-40,Monday
2019-10-01,2019,40,40,2019-40,Tuesday
2019-10-02,2019,40,40,2019-40,Wednesday
2019-10-03,2019,40,40,2019-40,Thursday
2019-10-04,2019,40,40,2019-40,Friday
2019-10-05,2019,40,40,2019-40,Saturday
2019-10-06,2019,40,40,2019-40,Sunday
2019-10-07,2019,41,41,2019-41,Monday
2019-10-08,2019,41,41,2019-41,Tuesday
2019-10-09,2019,41,41,2019-41,Wednesday
2019-10-10,2019,41,41,2019-41,Thursday
2019-10-11,2019,41,41,2019-41,Friday
2019-10-12,2019,41,41,2019-41,Saturday
2019-10-13,2019,41,41,2019-41,Sunday
2019-10-14,2019,42,42,2019-42,Monday
2019-10-15,2019,42,42,2019-42,Tuesday
2019-10-16,2019,42,42,2019-42,Wednesday
2019-10-17,2019,42,42,2019-42,Thursday
2019-10-18,2019,42,42,2019-42,Friday
2019-10-19,2019,42,42,2019-42,Saturday
2019-10-20,2019,42,42,2019-42,Sunday
2019-10-21,2019,43,43,2019-43,Monday
2019-10-22,2019,43,43,2019-43,Tuesday
2019-10-23,2019,43,43,2019-43,Wednesday
2019-10-24,2019,43,43,2019-43,Thursday
2019-10-25,2019,43,43,2019-43,Friday
2019-10-26,2019,43,43,2019-43,Saturday
2019-10-27,2019,43,43,2019-43,Sunday
2019-10-28,2019,44,44,2019-44,Monday
2019-10-29,2019,44,44,2019-44,Tuesday
2019-10-30,2019,44,44,2019-44,Wednesday
2019-10-31,2019,44,44,2019-44,Thursday
2019-11-01,2019,44,44,2019-44,Friday
2019-11-02,2019,44,44,2019-44,Saturday
2019-11-03,2019,44,44,2019-44,Sunday
2019-11-04,2019,45,45,2019-45,Monday
2019-11-05,2019,45,45,2019-45,Tuesday
2019-11-06,2019,45,45,2019-45,Wednesday
2019-11-07,2019,45,45,2019-45,Thursday
2019-11-08,2019,45,45,2019-45,Friday
2019-11-09,2019,45,45,2019-45,Saturday
2019-11-10,2019,45,45,2019-45,Sunday
2019-11-11,2019,46,46,2019-46,Monday
2019-11-12,2019,46,46,2019-46,Tuesday
2019-11-13,2019,46,46,2019-46,Wednesday
2019-11-14,2019,46,46,2019-46,Thursday
2019-11-15,2019,46,46,2019-46,Friday
2019-11-16,2019,46,46,2019-46,Saturday
2019-11-17,2019,46,46,2019-46,Sunday
2019-11-18,2019,47,47,2019-47,Monday
2019-11-19,2019,47,47,2019-47,Tuesday
2019-11-20,2019,47,47,2019-47,Wednesday
2019-11-21,2019,47,47,2019-47,Thursday
2019-11-22,2019,47,47,2019-47,Friday
2019-11-23,2019,47,47,2019-47,Saturday
2019-11-24,2019,47,47,2019-47,Sunday
2019-11-25,2019,48,48,2019-48,Monday
2019-11-26,2019,48,48,2019-48,Tuesday
2019-11-27,2019,48,48,2019-48,Wednesday
2019-11-28,2019,48,48,2019-48,Thursday
2019-11-29,2019,48,48,2019-48,Friday
2019-11-30,2019,48,48,2019-48,Saturday
2019-12-01,2019,48,48,2019-48,Sunday
2019-12-02,2019,49,49,2019-49,Monday
2019-12-03,2019,49,49,2019-49,Tuesday
2019-12-04,2019,49,49,2019-49,Wednesday
2019-12-05,2019,49,49,2019-49,Thursday
2019-12-06,2019,49,49,2019-49,Friday
2019-12-07,2019,49,49,2019-49,Saturday
2019-12-08,2019,49,49,2019-49,Sunday
2019-12-09,2019,50,50,2019-50,Monday
2019-12-10,2019,50,50,2019-50,Tuesday
2019-12-11,2019,50,50,2019-50,Wednesday
2019-12-12,2019,50,50,2019-50,Thursday
2019-12-13,2019,50,50,2019-50,Friday
2019-12-14,2019,50,50,2019-50,Saturday
2019-12-15,2019,50,50,2019-50,Sunday
2019-12-16,2019,51,51,2019-51,Monday
2019-12-17,2019,51,51,2019-51,Tuesday
2019-12-18,2019,51,51,2019-51,Wednesday
2019-12-19,2019,51,51,2019-51,Thursday
2019-12-20,2019,51,51,2019-51,Friday
2019-12-21,2019,51,51,2019-51,Saturday
2019-12-22,2019,51,51,2019-51,Sunday
2019-12-23,2019,52,52,2019-52,Monday
2019-12-24,2019,52,52,2019-52,Tuesday
2019-12-25,2019,52,52,2019-52,Wednesday
2019-12-26,2019,52,52,2019-52,Thursday
2019-12-27,2019,52,52,2019-52,Friday
2019-12-28,2019,52,52,2019-52,Saturday
2019-12-29,2019,52,52,2019-52,Sunday
2019-12-30,2020,1,01,2020-01,Monday
2019-12-31,2020,1,01,2020-01,Tuesday
2020-01-01,2020,1,01,2020-01,Wednesday
2020-01-02,2020,1,01,2020-01,Thursday
2020-01-03,2020,1,01,2020-01,Friday
2020-01-04,2020,1,01,2020-01,Saturday
2020-01-05,2020,1,01,2020-01,Sunday
2020-01-06,2020,2,02,2020-02,Monday
2020-01-07,2020,2,02,2020-02,Tuesday
2020-01-08,2020,2,02,2020-02,Wednesday
2020-01-09,2020,2,02,2020-02,Thursday
2020-01-10,2020,2,02,2020-02,Friday
2020-01-11,2020,2,02,2020-02,Saturday
2020-01-12,2020,2,02,2020-02,Sunday
2020-01-13,2020,3,03,2020-03,Monday
2020-01-14,2020,3,03,2020-03,Tuesday
2020-01-15,2020,3,03,2020-03,Wednesday
2020-01-16,2020,3,03,2020-03,Thursday
2020-01-17,2020,3,03,2020-03,Friday
2020-01-18,2020,3,03,2020-03,Saturday
2020-01-19,2020,3,03,2020-03,Sunday
2020-01-20,2020,4,04,2020-04,Monday
2020-01-21,2020,4,04,2020-04,Tuesday
2020-01-22,2020,4,04,2020-04,Wednesday
2020-01-23,2020,4,04,2020-04,Thursday
2020-01-24,2020,4,04,2020-04,Friday
2020-01-25,2020,4,04,2020-04,Saturday
2020-01-26,2020,4,04,2020-04,Sunday
2020-01-27,2020,5,05,2020-05,Monday
2020-01-28,2020,5,05,2020-05,Tuesday
2020-01-29,2020,5,05,2020-05,Wednesday
2020-01-30,2020,5,05,2020-05,Thursday
2020-01-31,2020,5,05,2020-05,Friday
2020-02-01,2020,5,05,2020-05,Saturday
2020-02-02,2020,5,05,2020-05,Sunday
2020-02-03,2020,6,06,2020-06,Monday
2020-02-04,2020,6,06,2020-06,Tuesday
2020-02-05,2020,6,06,2020-06,Wednesday
2020-02-06,2020,6,06,2020-06,Thursday
2020-02-07,2020,6,06,2020-06,Friday
2020-02-08,2020,6,06,2020-06,Saturday
2020-02-09,2020,6,06,2020-06,Sunday
2020-02-10,2020,7,07,2020-07,Monday
2020-02-11,2020,7,07,2020-07,Tuesday
2020-02-12,2020,7,07,2020-07,Wednesday
2020-02-13,2020,7,07,2020-07,Thursday
2020-02-14,2020,7,07,2020-07,Friday
2020-02-15,2020,7,07,2020-07,Saturday
2020-02-16,2020,7,07,2020-07,Sunday
2020-02-17,2020,8,08,2020-08,Monday
2020-02-18,2020,8,08,2020-08,Tuesday
2020-02-19,2020,8,08,2020-08,Wednesday
2020-02-20,2020,8,08,2020-08,Thursday
2020-02-21,2020,8,08,2020-08,Friday
2020-02-22,2020,8,08,2020-08,Saturday
2020-02-23,2020,8,08,2020-08,Sunday
2020-02-24,2020,9,09,2020-09,Monday
2020-02-25,2020,9,09,2020-09,Tuesday
2020-02-26,2020,9,09,2020-09,Wednesday
2020-02-27,2020,9,09,2020-09,Thursday
2020-02-28,2020,9,09,2020-09,Friday
2020-02-29,2020,9,09,2020-09,Saturday
2020-03-01,2020,9,09,2020-09,Sunday
2020-03-02,2020,10,10,2020-10,Monday
2020-03-03,2020,10,10,2020-10,Tuesday
2020-03-04,2020,10,10,2020-10,Wednesday
2020-03-05,2020,10,10,2020-10,Thursday
2020-03-06,2020,10,10,2020-10,Friday
2020-03-07,2020,10,10,2020-10,Saturday
2020-03-08,2020,10,10,2020-10,Sunday
2020-03-09,2020,11,11,2020-11,Monday
2020-03-10,2020,11,11,2020-11,Tuesday
2020-03-11,2020,11,11,2020-11,Wednesday
2020-03-12,2020,11,11,2020-11,Thursday
2020-03-13,2020,11,11,2020-11,Friday
2020-03-14,2020,11,11,2020-11,Saturday
2020-03-15,2020,11,11,2020-11,Sunday
2020-03-16,2020,12,12,2020-12,Monday
2020-03-17,2020,12,12,2020-12,Tuesday
2020-03-18,2020,12,12,2020-12,Wednesday
2020-03-19,2020,12,12,2020-12,Thursday
2020-03-20,2020,12,12,2020-12,Friday
2020-03-21,2020,12,12,2020-12,Saturday
2020-03-22,2020,12,12,2020-12,Sunday
2020-03-23,2020,13,13,2020-13,Monday
2020-03-24,2020,13,13,2020-13,Tuesday
2020-03-25,2020,13,13,2020-13,Wednesday
2020-03-26,2020,13,13,2020-13,Thursday
2020-03-27,2020,13,13,2020-13,Friday
2020-03-28,2020,13,13,2020-13,Saturday
2020-03-29,2020,13,13,2020-13,Sunday
2020-03-30,2020,14,14,2020-14,Monday
2020-03-31,2020,14,14,2020-14,Tuesday
2020-04-01,2020,14,14,2020-14,Wednesday
2020-04-02,2020,14,14,2020-14,Thursday
2020-04-03,2020,14,14,2020-14,Friday
2020-04-04,2020,14,14,2020-14,Saturday
2020-04-05,2020,14,14,2020-14,Sunday
2020-04-06,2020,15,15,2020-15,Monday
2020-04-07,2020,15,15,2020-15,Tuesday
2020-04-08,2020,15,15,2020-15,Wednesday
2020-04-09,2020,15,15,2020-15,Thursday
2020-04-10,2020,15,15,2020-15,Friday
2020-04-11,2020,15,15,2020-15,Saturday
2020-04-12,2020,15,15,2020-15,Sunday
2020-04-13,2020,16,16,2020-16,Monday
2020-04-14,2020,16,16,2020-16,Tuesday
2020-04-15,2020,16,16,2020-16,Wednesday
2020-04-16,2020,16,16,2020-16,Thursday
2020-04-17,2020,16,16,2020-16,Friday
2020-04-18,2020,16,16,2020-16,Saturday
2020-04-19,2020,16,16,2020-16,Sunday
2020-04-20,2020,17,17,2020-17,Monday
2020-04-21,2020,17,17,2020-17,Tuesday
2020-04-22,2020,17,17,2020-17,Wednesday
2020-04-23,2020,17,17,2020-17,Thursday
2020-04-24,2020,17,17,2020-17,Friday
2020-04-25,2020,17,17,2020-17,Saturday
2020-04-26,2020,17,17,2020-17,Sunday
2020-04-27,2020,18,18,2020-18,Monday
2020-04-28,2020,18,18,2020-18,Tuesday
2020-04-29,2020,18,18,2020-18,Wednesday
2020-04-30,2020,18,18,2020-18,Thursday
2020-05-01,2020,18,18,2020-18,Friday
2020-05-02,2020,18,18,2020-18,Saturday
2020-05-03,2020,18,18,2020-18,Sunday
2020-05-04,2020,19,19,2020-19,Monday
2020-05-05,2020,19,19,2020-19,Tuesday
2020-05-06,2020,19,19,2020-19,Wednesday
2020-05-07,2020,19,19,2020-19,Thursday
2020-05-08,2020,19,19,2020-19,Friday
2020-05-09,2020,19,19,2020-19,Saturday
2020-05-10,2020,19,19,2020-19,Sunday
2020-05-11,2020,20,20,2020-20,Monday
2020-05-12,2020,20,20,2020-20,Tuesday
2020-05-13,2020,20,20,2020-20,Wednesday
2020-05-14,2020,20,20,2020-20,Thursday
2020-05-15,2020,20,20,2020-20,Friday
2020-05-16,2020,20,20,2020-20,Saturday
2020-05-17,2020,20,20,2020-20,Sunday
2020-05-18,2020,21,21,2020-21,Monday
2020-05-19,2020,21,21,2020-21,Tuesday
2020-05-20,2020,21,21,2020-21,Wednesday
2020-05-21,2020,21,21,2020-21,Thursday
2020-05-22,2020,21,21,2020-21,Friday
2020-05-23,2020,21,21,2020-21,Saturday
2020-05-24,2020,21,21,2020-21,Sunday
2020-05-25,2020,22,22,2020-22,Monday
2020-05-26,2020,22,22,2020-22,Tuesday
2020-05-27,2020,22,22,2020-22,Wednesday
2020-05-28,2020,22,22,2020-22,Thursday
2020-05-29,2020,22,22,2020-22,Friday
2020-05-30,2020,22,22,2020-22,Saturday
2020-05-31,2020,22,22,2020-22,Sunday
2020-06-01,2020,23,23,2020-23,Monday
2020-06-02,2020,23,23,2020-23,Tuesday
2020-06-03,2020,23,23,2020-23,Wednesday
2020-06-04,2020,23,23,2020-23,Thursday
2020-06-05,2020,23,23,2020-23,Friday
2020-06-06,2020,23,23,2020-23,Saturday
2020-06-07,2020,23,23,2020-23,Sunday
2020-06-08,2020,24,24,2020-24,Monday
2020-06-09,2020,24,24,2020-24,Tuesday
2020-06-10,2020,24,24,2020-24,Wednesday
2020-06-11,2020,24,24,2020-24,Thursday
2020-06-12,2020,24,24,2020-24,Friday
2020-06-13,2020,24,24,2020-24,Saturday
2020-06-14,2020,24,24,2020-24,Sunday
2020-06-15,2020,25,25,2020-25,Monday
2020-06-16,2020,25,25,2020-25,Tuesday
2020-06-17,2020,25,25,2020-25,Wednesday
2020-06-18,2020,25,25,2020-25,Thursday
2020-06-19,2020,25,25,2020-25,Friday
2020-06-20,2020,25,25,2020-25,Saturday
2020-06-21,2020,25,25,2020-25,Sunday
2020-06-22,2020,26,26,2020-26,Monday
2020-06-23,2020,26,26,2020-26,Tuesday
2020-06-24,2020,26,26,2020-26,Wednesday
2020-06-25,2020,26,26,2020-26,Thursday
2020-06-26,2020,26,26,2020-26,Friday
2020-06-27,2020,26,26,2020-26,Saturday
2020-06-28,2020,26,26,2020-26,Sunday
2020-06-29,2020,27,27,2020-27,Monday
2020-06-30,2020,27,27,2020-27,Tuesday
2020-07-01,2020,27,27,2020-27,Wednesday
2020-07-02,2020,27,27,2020-27,Thursday
2020-07-03,2020,27,27,2020-27,Friday
2020-07-04,2020,27,27,2020-27,Saturday
2020-07-05,2020,27,27,2020-27,Sunday
2020-07-06,2020,28,28,2020-28,Monday
2020-07-07,2020,28,28,2020-28,Tuesday
2020-07-08,2020,28,28,2020-28,Wednesday
2020-07-09,2020,28,28,2020-28,Thursday
2020-07-10,2020,28,28,2020-28,Friday
2020-07-11,2020,28,28,2020-28,Saturday
2020-07-12,2020,28,28,2020-28,Sunday
2020-07-13,2020,29,29,2020-29,Monday
2020-07-14,2020,29,29,2020-29,Tuesday
2020-07-15,2020,29,29,2020-29,Wednesday
2020-07-16,2020,29,29,2020-29,Thursday
2020-07-17,2020,29,29,2020-29,Friday
2020-07-18,2020,29,29,2020-29,Saturday
2020-07-19,2020,29,29,2020-29,Sunday
2020-07-20,2020,30,30,2020-30,Monday
2020-07-21,2020,30,30,2020-30,Tuesday
2020-07-22,2020,30,30,2020-30,Wednesday
2020-07-23,2020,30,30,2020-30,Thursday
2020-07-24,2020,30,30,2020-30,Friday
2020-07-25,2020,30,30,2020-30,Saturday
2020-07-26,2020,30,30,2020-30,Sunday
2020-07-27,2020,31,31,2020-31,Monday
2020-07-28,2020,31,31,2020-31,Tuesday
2020-07-29,2020,31,31,2020-31,Wednesday
2020-07-30,2020,31,31,2020-31,Thursday
2020-07-31,2020,31,31,2020-31,Friday
2020-08-01,2020,31,31,2020-31,Saturday
2020-08-02,2020,31,31,2020-31,Sunday
2020-08-03,2020,32,32,2020-32,Monday
2020-08-04,2020,32,32,2020-32,Tuesday
2020-08-05,2020,32,32,2020-32,Wednesday
2020-08-06,2020,32,32,2020-32,Thursday
2020-08-07,2020,32,32,2020-32,Friday
2020-08-08,2020,32,32,2020-32,Saturday
2020-08-09,2020,32,32,2020-32,Sunday
2020-08-10,2020,33,33,2020-33,Monday
2020-08-11,2020,33,33,2020-33,Tuesday
2020-08-12,2020,33,33,2020-33,Wednesday
2020-08-13,2020,33,33,2020-33,Thursday
2020-08-14,2020,33,33,2020-33,Friday
2020-08-15,2020,33,33,2020-33,Saturday
2020-08-16,2020,33,33,2020-33,Sunday
2020-08-17,2020,34,34,2020-34,Monday
2020-08-18,2020,34,34,2020-34,Tuesday
2020-08-19,2020,34,34,2020-34,Wednesday
2020-08-20,2020,34,34,2020-34,Thursday
2020-08-21,2020,34,34,2020-34,Friday
2020-08-22,2020,34,34,2020-34,Saturday
2020-08-23,2020,34,34,2020-34,Sunday
2020-08-24,2020,35,35,2020-35,Monday
2020-08-25,2020,35,35,2020-35,Tuesday
2020-08-26,2020,35,35,2020-35,Wednesday
2020-08-27,2020,35,35,2020-35,Thursday
2020-08-28,2020,35,35,2020-35,Friday
2020-08-29,2020,35,35,2020-35,Saturday
2020-08-30,2020,35,35,2020-35,Sunday
2020-08-31,2020,36,36,2020-36,Monday
2020-09-01,2020,36,36,2020-36,Tuesday
2020-09-02,2020,36,36,2020-36,Wednesday
2020-09-03,2020,36,36,2020-36,Thursday
2020-09-04,2020,36,36,2020-36,Friday
2020-09-05,2020,36,36,2020-36,Saturday
2020-09-06,2020,36,36,2020-36,Sunday
2020-09-07,2020,37,37,2020-37,Monday
2020-09-08,2020,37,37,2020-37,Tuesday
2020-09-09,2020,37,37,2020-37,Wednesday
2020-09-10,2020,37,37,2020-37,Thursday
2020-09-11,2020,37,37,2020-37,Friday
2020-09-12,2020,37,37,2020-37,Saturday
2020-09-13,2020,37,37,2020-37,Sunday
2020-09-14,2020,38,38,2020-38,Monday
2020-09-15,2020,38,38,2020-38,Tuesday
2020-09-16,2020,38,38,2020-38,Wednesday
2020-09-17,2020,38,38,2020-38,Thursday
2020-09-18,2020,38,38,2020-38,Friday
2020-09-19,2020,38,38,2020-38,Saturday
2020-09-20,2020,38,38,2020-38,Sunday
2020-09-21,2020,39,39,2020-39,Monday
2020-09-22,2020,39,39,2020-39,Tuesday
2020-09-23,2020,39,39,2020-39,Wednesday
2020-09-24,2020,39,39,2020-39,Thursday
2020-09-25,2020,39,39,2020-39,Friday
2020-09-26,2020,39,39,2020-39,Saturday
2020-09-27,2020,39,39,2020-39,Sunday
2020-09-28,2020,40,40,2020-40,Monday
2020-09-29,2020,40,40,2020-40,Tuesday
2020-09-30,2020,40,40,2020-40,Wednesday
2020-10-01,2020,40,40,2020-40,Thursday
2020-10-02,2020,40,40,2020-40,Friday
2020-10-03,2020,40,40,2020-40,Saturday
2020-10-04,2020,40,40,2020-40,Sunday
2020-10-05,2020,41,41,2020-41,Monday
2020-10-06,2020,41,41,2020-41,Tuesday
2020-10-07,2020,41,41,2020-41,Wednesday
2020-10-08,2020,41,41,2020-41,Thursday
2020-10-09,2020,41,41,2020-41,Friday
2020-10-10,2020,41,41,2020-41,Saturday
2020-10-11,2020,41,41,2020-41,Sunday
2020-10-12,2020,42,42,2020-42,Monday
2020-10-13,2020,42,42,2020-42,Tuesday
2020-10-14,2020,42,42,2020-42,Wednesday
2020-10-15,2020,42,42,2020-42,Thursday
2020-10-16,2020,42,42,2020-42,Friday
2020-10-17,2020,42,42,2020-42,Saturday
2020-10-18,2020,42,42,2020-42,Sunday
2020-10-19,2020,43,43,2020-43,Monday
2020-10-20,2020,43,43,2020-43,Tuesday
2020-10-21,2020,43,43,2020-43,Wednesday
2020-10-22,2020,43,43,2020-43,Thursday
2020-10-23,2020,43,43,2020-43,Friday
2020-10-24,2020,43,43,2020-43,Saturday
2020-10-25,2020,43,43,2020-43,Sunday
2020-10-26,2020,44,44,2020-44,Monday
2020-10-27,2020,44,44,2020-44,Tuesday
2020-10-28,2020,44,44,2020-44,Wednesday
2020-10-29,2020,44,44,2020-44,Thursday
2020-10-30,2020,44,44,2020-44,Friday
2020-10-31,2020,44,44,2020-44,Saturday
2020-11-01,2020,44,44,2020-44,Sunday
2020-11-02,2020,45,45,2020-45,Monday
2020-11-03,2020,45,45,2020-45,Tuesday
2020-11-04,2020,45,45,2020-45,Wednesday
2020-11-05,2020,45,45,2020-45,Thursday
2020-11-06,2020,45,45,2020-45,Friday
2020-11-07,2020,45,45,2020-45,Saturday
2020-11-08,2020,45,45,2020-45,Sunday
2020-11-09,2020,46,46,2020-46,Monday
2020-11-10,2020,46,46,2020-46,Tuesday
2020-11-11,2020,46,46,2020-46,Wednesday
2020-11-12,2020,46,46,2020-46,Thursday
2020-11-13,2020,46,46,2020-46,Friday
2020-11-14,2020,46,46,2020-46,Saturday
2020-11-15,2020,46,46,2020-46,Sunday
2020-11-16,2020,47,47,2020-47,Monday
2020-11-17,2020,47,47,2020-47,Tuesday
2020-11-18,2020,47,47,2020-47,Wednesday
2020-11-19,2020,47,47,2020-47,Thursday
2020-11-20,2020,47,47,2020-47,Friday
2020-11-21,2020,47,47,2020-47,Saturday
2020-11-22,2020,47,47,2020-47,Sunday
2020-11-23,2020,48,48,2020-48,Monday
2020-11-24,2020,48,48,2020-48,Tuesday
2020-11-25,2020,48,48,2020-48,Wednesday
2020-11-26,2020,48,48,2020-48,Thursday
2020-11-27,2020,48,48,2020-48,Friday
2020-11-28,2020,48,48,2020-48,Saturday
2020-11-29,2020,48,48,2020-48,Sunday
2020-11-30,2020,49,49,2020-49,Monday
2020-12-01,2020,49,49,2020-49,Tuesday
2020-12-02,2020,49,49,2020-49,Wednesday
2020-12-03,2020,49,49,2020-49,Thursday
2020-12-04,2020,49,49,2020-49,Friday
2020-12-05,2020,49,49,2020-49,Saturday
2020-12-06,2020,49,49,2020-49,Sunday
2020-12-07,2020,50,50,2020-50,Monday
2020-12-08,2020,50,50,2020-50,Tuesday
2020-12-09,2020,50,50,2020-50,Wednesday
2020-12-10,2020,50,50,2020-50,Thursday
2020-12-11,2020,50,50,2020-50,Friday
2020-12-12,2020,50,50,2020-50,Saturday
2020-12-13,2020,50,50,2020-50,Sunday
2020-12-14,2020,51,51,2020-51,Monday
2020-12-15,2020,51,51,2020-51,Tuesday
2020-12-16,2020,51,51,2020-51,Wednesday
2020-12-17,2020,51,51,2020-51,Thursday
2020-12-18,2020,51,51,2020-51,Friday
2020-12-19,2020,51,51,2020-51,Saturday
2020-12-20,2020,51,51,2020-51,Sunday
2020-12-21,2020,52,52,2020-52,Monday
2020-12-22,2020,52,52,2020-52,Tuesday
2020-12-23,2020,52,52,2020-52,Wednesday
2020-12-24,2020,52,52,2020-52,Thursday
2020-12-25,2020,52,52,2020-52,Friday
2020-12-26,2020,52,52,2020-52,Saturday
2020-12-27,2020,52,52,2020-52,Sunday
2020-12-28,2020,53,53,2020-53,Monday
2020-12-29,2020,53,53,2020-53,Tuesday
2020-12-30,2020,53,53,2020-53,Wednesday
2020-12-31,2020,53,53,2020-53,Thursday
2021-01-01,2020,53,53,2020-53,Friday
2021-01-02,2020,53,53,2020-53,Saturday
2021-01-03,2020,53,53,2020-53,Sunday
2021-01-04,2021,1,01,2021-01,Monday
2021-01-05,2021,1,01,2021-01,Tuesday
2021-01-06,2021,1,01,2021-01,Wednesday
2021-01-07,2021,1,01,2021-01,Thursday
2021-01-08,2021,1,01,2021-01,Friday
2021-01-09,2021,1,01,2021-01,Saturday
2021-01-10,2021,1,01,2021-01,Sunday
2021-01-11,2021,2,02,2021-02,Monday
2021-01-12,2021,2,02,2021-02,Tuesday
2021-01-13,2021,2,02,2021-02,Wednesday
2021-01-14,2021,2,02,2021-02,Thursday
2021-01-15,2021,2,02,2021-02,Friday
2021-01-16,2021,2,02,2021-02,Saturday
2021-01-17,2021,2,02,2021-02,Sunday
2021-01-18,2021,3,03,2021-03,Monday
2021-01-19,2021,3,03,2021-03,Tuesday
2021-01-20,2021,3,03,2021-03,Wednesday
2021-01-21,2021,3,03,2021-03,Thursday
2021-01-22,2021,3,03,2021-03,Friday
2021-01-23,2021,3,03,2021-03,Saturday
2021-01-24,2021,3,03,2021-03,Sunday
2021-01-25,2021,4,04,2021-04,Monday
2021-01-26,2021,4,04,2021-04,Tuesday
2021-01-27,2021,4,04,2021-04,Wednesday
2021-01-28,2021,4,04,2021-04,Thursday
2021-01-29,2021,4,04,2021-04,Friday
2021-01-30,2021,4,04,2021-04,Saturday
2021-01-31,2021,4,04,2021-04,Sunday
2021-02-01,2021,5,05,2021-05,Monday
2021-02-02,2021,5,05,2021-05,Tuesday
2021-02-03,2021,5,05,2021-05,Wednesday
2021-02-04,2021,5,05,2021-05,Thursday
2021-02-05,2021,5,05,2021-05,Friday
2021-02-06,2021,5,05,2021-05,Saturday
2021-02-07,2021,5,05,2021-05,Sunday
2021-02-08,2021,6,06,2021-06,Monday
2021-02-09,2021,6,06,2021-06,Tuesday
2021-02-10,2021,6,06,2021-06,Wednesday
2021-02-11,2021,6,06,2021-06,Thursday
2021-02-12,2021,6,06,2021-06,Friday
2021-02-13,2021,6,06,2021-06,Saturday
2021-02-14,2021,6,06,2021-06,Sunday
2021-02-15,2021,7,07,2021-07,Monday
2021-02-16,2021,7,07,2021-07,Tuesday
2021-02-17,2021,7,07,2021-07,Wednesday
2021-02-18,2021,7,07,2021-07,Thursday
2021-02-19,2021,7,07,2021-07,Friday
2021-02-20,2021,7,07,2021-07,Saturday
2021-02-21,2021,7,07,2021-07,Sunday
2021-02-22,2021,8,08,2021-08,Monday
2021-02-23,2021,8,08,2021-08,Tuesday
2021-02-24,2021,8,08,2021-08,Wednesday
2021-02-25,2021,8,08,2021-08,Thursday
2021-02-26,2021,8,08,2021-08,Friday
2021-02-27,2021,8,08,2021-08,Saturday
2021-02-28,2021,8,08,2021-08,Sunday
2021-03-01,2021,9,09,2021-09,Monday
2021-03-02,2021,9,09,2021-09,Tuesday
2021-03-03,2021,9,09,2021-09,Wednesday
2021-03-04,2021,9,09,2021-09,Thursday
2021-03-05,2021,9,09,2021-09,Friday
2021-03-06,2021,9,09,2021-09,Saturday
2021-03-07,2021,9,09,2021-09,Sunday
2021-03-08,2021,10,10,2021-10,Monday
2021-03-09,2021,10,10,2021-10,Tuesday
2021-03-10,2021,10,10,2021-10,Wednesday
2021-03-11,2021,10,10,2021-10,Thursday
2021-03-12,2021,10,10,2021-10,Friday
2021-03-13,2021,10,10,2021-10,Saturday
2021-03-14,2021,10,10,2021-10,Sunday
2021-03-15,2021,11,11,2021-11,Monday
2021-03-16,2021,11,11,2021-11,Tuesday
2021-03-17,2021,11,11,2021-11,Wednesday
2021-03-18,2021,11,11,2021-11,Thursday
2021-03-19,2021,11,11,2021-11,Friday
2021-03-20,2021,11,11,2021-11,Saturday
2021-03-21,2021,11,11,2021-11,Sunday
2021-03-22,2021,12,12,2021-12,Monday
2021-03-23,2021,12,12,2021-12,Tuesday
2021-03-24,2021,12,12,2021-12,Wednesday
2021-03-25,2021,12,12,2021-12,Thursday
2021-03-26,2021,12,12,2021-12,Friday
2021-03-27,2021,12,12,2021-12,Saturday
2021-03-28,2021,12,12,2021-12,Sunday
2021-03-29,2021,13,13,2021-13,Monday
2021-03-30,2021,13,13,2021-13,Tuesday
2021-03-31,2021,13,13,2021-13,Wednesday
2021-04-01,2021,13,13,2021-13,Thursday
2021-04-02,2021,13,13,2021-13,Friday
2021-04-03,2021,13,13,2021-13,Saturday
2021-04-04,2021,13,13,2021-13,Sunday
2021-04-05,2021,14,14,2021-14,Monday
2021-04-06,2021,14,14,2021-14,Tuesday
2021-04-07,2021,14,14,2021-14,Wednesday
2021-04-08,2021,14,14,2021-14,Thursday
2021-04-09,2021,14,14,2021-14,Friday
2021-04-10,2021,14,14,2021-14,Saturday
2021-04-11,2021,14,14,2021-14,Sunday
2021-04-12,2021,15,15,2021-15,Monday
2021-04-13,2021,15,15,2021-15,Tuesday
2021-04-14,2021,15,15,2021-15,Wednesday
2021-04-15,2021,15,15,2021-15,Thursday
2021-04-16,2021,15,15,2021-15,Friday
2021-04-17,2021,15,15,2021-15,Saturday
2021-04-18,2021,15,15,2021-15,Sunday
2021-04-19,2021,16,16,2021-16,Monday
2021-04-20,2021,16,16,2021-16,Tuesday
2021-04-21,2021,16,16,2021-16,Wednesday
2021-04-22,2021,16,16,2021-16,Thursday
2021-04-23,2021,16,16,2021-16,Friday
2021-04-24,2021,16,16,2021-16,Saturday
2021-04-25,2021,16,16,2021-16,Sunday
2021-04-26,2021,17,17,2021-17,Monday
2021-04-27,2021,17,17,2021-17,Tuesday
2021-04-28,2021,17,17,2021-17,Wednesday
2021-04-29,2021,17,17,2021-17,Thursday
2021-04-30,2021,17,17,2021-17,Friday
2021-05-01,2021,17,17,2021-17,Saturday
2021-05-02,2021,17,17,2021-17,Sunday
2021-05-03,2021,18,18,2021-18,Monday
2021-05-04,2021,18,18,2021-18,Tuesday
2021-05-05,2021,18,18,2021-18,Wednesday
2021-05-06,2021,18,18,2021-18,Thursday
2021-05-07,2021,18,18,2021-18,Friday
2021-05-08,2021,18,18,2021-18,Saturday
2021-05-09,2021,18,18,2021-18,Sunday
2021-05-10,2021,19,19,2021-19,Monday
2021-05-11,2021,19,19,2021-19,Tuesday
2021-05-12,2021,19,19,2021-19,Wednesday
2021-05-13,2021,19,19,2021-19,Thursday
2021-05-14,2021,19,19,2021-19,Friday
2021-05-15,2021,19,19,2021-19,Saturday
2021-05-16,2021,19,19,2021-19,Sunday
2021-05-17,2021,20,20,2021-20,Monday
2021-05-18,2021,20,20,2021-20,Tuesday
2021-05-19,2021,20,20,2021-20,Wednesday
2021-05-20,2021,20,20,2021-20,Thursday
2021-05-21,2021,20,20,2021-20,Friday
2021-05-22,2021,20,20,2021-20,Saturday
2021-05-23,2021,20,20,2021-20,Sunday
2021-05-24,2021,21,21,2021-21,Monday
2021-05-25,2021,21,21,2021-21,Tuesday
2021-05-26,2021,21,21,2021-21,Wednesday
2021-05-27,2021,21,21,2021-21,Thursday
2021-05-28,2021,21,21,2021-21,Friday
2021-05-29,2021,21,21,2021-21,Saturday
2021-05-30,2021,21,21,2021-21,Sunday
2021-05-31,2021,22,22,2021-22,Monday
2021-06-01,2021,22,22,2021-22,Tuesday
2021-06-02,2021,22,22,2021-22,Wednesday
2021-06-03,2021,22,22,2021-22,Thursday
2021-06-04,2021,22,22,2021-22,Friday
2021-06-05,2021,22,22,2021-22,Saturday
2021-06-06,2021,22,22,2021-22,Sunday
2021-06-07,2021,23,23,2021-23,Monday
2021-06-08,2021,23,23,2021-23,Tuesday
2021-06-09,2021,23,23,2021-23,Wednesday
2021-06-10,2021,23,23,2021-23,Thursday
2021-06-11,2021,23,23,2021-23,Friday
2021-06-12,2021,23,23,2021-23,Saturday
2021-06-13,2021,23,23,2021-23,Sunday
2021-06-14,2021,24,24,2021-24,Monday
2021-06-15,2021,24,24,2021-24,Tuesday
2021-06-16,2021,24,24,2021-24,Wednesday
2021-06-17,2021,24,24,2021-24,Thursday
2021-06-18,2021,24,24,2021-24,Friday
2021-06-19,2021,24,24,2021-24,Saturday
2021-06-20,2021,24,24,2021-24,Sunday
2021-06-21,2021,25,25,2021-25,Monday
2021-06-22,2021,25,25,2021-25,Tuesday
2021-06-23,2021,25,25,2021-25,Wednesday
2021-06-24,2021,25,25,2021-25,Thursday
2021-06-25,2021,25,25,2021-25,Friday
2021-06-26,2021,25,25,2021-25,Saturday
2021-06-27,2021,25,25,2021-25,Sunday
2021-06-28,2021,26,26,2021-26,Monday
2021-06-29,2021,26,26,2021-26,Tuesday
2021-06-30,2021,26,26,2021-26,Wednesday
2021-07-01,2021,26,26,2021-26,Thursday
2021-07-02,2021,26,26,2021-26,Friday
2021-07-03,2021,26,26,2021-26,Saturday
2021-07-04,2021,26,26,2021-26,Sunday
2021-07-05,2021,27,27,2021-27,Monday
2021-07-06,2021,27,27,2021-27,Tuesday
2021-07-07,2021,27,27,2021-27,Wednesday
2021-07-08,2021,27,27,2021-27,Thursday
2021-07-09,2021,27,27,2021-27,Friday
2021-07-10,2021,27,27,2021-27,Saturday
2021-07-11,2021,27,27,2021-27,Sunday
2021-07-12,2021,28,28,2021-28,Monday
2021-07-13,2021,28,28,2021-28,Tuesday
2021-07-14,2021,28,28,2021-28,Wednesday
2021-07-15,2021,28,28,2021-28,Thursday
2021-07-16,2021,28,28,2021-28,Friday
2021-07-17,2021,28,28,2021-28,Saturday
2021-07-18,2021,28,28,2021-28,Sunday
2021-07-19,2021,29,29,2021-29,Monday
2021-07-20,2021,29,29,2021-29,Tuesday
2021-07-21,2021,29,29,2021-29,Wednesday
2021-07-22,2021,29,29,2021-29,Thursday
2021-07-23,2021,29,29,2021-29,Friday
2021-07-24,2021,29,29,2021-29,Saturday
2021-07-25,2021,29,29,2021-29,Sunday
2021-07-26,2021,30,30,2021-30,Monday
2021-07-27,2021,30,30,2021-30,Tuesday
2021-07-28,2021,30,30,2021-30,Wednesday
2021-07-29,2021,30,30,2021-30,Thursday
2021-07-30,2021,30,30,2021-30,Friday
2021-07-31,2021,30,30,2021-30,Saturday
2021-08-01,2021,30,30,2021-30,Sunday
2021-08-02,2021,31,31,2021-31,Monday
2021-08-03,2021,31,31,2021-31,Tuesday
2021-08-04,2021,31,31,2021-31,Wednesday
2021-08-05,2021,31,31,2021-31,Thursday
2021-08-06,2021,31,31,2021-31,Friday
2021-08-07,2021,31,31,2021-31,Saturday
2021-08-08,2021,31,31,2021-31,Sunday
2021-08-09,2021,32,32,2021-32,Monday
2021-08-10,2021,32,32,2021-32,Tuesday
2021-08-11,2021,32,32,2021-32,Wednesday
2021-08-12,2021,32,32,2021-32,Thursday
2021-08-13,2021,32,32,2021-32,Friday
2021-08-14,2021,32,32,2021-32,Saturday
2021-08-15,2021,32,32,2021-32,Sunday
2021-08-16,2021,33,33,2021-33,Monday
2021-08-17,2021,33,33,2021-33,Tuesday
2021-08-18,2021,33,33,2021-33,Wednesday
2021-08-19,2021,33,33,2021-33,Thursday
2021-08-20,2021,33,33,2021-33,Friday
2021-08-21,2021,33,33,2021-33,Saturday
2021-08-22,2021,33,33,2021-33,Sunday
2021-08-23,2021,34,34,2021-34,Monday
2021-08-24,2021,34,34,2021-34,Tuesday
2021-08-25,2021,34,34,2021-34,Wednesday
2021-08-26,2021,34,34,2021-34,Thursday
2021-08-27,2021,34,34,2021-34,Friday
2021-08-28,2021,34,34,2021-34,Saturday
2021-08-29,2021,34,34,2021-34,Sunday
2021-08-30,2021,35,35,2021-35,Monday
2021-08-31,2021,35,35,2021-35,Tuesday
2021-09-01,2021,35,35,2021-35,Wednesday
2021-09-02,2021,35,35,2021-35,Thursday
2021-09-03,2021,35,35,2021-35,Friday
2021-09-04,2021,35,35,2021-35,Saturday
2021-09-05,2021,35,35,2021-35,Sunday
2021-09-06,2021,36,36,2021-36,Monday
2021-09-07,2021,36,36,2021-36,Tuesday
2021-09-08,2021,36,36,2021-36,Wednesday
2021-09-09,2021,36,36,2021-36,Thursday
2021-09-10,2021,36,36,2021-36,Friday
2021-09-11,2021,36,36,2021-36,Saturday
2021-09-12,2021,36,36,2021-36,Sunday
2021-09-13,2021,37,37,2021-37,Monday
2021-09-14,2021,37,37,2021-37,Tuesday
2021-09-15,2021,37,37,2021-37,Wednesday
2021-09-16,2021,37,37,2021-37,Thursday
2021-09-17,2021,37,37,2021-37,Friday
2021-09-18,2021,37,37,2021-37,Saturday
2021-09-19,2021,37,37,2021-37,Sunday
2021-09-20,2021,38,38,2021-38,Monday
2021-09-21,2021,38,38,2021-38,Tuesday
2021-09-22,2021,38,38,2021-38,Wednesday
2021-09-23,2021,38,38,2021-38,Thursday
2021-09-24,2021,38,38,2021-38,Friday
2021-09-25,2021,38,38,2021-38,Saturday
2021-09-26,2021,38,38,2021-38,Sunday
2021-09-27,2021,39,39,2021-39,Monday
2021-09-28,2021,39,39,2021-39,Tuesday
2021-09-29,2021,39,39,2021-39,Wednesday
2021-09-30,2021,39,39,2021-39,Thursday
2021-10-01,2021,39,39,2021-39,Friday
2021-10-02,2021,39,39,2021-39,Saturday
2021-10-03,2021,39,39,2021-39,Sunday
2021-10-04,2021,40,40,2021-40,Monday
2021-10-05,2021,40,40,2021-40,Tuesday
2021-10-06,2021,40,40,2021-40,Wednesday
2021-10-07,2021,40,40,2021-40,Thursday
2021-10-08,2021,40,40,2021-40,Friday
2021-10-09,2021,40,40,2021-40,Saturday
2021-10-10,2021,40,40,2021-40,Sunday
2021-10-11,2021,41,41,2021-41,Monday
2021-10-12,2021,41,41,2021-41,Tuesday
2021-10-13,2021,41,41,2021-41,Wednesday
2021-10-14,2021,41,41,2021-41,Thursday
2021-10-15,2021,41,41,2021-41,Friday
2021-10-16,2021,41,41,2021-41,Saturday
2021-10-17,2021,41,41,2021-41,Sunday
2021-10-18,2021,42,42,2021-42,Monday
2021-10-19,2021,42,42,2021-42,Tuesday
2021-10-20,2021,42,42,2021-42,Wednesday
2021-10-21,2021,42,42,2021-42,Thursday
2021-10-22,2021,42,42,2021-42,Friday
2021-10-23,2021,42,42,2021-42,Saturday
2021-10-24,2021,42,42,2021-42,Sunday
2021-10-25,2021,43,43,2021-43,Monday
2021-10-26,2021,43,43,2021-43,Tuesday
2021-10-27,2021,43,43,2021-43,Wednesday
2021-10-28,2021,43,43,2021-43,Thursday
2021-10-29,2021,43,43,2021-43,Friday
2021-10-30,2021,43,43,2021-43,Saturday
2021-10-31,2021,43,43,2021-43,Sunday
2021-11-01,2021,44,44,2021-44,Monday
2021-11-02,2021,44,44,2021-44,Tuesday
2021-11-03,2021,44,44,2021-44,Wednesday
2021-11-04,2021,44,44,2021-44,Thursday
2021-11-05,2021,44,44,2021-44,Friday
2021-11-06,2021,44,44,2021-44,Saturday
2021-11-07,2021,44,44,2021-44,Sunday
2021-11-08,2021,45,45,2021-45,Monday
2021-11-09,2021,45,45,2021-45,Tuesday
2021-11-10,2021,45,45,2021-45,Wednesday
2021-11-11,2021,45,45,2021-45,Thursday
2021-11-12,2021,45,45,2021-45,Friday
2021-11-13,2021,45,45,2021-45,Saturday
2021-11-14,2021,45,45,2021-45,Sunday
2021-11-15,2021,46,46,2021-46,Monday
2021-11-16,2021,46,46,2021-46,Tuesday
2021-11-17,2021,46,46,2021-46,Wednesday
2021-11-18,2021,46,46,2021-46,Thursday
2021-11-19,2021,46,46,2021-46,Friday
2021-11-20,2021,46,46,2021-46,Saturday
2021-11-21,2021,46,46,2021-46,Sunday
2021-11-22,2021,47,47,2021-47,Monday
2021-11-23,2021,47,47,2021-47,Tuesday
2021-11-24,2021,47,47,2021-47,Wednesday
2021-11-25,2021,47,47,2021-47,Thursday
2021-11-26,2021,47,47,2021-47,Friday
2021-11-27,2021,47,47,2021-47,Saturday
2021-11-28,2021,47,47,2021-47,Sunday
2021-11-29,2021,48,48,2021-48,Monday
2021-11-30,2021,48,48,2021-48,Tuesday
2021-12-01,2021,48,48,2021-48,Wednesday
2021-12-02,2021,48,48,2021-48,Thursday
2021-12-03,2021,48,48,2021-48,Friday
2021-12-04,2021,48,48,2021-48,Saturday
2021-12-05,2021,48,48,2021-48,Sunday
2021-12-06,2021,49,49,2021-49,Monday
2021-12-07,2021,49,49,2021-49,Tuesday
2021-12-08,2021,49,49,2021-49,Wednesday
2021-12-09,2021,49,49,2021-49,Thursday
2021-12-10,2021,49,49,2021-49,Friday
2021-12-11,2021,49,49,2021-49,Saturday
2021-12-12,2021,49,49,2021-49,Sunday
2021-12-13,2021,50,50,2021-50,Monday
2021-12-14,2021,50,50,2021-50,Tuesday
2021-12-15,2021,50,50,2021-50,Wednesday
2021-12-16,2021,50,50,2021-50,Thursday
2021-12-17,2021,50,50,2021-50,Friday
2021-12-18,2021,50,50,2021-50,Saturday
2021-12-19,2021,50,50,2021-50,Sunday
2021-12-20,2021,51,51,2021-51,Monday
2021-12-21,2021,51,51,2021-51,Tuesday
2021-12-22,2021,51,51,2021-51,Wednesday
2021-12-23,2021,51,51,2021-51,Thursday
2021-12-24,2021,51,51,2021-51,Friday
2021-12-25,2021,51,51,2021-51,Saturday
2021-12-26,2021,51,51,2021-51,Sunday
2021-12-27,2021,52,52,2021-52,Monday
2021-12-28,2021,52,52,2021-52,Tuesday
2021-12-29,2021,52,52,2021-52,Wednesday
2021-12-30,2021,52,52,2021-52,Thursday
2021-12-31,2021,52,52,2021-52,Friday
2022-01-01,2021,52,52,2021-52,Saturday
2022-01-02,2021,52,52,2021-52,Sunday
2022-01-03,2022,1,01,2022-01,Monday
2022-01-04,2022,1,01,2022-01,Tuesday
2022-01-05,2022,1,01,2022-01,Wednesday
2022-01-06,2022,1,01,2022-01,Thursday
2022-01-07,2022,1,01,2022-01,Friday
2022-01-08,2022,1,01,2022-01,Saturday
2022-01-09,2022,1,01,2022-01,Sunday
2022-01-10,2022,2,02,2022-02,Monday
2022-01-11,2022,2,02,2022-02,Tuesday
2022-01-12,2022,2,02,2022-02,Wednesday
2022-01-13,2022,2,02,2022-02,Thursday
2022-01-14,2022,2,02,2022-02,Friday
2022-01-15,2022,2,02,2022-02,Saturday
2022-01-16,2022,2,02,2022-02,Sunday
2022-01-17,2022,3,03,2022-03,Monday
2022-01-18,2022,3,03,2022-03,Tuesday
2022-01-19,2022,3,03,2022-03,Wednesday
2022-01-20,2022,3,03,2022-03,Thursday
2022-01-21,2022,3,03,2022-03,Friday
2022-01-22,2022,3,03,2022-03,Saturday
2022-01-23,2022,3,03,2022-03,Sunday
2022-01-24,2022,4,04,2022-04,Monday
2022-01-25,2022,4,04,2022-04,Tuesday
2022-01-26,2022,4,04,2022-04,Wednesday
2022-01-27,2022,4,04,2022-04,Thursday
2022-01-28,2022,4,04,2022-04,Friday
2022-01-29,2022,4,04,2022-04,Saturday
2022-01-30,2022,4,04,2022-04,Sunday
2022-01-31,2022,5,05,2022-05,Monday
2022-02-01,2022,5,05,2022-05,Tuesday
2022-02-02,2022,5,05,2022-05,Wednesday
2022-02-03,2022,5,05,2022-05,Thursday
2022-02-04,2022,5,05,2022-05,Friday
2022-02-05,2022,5,05,2022-05,Saturday
2022-02-06,2022,5,05,2022-05,Sunday
2022-02-07,2022,6,06,2022-06,Monday
2022-02-08,2022,6,06,2022-06,Tuesday
2022-02-09,2022,6,06,2022-06,Wednesday
2022-02-10,2022,6,06,2022-06,Thursday
2022-02-11,2022,6,06,2022-06,Friday
2022-02-12,2022,6,06,2022-06,Saturday
2022-02-13,2022,6,06,2022-06,Sunday
2022-02-14,2022,7,07,2022-07,Monday
2022-02-15,2022,7,07,2022-07,Tuesday
2022-02-16,2022,7,07,2022-07,Wednesday
2022-02-17,2022,7,07,2022-07,Thursday
2022-02-18,2022,7,07,2022-07,Friday
2022-02-19,2022,7,07,2022-07,Saturday
2022-02-20,2022,7,07,2022-07,Sunday
2022-02-21,2022,8,08,2022-08,Monday
2022-02-22,2022,8,08,2022-08,Tuesday
2022-02-23,2022,8,08,2022-08,Wednesday
2022-02-24,2022,8,08,2022-08,Thursday
2022-02-25,2022,8,08,2022-08,Friday
2022-02-26,2022,8,08,2022-08,Saturday
2022-02-27,2022,8,08,2022-08,Sunday
2022-02-28,2022,9,09,2022-09,Monday
2022-03-01,2022,9,09,2022-09,Tuesday
2022-03-02,2022,9,09,2022-09,Wednesday
2022-03-03,2022,9,09,2022-09,Thursday
2022-03-04,2022,9,09,2022-09,Friday
2022-03-05,2022,9,09,2022-09,Saturday
2022-03-06,2022,9,09,2022-09,Sunday
2022-03-07,2022,10,10,2022-10,Monday
2022-03-08,2022,10,10,2022-10,Tuesday
2022-03-09,2022,10,10,2022-10,Wednesday
2022-03-10,2022,10,10,2022-10,Thursday
2022-03-11,2022,10,10,2022-10,Friday
2022-03-12,2022,10,10,2022-10,Saturday
2022-03-13,2022,10,10,2022-10,Sunday
2022-03-14,2022,11,11,2022-11,Monday
2022-03-15,2022,11,11,2022-11,Tuesday
2022-03-16,2022,11,11,2022-11,Wednesday
2022-03-17,2022,11,11,2022-11,Thursday
2022-03-18,2022,11,11,2022-11,Friday
2022-03-19,2022,11,11,2022-11,Saturday
2022-03-20,2022,11,11,2022-11,Sunday
2022-03-21,2022,12,12,2022-12,Monday
2022-03-22,2022,12,12,2022-12,Tuesday
2022-03-23,2022,12,12,2022-12,Wednesday
2022-03-24,2022,12,12,2022-12,Thursday
2022-03-25,2022,12,12,2022-12,Friday
2022-03-26,2022,12,12,2022-12,Saturday
2022-03-27,2022,12,12,2022-12,Sunday
2022-03-28,2022,13,13,2022-13,Monday
2022-03-29,2022,13,13,2022-13,Tuesday
2022-03-30,2022,13,13,2022-13,Wednesday
2022-03-31,2022,13,13,2022-13,Thursday
2022-04-01,2022,13,13,2022-13,Friday
2022-04-02,2022,13,13,2022-13,Saturday
2022-04-03,2022,13,13,2022-13,Sunday
2022-04-04,2022,14,14,2022-14,Monday
2022-04-05,2022,14,14,2022-14,Tuesday
2022-04-06,2022,14,14,2022-14,Wednesday
2022-04-07,2022,14,14,2022-14,Thursday
2022-04-08,2022,14,14,2022-14,Friday
2022-04-09,2022,14,14,2022-14,Saturday
2022-04-10,2022,14,14,2022-14,Sunday
2022-04-11,2022,15,15,2022-15,Monday
2022-04-12,2022,15,15,2022-15,Tuesday
2022-04-13,2022,15,15,2022-15,Wednesday
2022-04-14,2022,15,15,2022-15,Thursday
2022-04-15,2022,15,15,2022-15,Friday
2022-04-16,2022,15,15,2022-15,Saturday
2022-04-17,2022,15,15,2022-15,Sunday
2022-04-18,2022,16,16,2022-16,Monday
2022-04-19,2022,16,16,2022-16,Tuesday
2022-04-20,2022,16,16,2022-16,Wednesday
2022-04-21,2022,16,16,2022-16,Thursday
2022-04-22,2022,16,16,2022-16,Friday
2022-04-23,2022,16,16,2022-16,Saturday
2022-04-24,2022,16,16,2022-16,Sunday
2022-04-25,2022,17,17,2022-17,Monday
2022-04-26,2022,17,17,2022-17,Tuesday
2022-04-27,2022,17,17,2022-17,Wednesday
2022-04-28,2022,17,17,2022-17,Thursday
2022-04-29,2022,17,17,2022-17,Friday
2022-04-30,2022,17,17,2022-17,Saturday
2022-05-01,2022,17,17,2022-17,Sunday
2022-05-02,2022,18,18,2022-18,Monday
2022-05-03,2022,18,18,2022-18,Tuesday
2022-05-04,2022,18,18,2022-18,Wednesday
2022-05-05,2022,18,18,2022-18,Thursday
2022-05-06,2022,18,18,2022-18,Friday
2022-05-07,2022,18,18,2022-18,Saturday
2022-05-08,2022,18,18,2022-18,Sunday
2022-05-09,2022,19,19,2022-19,Monday
2022-05-10,2022,19,19,2022-19,Tuesday
2022-05-11,2022,19,19,2022-19,Wednesday
2022-05-12,2022,19,19,2022-19,Thursday
2022-05-13,2022,19,19,2022-19,Friday
2022-05-14,2022,19,19,2022-19,Saturday
2022-05-15,2022,19,19,2022-19,Sunday
2022-05-16,2022,20,20,2022-20,Monday
2022-05-17,2022,20,20,2022-20,Tuesday
2022-05-18,2022,20,20,2022-20,Wednesday
2022-05-19,2022,20,20,2022-20,Thursday
2022-05-20,2022,20,20,2022-20,Friday
2022-05-21,2022,20,20,2022-20,Saturday
2022-05-22,2022,20,20,2022-20,Sunday
2022-05-23,2022,21,21,2022-21,Monday
2022-05-24,2022,21,21,2022-21,Tuesday
2022-05-25,2022,21,21,2022-21,Wednesday
2022-05-26,2022,21,21,2022-21,Thursday
2022-05-27,2022,21,21,2022-21,Friday
2022-05-28,2022,21,21,2022-21,Saturday
2022-05-29,2022,21,21,2022-21,Sunday
2022-05-30,2022,22,22,2022-22,Monday
2022-05-31,2022,22,22,2022-22,Tuesday
2022-06-01,2022,22,22,2022-22,Wednesday
2022-06-02,2022,22,22,2022-22,Thursday
2022-06-03,2022,22,22,2022-22,Friday
2022-06-04,2022,22,22,2022-22,Saturday
2022-06-05,2022,22,22,2022-22,Sunday
2022-06-06,2022,23,23,2022-23,Monday
2022-06-07,2022,23,23,2022-23,Tuesday
2022-06-08,2022,23,23,2022-23,Wednesday
2022-06-09,2022,23,23,2022-23,Thursday
2022-06-10,2022,23,23,2022-23,Friday
2022-06-11,2022,23,23,2022-23,Saturday
2022-06-12,2022,23,23,2022-23,Sunday
2022-06-13,2022,24,24,2022-24,Monday
2022-06-14,2022,24,24,2022-24,Tuesday
2022-06-15,2022,24,24,2022-24,Wednesday
2022-06-16,2022,24,24,2022-24,Thursday
2022-06-17,2022,24,24,2022-24,Friday
2022-06-18,2022,24,24,2022-24,Saturday
2022-06-19,2022,24,24,2022-24,Sunday
2022-06-20,2022,25,25,2022-25,Monday
2022-06-21,2022,25,25,2022-25,Tuesday
2022-06-22,2022,25,25,2022-25,Wednesday
2022-06-23,2022,25,25,2022-25,Thursday
2022-06-24,2022,25,25,2022-25,Friday
2022-06-25,2022,25,25,2022-25,Saturday
2022-06-26,2022,25,25,2022-25,Sunday
2022-06-27,2022,26,26,2022-26,Monday
2022-06-28,2022,26,26,2022-26,Tuesday
2022-06-29,2022,26,26,2022-26,Wednesday
2022-06-30,2022,26,26,2022-26,Thursday
2022-07-01,2022,26,26,2022-26,Friday
2022-07-02,2022,26,26,2022-26,Saturday
2022-07-03,2022,26,26,2022-26,Sunday
2022-07-04,2022,27,27,2022-27,Monday
2022-07-05,2022,27,27,2022-27,Tuesday
2022-07-06,2022,27,27,2022-27,Wednesday
2022-07-07,2022,27,27,2022-27,Thursday
2022-07-08,2022,27,27,2022-27,Friday
2022-07-09,2022,27,27,2022-27,Saturday
2022-07-10,2022,27,27,2022-27,Sunday
2022-07-11,2022,28,28,2022-28,Monday
2022-07-12,2022,28,28,2022-28,Tuesday
2022-07-13,2022,28,28,2022-28,Wednesday
2022-07-14,2022,28,28,2022-28,Thursday
2022-07-15,2022,28,28,2022-28,Friday
2022-07-16,2022,28,28,2022-28,Saturday
2022-07-17,2022,28,28,2022-28,Sunday
2022-07-18,2022,29,29,2022-29,Monday
2022-07-19,2022,29,29,2022-29,Tuesday
2022-07-20,2022,29,29,2022-29,Wednesday
2022-07-21,2022,29,29,2022-29,Thursday
2022-07-22,2022,29,29,2022-29,Friday
2022-07-23,2022,29,29,2022-29,Saturday
2022-07-24,2022,29,29,2022-29,Sunday
2022-07-25,2022,30,30,2022-30,Monday
2022-07-26,2022,30,30,2022-30,Tuesday
2022-07-27,2022,30,30,2022-30,Wednesday
2022-07-28,2022,30,30,2022-30,Thursday
2022-07-29,2022,30,30,2022-30,Friday
2022-07-30,2022,30,30,2022-30,Saturday
2022-07-31,2022,30,30,2022-30,Sunday
2022-08-01,2022,31,31,2022-31,Monday
2022-08-02,2022,31,31,2022-31,Tuesday
2022-08-03,2022,31,31,2022-31,Wednesday
2022-08-04,2022,31,31,2022-31,Thursday
2022-08-05,2022,31,31,2022-31,Friday
2022-08-06,2022,31,31,2022-31,Saturday
2022-08-07,2022,31,31,2022-31,Sunday
2022-08-08,2022,32,32,2022-32,Monday
2022-08-09,2022,32,32,2022-32,Tuesday
2022-08-10,2022,32,32,2022-32,Wednesday
2022-08-11,2022,32,32,2022-32,Thursday
2022-08-12,2022,32,32,2022-32,Friday
2022-08-13,2022,32,32,2022-32,Saturday
2022-08-14,2022,32,32,2022-32,Sunday
2022-08-15,2022,33,33,2022-33,Monday
2022-08-16,2022,33,33,2022-33,Tuesday
2022-08-17,2022,33,33,2022-33,Wednesday
2022-08-18,2022,33,33,2022-33,Thursday
2022-08-19,2022,33,33,2022-33,Friday
2022-08-20,2022,33,33,2022-33,Saturday
2022-08-21,2022,33,33,2022-33,Sunday
2022-08-22,2022,34,34,2022-34,Monday
2022-08-23,2022,34,34,2022-34,Tuesday
2022-08-24,2022,34,34,2022-34,Wednesday
2022-08-25,2022,34,34,2022-34,Thursday
2022-08-26,2022,34,34,2022-34,Friday
2022-08-27,2022,34,34,2022-34,Saturday
2022-08-28,2022,34,34,2022-34,Sunday
2022-08-29,2022,35,35,2022-35,Monday
2022-08-30,2022,35,35,2022-35,Tuesday
2022-08-31,2022,35,35,2022-35,Wednesday
2022-09-01,2022,35,35,2022-35,Thursday
2022-09-02,2022,35,35,2022-35,Friday
2022-09-03,2022,35,35,2022-35,Saturday
2022-09-04,2022,35,35,2022-35,Sunday
2022-09-05,2022,36,36,2022-36,Monday
2022-09-06,2022,36,36,2022-36,Tuesday
2022-09-07,2022,36,36,2022-36,Wednesday
2022-09-08,2022,36,36,2022-36,Thursday
2022-09-09,2022,36,36,2022-36,Friday
2022-09-10,2022,36,36,2022-36,Saturday
2022-09-11,2022,36,36,2022-36,Sunday
2022-09-12,2022,37,37,2022-37,Monday
2022-09-13,2022,37,37,2022-37,Tuesday
2022-09-14,2022,37,37,2022-37,Wednesday
2022-09-15,2022,37,37,2022-37,Thursday
2022-09-16,2022,37,37,2022-37,Friday
2022-09-17,2022,37,37,2022-37,Saturday
2022-09-18,2022,37,37,2022-37,Sunday
2022-09-19,2022,38,38,2022-38,Monday
2022-09-20,2022,38,38,2022-38,Tuesday
2022-09-21,2022,38,38,2022-38,Wednesday
2022-09-22,2022,38,38,2022-38,Thursday
2022-09-23,2022,38,38,2022-38,Friday
2022-09-24,2022,38,38,2022-38,Saturday
2022-09-25,2022,38,38,2022-38,Sunday
2022-09-26,2022,39,39,2022-39,Monday
2022-09-27,2022,39,39,2022-39,Tuesday
2022-09-28,2022,39,39,2022-39,Wednesday
2022-09-29,2022,39,39,2022-39,Thursday
2022-09-30,2022,39,39,2022-39,Friday
2022-10-01,2022,39,39,2022-39,Saturday
2022-10-02,2022,39,39,2022-39,Sunday
2022-10-03,2022,40,40,2022-40,Monday
2022-10-04,2022,40,40,2022-40,Tuesday
2022-10-05,2022,40,40,2022-40,Wednesday
2022-10-06,2022,40,40,2022-40,Thursday
2022-10-07,2022,40,40,2022-40,Friday
2022-10-08,2022,40,40,2022-40,Saturday
2022-10-09,2022,40,40,2022-40,Sunday
2022-10-10,2022,41,41,2022-41,Monday
2022-10-11,2022,41,41,2022-41,Tuesday
2022-10-12,2022,41,41,2022-41,Wednesday
2022-10-13,2022,41,41,2022-41,Thursday
2022-10-14,2022,41,41,2022-41,Friday
2022-10-15,2022,41,41,2022-41,Saturday
2022-10-16,2022,41,41,2022-41,Sunday
2022-10-17,2022,42,42,2022-42,Monday
2022-10-18,2022,42,42,2022-42,Tuesday
2022-10-19,2022,42,42,2022-42,Wednesday
2022-10-20,2022,42,42,2022-42,Thursday
2022-10-21,2022,42,42,2022-42,Friday
2022-10-22,2022,42,42,2022-42,Saturday
2022-10-23,2022,42,42,2022-42,Sunday
2022-10-24,2022,43,43,2022-43,Monday
2022-10-25,2022,43,43,2022-43,Tuesday
2022-10-26,2022,43,43,2022-43,Wednesday
2022-10-27,2022,43,43,2022-43,Thursday
2022-10-28,2022,43,43,2022-43,Friday
2022-10-29,2022,43,43,2022-43,Saturday
2022-10-30,2022,43,43,2022-43,Sunday
2022-10-31,2022,44,44,2022-44,Monday
2022-11-01,2022,44,44,2022-44,Tuesday
2022-11-02,2022,44,44,2022-44,Wednesday
2022-11-03,2022,44,44,2022-44,Thursday
2022-11-04,2022,44,44,2022-44,Friday
2022-11-05,2022,44,44,2022-44,Saturday
2022-11-06,2022,44,44,2022-44,Sunday
2022-11-07,2022,45,45,2022-45,Monday
2022-11-08,2022,45,45,2022-45,Tuesday
2022-11-09,2022,45,45,2022-45,Wednesday
2022-11-10,2022,45,45,2022-45,Thursday
2022-11-11,2022,45,45,2022-45,Friday
2022-11-12,2022,45,45,2022-45,Saturday
2022-11-13,2022,45,45,2022-45,Sunday
2022-11-14,2022,46,46,2022-46,Monday
2022-11-15,2022,46,46,2022-46,Tuesday
2022-11-16,2022,46,46,2022-46,Wednesday
2022-11-17,2022,46,46,2022-46,Thursday
2022-11-18,2022,46,46,2022-46,Friday
2022-11-19,2022,46,46,2022-46,Saturday
2022-11-20,2022,46,46,2022-46,Sunday
2022-11-21,2022,47,47,2022-47,Monday
2022-11-22,2022,47,47,2022-47,Tuesday
2022-11-23,2022,47,47,2022-47,Wednesday
2022-11-24,2022,47,47,2022-47,Thursday
2022-11-25,2022,47,47,2022-47,Friday
2022-11-26,2022,47,47,2022-47,Saturday
2022-11-27,2022,47,47,2022-47,Sunday
2022-11-28,2022,48,48,2022-48,Monday
2022-11-29,2022,48,48,2022-48,Tuesday
2022-11-30,2022,48,48,2022-48,Wednesday
2022-12-01,2022,48,48,2022-48,Thursday
2022-12-02,2022,48,48,2022-48,Friday
2022-12-03,2022,48,48,2022-48,Saturday
2022-12-04,2022,48,48,2022-48,Sunday
2022-12-05,2022,49,49,2022-49,Monday
2022-12-06,2022,49,49,2022-49,Tuesday
2022-12-07,2022,49,49,2022-49,Wednesday
2022-12-08,2022,49,49,2022-49,Thursday
2022-12-09,2022,49,49,2022-49,Friday
2022-12-10,2022,49,49,2022-49,Saturday
2022-12-11,2022,49,49,2022-49,Sunday
2022-12-12,2022,50,50,2022-50,Monday
2022-12-13,2022,50,50,2022-50,Tuesday
2022-12-14,2022,50,50,2022-50,Wednesday
2022-12-15,2022,50,50,2022-50,Thursday
2022-12-16,2022,50,50,2022-50,Friday
2022-12-17,2022,50,50,2022-50,Saturday
2022-12-18,2022,50,50,2022-50,Sunday
2022-12-19,2022,51,51,2022-51,Monday
2022-12-20,2022,51,51,2022-51,Tuesday
2022-12-21,2022,51,51,2022-51,Wednesday
2022-12-22,2022,51,51,2022-51,Thursday
2022-12-23,2022,51,51,2022-51,Friday
2022-12-24,2022,51,51,2022-51,Saturday
2022-12-25,2022,51,51,2022-51,Sunday
2022-12-26,2022,52,52,2022-52,Monday
2022-12-27,2022,52,52,2022-52,Tuesday
2022-12-28,2022,52,52,2022-52,Wednesday
2022-12-29,2022,52,52,2022-52,Thursday
2022-12-30,2022,52,52,2022-52,Friday
2022-12-31,2022,52,52,2022-52,Saturday
2023-01-01,2022,52,52,2022-52,Sunday
2023-01-02,2023,1,01,2023-01,Monday
2023-01-03,2023,1,01,2023-01,Tuesday
2023-01-04,2023,1,01,2023-01,Wednesday
2023-01-05,2023,1,01,2023-01,Thursday
2023-01-06,2023,1,01,2023-01,Friday
2023-01-07,2023,1,01,2023-01,Saturday
2023-01-08,2023,1,01,2023-01,Sunday
2023-01-09,2023,2,02,2023-02,Monday
2023-01-10,2023,2,02,2023-02,Tuesday
2023-01-11,2023,2,02,2023-02,Wednesday
2023-01-12,2023,2,02,2023-02,Thursday
2023-01-13,2023,2,02,2023-02,Friday
2023-01-14,2023,2,02,2023-02,Saturday
2023-01-15,2023,2,02,2023-02,Sunday
2023-01-16,2023,3,03,2023-03,Monday
2023-01-17,2023,3,03,2023-03,Tuesday
2023-01-18,2023,3,03,2023-03,Wednesday
2023-01-19,2023,3,03,2023-03,Thursday
2023-01-20,2023,3,03,2023-03,Friday
2023-01-21,2023,3,03,2023-03,Saturday
2023-01-22,2023,3,03,2023-03,Sunday
2023-01-23,2023,4,04,2023-04,Monday
2023-01-24,2023,4,04,2023-04,Tuesday
2023-01-25,2023,4,04,2023-04,Wednesday
2023-01-26,2023,4,04,2023-04,Thursday
2023-01-27,2023,4,04,2023-04,Friday
2023-01-28,2023,4,04,2023-04,Saturday
2023-01-29,2023,4,04,2023-04,Sunday
2023-01-30,2023,5,05,2023-05,Monday
2023-01-31,2023,5,05,2023-05,Tuesday
2023-02-01,2023,5,05,2023-05,Wednesday
2023-02-02,2023,5,05,2023-05,Thursday
2023-02-03,2023,5,05,2023-05,Friday
2023-02-04,2023,5,05,2023-05,Saturday
2023-02-05,2023,5,05,2023-05,Sunday
2023-02-06,2023,6,06,2023-06,Monday
2023-02-07,2023,6,06,2023-06,Tuesday
2023-02-08,2023,6,06,2023-06,Wednesday
2023-02-09,2023,6,06,2023-06,Thursday
2023-02-10,2023,6,06,2023-06,Friday
2023-02-11,2023,6,06,2023-06,Saturday
2023-02-12,2023,6,06,2023-06,Sunday
2023-02-13,2023,7,07,2023-07,Monday
2023-02-14,2023,7,07,2023-07,Tuesday
2023-02-15,2023,7,07,2023-07,Wednesday
2023-02-16,2023,7,07,2023-07,Thursday
2023-02-17,2023,7,07,2023-07,Friday
2023-02-18,2023,7,07,2023-07,Saturday
2023-02-19,2023,7,07,2023-07,Sunday
2023-02-20,2023,8,08,2023-08,Monday
2023-02-21,2023,8,08,2023-08,Tuesday
2023-02-22,2023,8,08,2023-08,Wednesday
2023-02-23,2023,8,08,2023-08,Thursday
2023-02-24,2023,8,08,2023-08,Friday
2023-02-25,2023,8,08,2023-08,Saturday
2023-02-26,2023,8,08,2023-08,Sunday
2023-02-27,2023,9,09,2023-09,Monday
2023-02-28,2023,9,09,2023-09,Tuesday
2023-03-01,2023,9,09,2023-09,Wednesday
2023-03-02,2023,9,09,2023-09,Thursday
2023-03-03,2023,9,09,2023-09,Friday
2023-03-04,2023,9,09,2023-09,Saturday
2023-03-05,2023,9,09,2023-09,Sunday
2023-03-06,2023,10,10,2023-10,Monday
2023-03-07,2023,10,10,2023-10,Tuesday
2023-03-08,2023,10,10,2023-10,Wednesday
2023-03-09,2023,10,10,2023-10,Thursday
2023-03-10,2023,10,10,2023-10,Friday
2023-03-11,2023,10,10,2023-10,Saturday
2023-03-12,2023,10,10,2023-10,Sunday
2023-03-13,2023,11,11,2023-11,Monday
2023-03-14,2023,11,11,2023-11,Tuesday
2023-03-15,2023,11,11,2023-11,Wednesday
2023-03-16,2023,11,11,2023-11,Thursday
2023-03-17,2023,11,11,2023-11,Friday
2023-03-18,2023,11,11,2023-11,Saturday
2023-03-19,2023,11,11,2023-11,Sunday
2023-03-20,2023,12,12,2023-12,Monday
2023-03-21,2023,12,12,2023-12,Tuesday
2023-03-22,2023,12,12,2023-12,Wednesday
2023-03-23,2023,12,12,2023-12,Thursday
2023-03-24,2023,12,12,2023-12,Friday
2023-03-25,2023,12,12,2023-12,Saturday
2023-03-26,2023,12,12,2023-12,Sunday
2023-03-27,2023,13,13,2023-13,Monday
2023-03-28,2023,13,13,2023-13,Tuesday
2023-03-29,2023,13,13,2023-13,Wednesday
2023-03-30,2023,13,13,2023-13,Thursday
2023-03-31,2023,13,13,2023-13,Friday
2023-04-01,2023,13,13,2023-13,Saturday
2023-04-02,2023,13,13,2023-13,Sunday
2023-04-03,2023,14,14,2023-14,Monday
2023-04-04,2023,14,14,2023-14,Tuesday
2023-04-05,2023,14,14,2023-14,Wednesday
2023-04-06,2023,14,14,2023-14,Thursday
2023-04-07,2023,14,14,2023-14,Friday
2023-04-08,2023,14,14,2023-14,Saturday
2023-04-09,2023,14,14,2023-14,Sunday
2023-04-10,2023,15,15,2023-15,Monday
2023-04-11,2023,15,15,2023-15,Tuesday
2023-04-12,2023,15,15,2023-15,Wednesday
2023-04-13,2023,15,15,2023-15,Thursday
2023-04-14,2023,15,15,2023-15,Friday
2023-04-15,2023,15,15,2023-15,Saturday
2023-04-16,2023,15,15,2023-15,Sunday
2023-04-17,2023,16,16,2023-16,Monday
2023-04-18,2023,16,16,2023-16,Tuesday
2023-04-19,2023,16,16,2023-16,Wednesday
2023-04-20,2023,16,16,2023-16,Thursday
2023-04-21,2023,16,16,2023-16,Friday
2023-04-22,2023,16,16,2023-16,Saturday
2023-04-23,2023,16,16,2023-16,Sunday
2023-04-24,2023,17,17,2023-17,Monday
2023-04-25,2023,17,17,2023-17,Tuesday
2023-04-26,2023,17,17,2023-17,Wednesday
2023-04-27,2023,17,17,2023-17,Thursday
2023-04-28,2023,17,17,2023-17,Friday
2023-04-29,2023,17,17,2023-17,Saturday
2023-04-30,2023,17,17,2023-17,Sunday
2023-05-01,2023,18,18,2023-18,Monday
2023-05-02,2023,18,18,2023-18,Tuesday
2023-05-03,2023,18,18,2023-18,Wednesday
2023-05-04,2023,18,18,2023-18,Thursday
2023-05-05,2023,18,18,2023-18,Friday
2023-05-06,2023,18,18,2023-18,Saturday
2023-05-07,2023,18,18,2023-18,Sunday
2023-05-08,2023,19,19,2023-19,Monday
2023-05-09,2023,19,19,2023-19,Tuesday
2023-05-10,2023,19,19,2023-19,Wednesday
2023-05-11,2023,19,19,2023-19,Thursday
2023-05-12,2023,19,19,2023-19,Friday
2023-05-13,2023,19,19,2023-19,Saturday
2023-05-14,2023,19,19,2023-19,Sunday
2023-05-15,2023,20,20,2023-20,Monday
2023-05-16,2023,20,20,2023-20,Tuesday
2023-05-17,2023,20,20,2023-20,Wednesday
2023-05-18,2023,20,20,2023-20,Thursday
2023-05-19,2023,20,20,2023-20,Friday
2023-05-20,2023,20,20,2023-20,Saturday
2023-05-21,2023,20,20,2023-20,Sunday
2023-05-22,2023,21,21,2023-21,Monday
2023-05-23,2023,21,21,2023-21,Tuesday
2023-05-24,2023,21,21,2023-21,Wednesday
2023-05-25,2023,21,21,2023-21,Thursday
2023-05-26,2023,21,21,2023-21,Friday
2023-05-27,2023,21,21,2023-21,Saturday
2023-05-28,2023,21,21,2023-21,Sunday
2023-05-29,2023,22,22,2023-22,Monday
2023-05-30,2023,22,22,2023-22,Tuesday
2023-05-31,2023,22,22,2023-22,Wednesday
2023-06-01,2023,22,22,2023-22,Thursday
2023-06-02,2023,22,22,2023-22,Friday
2023-06-03,2023,22,22,2023-22,Saturday
2023-06-04,2023,22,22,2023-22,Sunday
2023-06-05,2023,23,23,2023-23,Monday
2023-06-06,2023,23,23,2023-23,Tuesday
2023-06-07,2023,23,23,2023-23,Wednesday
2023-06-08,2023,23,23,2023-23,Thursday
2023-06-09,2023,23,23,2023-23,Friday
2023-06-10,2023,23,23,2023-23,Saturday
2023-06-11,2023,23,23,2023-23,Sunday
2023-06-12,2023,24,24,2023-24,Monday
2023-06-13,2023,24,24,2023-24,Tuesday
2023-06-14,2023,24,24,2023-24,Wednesday
2023-06-15,2023,24,24,2023-24,Thursday
2023-06-16,2023,24,24,2023-24,Friday
2023-06-17,2023,24,24,2023-24,Saturday
2023-06-18,2023,24,24,2023-24,Sunday
2023-06-19,2023,25,25,2023-25,Monday
2023-06-20,2023,25,25,2023-25,Tuesday
2023-06-21,2023,25,25,2023-25,Wednesday
2023-06-22,2023,25,25,2023-25,Thursday
2023-06-23,2023,25,25,2023-25,Friday
2023-06-24,2023,25,25,2023-25,Saturday
2023-06-25,2023,25,25,2023-25,Sunday
2023-06-26,2023,26,26,2023-26,Monday
2023-06-27,2023,26,26,2023-26,Tuesday
2023-06-28,2023,26,26,2023-26,Wednesday
2023-06-29,2023,26,26,2023-26,Thursday
2023-06-30,2023,26,26,2023-26,Friday
2023-07-01,2023,26,26,2023-26,Saturday
2023-07-02,2023,26,26,2023-26,Sunday
2023-07-03,2023,27,27,2023-27,Monday
2023-07-04,2023,27,27,2023-27,Tuesday
2023-07-05,2023,27,27,2023-27,Wednesday
2023-07-06,2023,27,27,2023-27,Thursday
2023-07-07,2023,27,27,2023-27,Friday
2023-07-08,2023,27,27,2023-27,Saturday
2023-07-09,2023,27,27,2023-27,Sunday
2023-07-10,2023,28,28,2023-28,Monday
2023-07-11,2023,28,28,2023-28,Tuesday
2023-07-12,2023,28,28,2023-28,Wednesday
2023-07-13,2023,28,28,2023-28,Thursday
2023-07-14,2023,28,28,2023-28,Friday
2023-07-15,2023,28,28,2023-28,Saturday
2023-07-16,2023,28,28,2023-28,Sunday
2023-07-17,2023,29,29,2023-29,Monday
2023-07-18,2023,29,29,2023-29,Tuesday
2023-07-19,2023,29,29,2023-29,Wednesday
2023-07-20,2023,29,29,2023-29,Thursday
2023-07-21,2023,29,29,2023-29,Friday
2023-07-22,2023,29,29,2023-29,Saturday
2023-07-23,2023,29,29,2023-29,Sunday
2023-07-24,2023,30,30,2023-30,Monday
2023-07-25,2023,30,30,2023-30,Tuesday
2023-07-26,2023,30,30,2023-30,Wednesday
2023-07-27,2023,30,30,2023-30,Thursday
2023-07-28,2023,30,30,2023-30,Friday
2023-07-29,2023,30,30,2023-30,Saturday
2023-07-30,2023,30,30,2023-30,Sunday
2023-07-31,2023,31,31,2023-31,Monday
2023-08-01,2023,31,31,2023-31,Tuesday
2023-08-02,2023,31,31,2023-31,Wednesday
2023-08-03,2023,31,31,2023-31,Thursday
2023-08-04,2023,31,31,2023-31,Friday
2023-08-05,2023,31,31,2023-31,Saturday
2023-08-06,2023,31,31,2023-31,Sunday
2023-08-07,2023,32,32,2023-32,Monday
2023-08-08,2023,32,32,2023-32,Tuesday
2023-08-09,2023,32,32,2023-32,Wednesday
2023-08-10,2023,32,32,2023-32,Thursday
2023-08-11,2023,32,32,2023-32,Friday
2023-08-12,2023,32,32,2023-32,Saturday
2023-08-13,2023,32,32,2023-32,Sunday
2023-08-14,2023,33,33,2023-33,Monday
2023-08-15,2023,33,33,2023-33,Tuesday
2023-08-16,2023,33,33,2023-33,Wednesday
2023-08-17,2023,33,33,2023-33,Thursday
2023-08-18,2023,33,33,2023-33,Friday
2023-08-19,2023,33,33,2023-33,Saturday
2023-08-20,2023,33,33,2023-33,Sunday
2023-08-21,2023,34,34,2023-34,Monday
2023-08-22,2023,34,34,2023-34,Tuesday
2023-08-23,2023,34,34,2023-34,Wednesday
2023-08-24,2023,34,34,2023-34,Thursday
2023-08-25,2023,34,34,2023-34,Friday
2023-08-26,2023,34,34,2023-34,Saturday
2023-08-27,2023,34,34,2023-34,Sunday
2023-08-28,2023,35,35,2023-35,Monday
2023-08-29,2023,35,35,2023-35,Tuesday
2023-08-30,2023,35,35,2023-35,Wednesday
2023-08-31,2023,35,35,2023-35,Thursday
2023-09-01,2023,35,35,2023-35,Friday
2023-09-02,2023,35,35,2023-35,Saturday
2023-09-03,2023,35,35,2023-35,Sunday
2023-09-04,2023,36,36,2023-36,Monday
2023-09-05,2023,36,36,2023-36,Tuesday
2023-09-06,2023,36,36,2023-36,Wednesday
2023-09-07,2023,36,36,2023-36,Thursday
2023-09-08,2023,36,36,2023-36,Friday
2023-09-09,2023,36,36,2023-36,Saturday
2023-09-10,2023,36,36,2023-36,Sunday
2023-09-11,2023,37,37,2023-37,Monday
2023-09-12,2023,37,37,2023-37,Tuesday
2023-09-13,2023,37,37,2023-37,Wednesday
2023-09-14,2023,37,37,2023-37,Thursday
2023-09-15,2023,37,37,2023-37,Friday
2023-09-16,2023,37,37,2023-37,Saturday
2023-09-17,2023,37,37,2023-37,Sunday
2023-09-18,2023,38,38,2023-38,Monday
2023-09-19,2023,38,38,2023-38,Tuesday
2023-09-20,2023,38,38,2023-38,Wednesday
2023-09-21,2023,38,38,2023-38,Thursday
2023-09-22,2023,38,38,2023-38,Friday
2023-09-23,2023,38,38,2023-38,Saturday
2023-09-24,2023,38,38,2023-38,Sunday
2023-09-25,2023,39,39,2023-39,Monday
2023-09-26,2023,39,39,2023-39,Tuesday
2023-09-27,2023,39,39,2023-39,Wednesday
2023-09-28,2023,39,39,2023-39,Thursday
2023-09-29,2023,39,39,2023-39,Friday
2023-09-30,2023,39,39,2023-39,Saturday
2023-10-01,2023,39,39,2023-39,Sunday
2023-10-02,2023,40,40,2023-40,Monday
2023-10-03,2023,40,40,2023-40,Tuesday
2023-10-04,2023,40,40,2023-40,Wednesday
2023-10-05,2023,40,40,2023-40,Thursday
2023-10-06,2023,40,40,2023-40,Friday
2023-10-07,2023,40,40,2023-40,Saturday
2023-10-08,2023,40,40,2023-40,Sunday
2023-10-09,2023,41,41,2023-41,Monday
2023-10-10,2023,41,41,2023-41,Tuesday
2023-10-11,2023,41,41,2023-41,Wednesday
2023-10-12,2023,41,41,2023-41,Thursday
2023-10-13,2023,41,41,2023-41,Friday
2023-10-14,2023,41,41,2023-41,Saturday
2023-10-15,2023,41,41,2023-41,Sunday
2023-10-16,2023,42,42,2023-42,Monday
2023-10-17,2023,42,42,2023-42,Tuesday
2023-10-18,2023,42,42,2023-42,Wednesday
2023-10-19,2023,42,42,2023-42,Thursday
2023-10-20,2023,42,42,2023-42,Friday
2023-10-21,2023,42,42,2023-42,Saturday
2023-10-22,2023,42,42,2023-42,Sunday
2023-10-23,2023,43,43,2023-43,Monday
2023-10-24,2023,43,43,2023-43,Tuesday
2023-10-25,2023,43,43,2023-43,Wednesday
2023-10-26,2023,43,43,2023-43,Thursday
2023-10-27,2023,43,43,2023-43,Friday
2023-10-28,2023,43,43,2023-43,Saturday
2023-10-29,2023,43,43,2023-43,Sunday
2023-10-30,2023,44,44,2023-44,Monday
2023-10-31,2023,44,44,2023-44,Tuesday
2023-11-01,2023,44,44,2023-44,Wednesday
2023-11-02,2023,44,44,2023-44,Thursday
2023-11-03,2023,44,44,2023-44,Friday
2023-11-04,2023,44,44,2023-44,Saturday
2023-11-05,2023,44,44,2023-44,Sunday
2023-11-06,2023,45,45,2023-45,Monday
2023-11-07,2023,45,45,2023-45,Tuesday
2023-11-08,2023,45,45,2023-45,Wednesday
2023-11-09,2023,45,45,2023-45,Thursday
2023-11-10,2023,45,45,2023-45,Friday
2023-11-11,2023,45,45,2023-45,Saturday
2023-11-12,2023,45,45,2023-45,Sunday
2023-11-13,2023,46,46,2023-46,Monday
2023-11-14,2023,46,46,2023-46,Tuesday
2023-11-15,2023,46,46,2023-46,Wednesday
2023-11-16,2023,46,46,2023-46,Thursday
2023-11-17,2023,46,46,2023-46,Friday
2023-11-18,2023,46,46,2023-46,Saturday
2023-11-19,2023,46,46,2023-46,Sunday
2023-11-20,2023,47,47,2023-47,Monday
2023-11-21,2023,47,47,2023-47,Tuesday
2023-11-22,2023,47,47,2023-47,Wednesday
2023-11-23,2023,47,47,2023-47,Thursday
2023-11-24,2023,47,47,2023-47,Friday
2023-11-25,2023,47,47,2023-47,Saturday
2023-11-26,2023,47,47,2023-47,Sunday
2023-11-27,2023,48,48,2023-48,Monday
2023-11-28,2023,48,48,2023-48,Tuesday
2023-11-29,2023,48,48,2023-48,Wednesday
2023-11-30,2023,48,48,2023-48,Thursday
2023-12-01,2023,48,48,2023-48,Friday
2023-12-02,2023,48,48,2023-48,Saturday
2023-12-03,2023,48,48,2023-48,Sunday
2023-12-04,2023,49,49,2023-49,Monday
2023-12-05,2023,49,49,2023-49,Tuesday
2023-12-06,2023,49,49,2023-49,Wednesday
2023-12-07,2023,49,49,2023-49,Thursday
2023-12-08,2023,49,49,2023-49,Friday
2023-12-09,2023,49,49,2023-49,Saturday
2023-12-10,2023,49,49,2023-49,Sunday
2023-12-11,2023,50,50,2023-50,Monday
2023-12-12,2023,50,50,2023-50,Tuesday
2023-12-13,2023,50,50,2023-50,Wednesday
2023-12-14,2023,50,50,2023-50,Thursday
2023-12-15,2023,50,50,2023-50,Friday
2023-12-16,2023,50,50,2023-50,Saturday
2023-12-17,2023,50,50,2023-50,Sunday
2023-12-18,2023,51,51,2023-51,Monday
2023-12-19,2023,51,51,2023-51,Tuesday
2023-12-20,2023,51,51,2023-51,Wednesday
2023-12-21,2023,51,51,2023-51,Thursday
2023-12-22,2023,51,51,2023-51,Friday
2023-12-23,2023,51,51,2023-51,Saturday
2023-12-24,2023,51,51,2023-51,Sunday
2023-12-25,2023,52,52,2023-52,Monday
2023-12-26,2023,52,52,2023-52,Tuesday
2023-12-27,2023,52,52,2023-52,Wednesday
2023-12-28,2023,52,52,2023-52,Thursday
2023-12-29,2023,52,52,2023-52,Friday
2023-12-30,2023,52,52,2023-52,Saturday
2023-12-31,2023,52,52,2023-52,Sunday
2024-01-01,2024,1,01,2024-01,Monday
2024-01-02,2024,1,01,2024-01,Tuesday
2024-01-03,2024,1,01,2024-01,Wednesday
2024-01-04,2024,1,01,2024-01,Thursday
2024-01-05,2024,1,01,2024-01,Friday
2024-01-06,2024,1,01,2024-01,Saturday
2024-01-07,2024,1,01,2024-01,Sunday
2024-01-08,2024,2,02,2024-02,Monday
2024-01-09,2024,2,02,2024-02,Tuesday
2024-01-10,2024,2,02,2024-02,Wednesday
2024-01-11,2024,2,02,2024-02,Thursday
2024-01-12,2024,2,02,2024-02,Friday
2024-01-13,2024,2,02,2024-02,Saturday
2024-01-14,2024,2,02,2024-02,Sunday
2024-01-15,2024,3,03,2024-03,Monday
2024-01-16,2024,3,03,2024-03,Tuesday
2024-01-17,2024,3,03,2024-03,Wednesday
2024-01-18,2024,3,03,2024-03,Thursday
2024-01-19,2024,3,03,2024-03,Friday
2024-01-20,2024,3,03,2024-03,Saturday
2024-01-21,2024,3,03,2024-03,Sunday
2024-01-22,2024,4,04,2024-04,Monday
2024-01-23,2024,4,04,2024-04,Tuesday
2024-01-24,2024,4,04,2024-04,Wednesday
2024-01-25,2024,4,04,2024-04,Thursday
2024-01-26,2024,4,04,2024-04,Friday
2024-01-27,2024,4,04,2024-04,Saturday
2024-01-28,2024,4,04,2024-04,Sunday
2024-01-29,2024,5,05,2024-05,Monday
2024-01-30,2024,5,05,2024-05,Tuesday
2024-01-31,2024,5,05,2024-05,Wednesday
2024-02-01,2024,5,05,2024-05,Thursday
2024-02-02,2024,5,05,2024-05,Friday
2024-02-03,2024,5,05,2024-05,Saturday
2024-02-04,2024,5,05,2024-05,Sunday
2024-02-05,2024,6,06,2024-06,Monday
2024-02-06,2024,6,06,2024-06,Tuesday
2024-02-07,2024,6,06,2024-06,Wednesday
2024-02-08,2024,6,06,2024-06,Thursday
2024-02-09,2024,6,06,2024-06,Friday
2024-02-10,2024,6,06,2024-06,Saturday
2024-02-11,2024,6,06,2024-06,Sunday
2024-02-12,2024,7,07,2024-07,Monday
2024-02-13,2024,7,07,2024-07,Tuesday
2024-02-14,2024,7,07,2024-07,Wednesday
2024-02-15,2024,7,07,2024-07,Thursday
2024-02-16,2024,7,07,2024-07,Friday
2024-02-17,2024,7,07,2024-07,Saturday
2024-02-18,2024,7,07,2024-07,Sunday
2024-02-19,2024,8,08,2024-08,Monday
2024-02-20,2024,8,08,2024-08,Tuesday
2024-02-21,2024,8,08,2024-08,Wednesday
2024-02-22,2024,8,08,2024-08,Thursday
2024-02-23,2024,8,08,2024-08,Friday
2024-02-24,2024,8,08,2024-08,Saturday
2024-02-25,2024,8,08,2024-08,Sunday
2024-02-26,2024,9,09,2024-09,Monday
2024-02-27,2024,9,09,2024-09,Tuesday
2024-02-28,2024,9,09,2024-09,Wednesday
2024-02-29,2024,9,09,2024-09,Thursday
2024-03-01,2024,9,09,2024-09,Friday
2024-03-02,2024,9,09,2024-09,Saturday
2024-03-03,2024,9,09,2024-09,Sunday
2024-03-04,2024,10,10,2024-10,Monday
2024-03-05,2024,10,10,2024-10,Tuesday
2024-03-06,2024,10,10,2024-10,Wednesday
2024-03-07,2024,10,10,2024-10,Thursday
2024-03-08,2024,10,10,2024-10,Friday
2024-03-09,2024,10,10,2024-10,Saturday
2024-03-10,2024,10,10,2024-10,Sunday
2024-03-11,2024,11,11,2024-11,Monday
2024-03-12,2024,11,11,2024-11,Tuesday
2024-03-13,2024,11,11,2024-11,Wednesday
2024-03-14,2024,11,11,2024-11,Thursday
2024-03-15,2024,11,11,2024-11,Friday
2024-03-16,2024,11,11,2024-11,Saturday
2024-03-17,2024,11,11,2024-11,Sunday
2024-03-18,2024,12,12,2024-12,Monday
2024-03-19,2024,12,12,2024-12,Tuesday
2024-03-20,2024,12,12,2024-12,Wednesday
2024-03-21,2024,12,12,2024-12,Thursday
2024-03-22,2024,12,12,2024-12,Friday
2024-03-23,2024,12,12,2024-12,Saturday
2024-03-24,2024,12,12,2024-12,Sunday
2024-03-25,2024,13,13,2024-13,Monday
2024-03-26,2024,13,13,2024-13,Tuesday
2024-03-27,2024,13,13,2024-13,Wednesday
2024-03-28,2024,13,13,2024-13,Thursday
2024-03-29,2024,13,13,2024-13,Friday
2024-03-30,2024,13,13,2024-13,Saturday
2024-03-31,2024,13,13,2024-13,Sunday
2024-04-01,2024,14,14,2024-14,Monday
2024-04-02,2024,14,14,2024-14,Tuesday
2024-04-03,2024,14,14,2024-14,Wednesday
2024-04-04,2024,14,14,2024-14,Thursday
2024-04-05,2024,14,14,2024-14,Friday
2024-04-06,2024,14,14,2024-14,Saturday
2024-04-07,2024,14,14,2024-14,Sunday
2024-04-08,2024,15,15,2024-15,Monday
2024-04-09,2024,15,15,2024-15,Tuesday
2024-04-10,2024,15,15,2024-15,Wednesday
2024-04-11,2024,15,15,2024-15,Thursday
2024-04-12,2024,15,15,2024-15,Friday
2024-04-13,2024,15,15,2024-15,Saturday
2024-04-14,2024,15,15,2024-15,Sunday
2024-04-15,2024,16,16,2024-16,Monday
2024-04-16,2024,16,16,2024-16,Tuesday
2024-04-17,2024,16,16,2024-16,Wednesday
2024-04-18,2024,16,16,2024-16,Thursday
2024-04-19,2024,16,16,2024-16,Friday
2024-04-20,2024,16,16,2024-16,Saturday
2024-04-21,2024,16,16,2024-16,Sunday
2024-04-22,2024,17,17,2024-17,Monday
2024-04-23,2024,17,17,2024-17,Tuesday
2024-04-24,2024,17,17,2024-17,Wednesday
2024-04-25,2024,17,17,2024-17,Thursday
2024-04-26,2024,17,17,2024-17,Friday
2024-04-27,2024,17,17,2024-17,Saturday
2024-04-28,2024,17,17,2024-17,Sunday
2024-04-29,2024,18,18,2024-18,Monday
2024-04-30,2024,18,18,2024-18,Tuesday
2024-05-01,2024,18,18,2024-18,Wednesday
2024-05-02,2024,18,18,2024-18,Thursday
2024-05-03,2024,18,18,2024-18,Friday
2024-05-04,2024,18,18,2024-18,Saturday
2024-05-05,2024,18,18,2024-18,Sunday
2024-05-06,2024,19,19,2024-19,Monday
2024-05-07,2024,19,19,2024-19,Tuesday
2024-05-08,2024,19,19,2024-19,Wednesday
2024-05-09,2024,19,19,2024-19,Thursday
2024-05-10,2024,19,19,2024-19,Friday
2024-05-11,2024,19,19,2024-19,Saturday
2024-05-12,2024,19,19,2024-19,Sunday
2024-05-13,2024,20,20,2024-20,Monday
2024-05-14,2024,20,20,2024-20,Tuesday
2024-05-15,2024,20,20,2024-20,Wednesday
2024-05-16,2024,20,20,2024-20,Thursday
2024-05-17,2024,20,20,2024-20,Friday
2024-05-18,2024,20,20,2024-20,Saturday
2024-05-19,2024,20,20,2024-20,Sunday
2024-05-20,2024,21,21,2024-21,Monday
2024-05-21,2024,21,21,2024-21,Tuesday
2024-05-22,2024,21,21,2024-21,Wednesday
2024-05-23,2024,21,21,2024-21,Thursday
2024-05-24,2024,21,21,2024-21,Friday
2024-05-25,2024,21,21,2024-21,Saturday
2024-05-26,2024,21,21,2024-21,Sunday
2024-05-27,2024,22,22,2024-22,Monday
2024-05-28,2024,22,22,2024-22,Tuesday
2024-05-29,2024,22,22,2024-22,Wednesday
2024-05-30,2024,22,22,2024-22,Thursday
2024-05-31,2024,22,22,2024-22,Friday
2024-06-01,2024,22,22,2024-22,Saturday
2024-06-02,2024,22,22,2024-22,Sunday
2024-06-03,2024,23,23,2024-23,Monday
2024-06-04,2024,23,23,2024-23,Tuesday
2024-06-05,2024,23,23,2024-23,Wednesday
2024-06-06,2024,23,23,2024-23,Thursday
2024-06-07,2024,23,23,2024-23,Friday
2024-06-08,2024,23,23,2024-23,Saturday
2024-06-09,2024,23,23,2024-23,Sunday
2024-06-10,2024,24,24,2024-24,Monday
2024-06-11,2024,24,24,2024-24,Tuesday
2024-06-12,2024,24,24,2024-24,Wednesday
2024-06-13,2024,24,24,2024-24,Thursday
2024-06-14,2024,24,24,2024-24,Friday
2024-06-15,2024,24,24,2024-24,Saturday
2024-06-16,2024,24,24,2024-24,Sunday
2024-06-17,2024,25,25,2024-25,Monday
2024-06-18,2024,25,25,2024-25,Tuesday
2024-06-19,2024,25,25,2024-25,Wednesday
2024-06-20,2024,25,25,2024-25,Thursday
2024-06-21,2024,25,25,2024-25,Friday
2024-06-22,2024,25,25,2024-25,Saturday
2024-06-23,2024,25,25,2024-25,Sunday
2024-06-24,2024,26,26,2024-26,Monday
2024-06-25,2024,26,26,2024-26,Tuesday
2024-06-26,2024,26,26,2024-26,Wednesday
2024-06-27,2024,26,26,2024-26,Thursday
2024-06-28,2024,26,26,2024-26,Friday
2024-06-29,2024,26,26,2024-26,Saturday
2024-06-30,2024,26,26,2024-26,Sunday
2024-07-01,2024,27,27,2024-27,Monday
2024-07-02,2024,27,27,2024-27,Tuesday
2024-07-03,2024,27,27,2024-27,Wednesday
2024-07-04,2024,27,27,2024-27,Thursday
2024-07-05,2024,27,27,2024-27,Friday
2024-07-06,2024,27,27,2024-27,Saturday
2024-07-07,2024,27,27,2024-27,Sunday
2024-07-08,2024,28,28,2024-28,Monday
2024-07-09,2024,28,28,2024-28,Tuesday
2024-07-10,2024,28,28,2024-28,Wednesday
2024-07-11,2024,28,28,2024-28,Thursday
2024-07-12,2024,28,28,2024-28,Friday
2024-07-13,2024,28,28,2024-28,Saturday
2024-07-14,2024,28,28,2024-28,Sunday
2024-07-15,2024,29,29,2024-29,Monday
2024-07-16,2024,29,29,2024-29,Tuesday
2024-07-17,2024,29,29,2024-29,Wednesday
2024-07-18,2024,29,29,2024-29,Thursday
2024-07-19,2024,29,29,2024-29,Friday
2024-07-20,2024,29,29,2024-29,Saturday
2024-07-21,2024,29,29,2024-29,Sunday
2024-07-22,2024,30,30,2024-30,Monday
2024-07-23,2024,30,30,2024-30,Tuesday
2024-07-24,2024,30,30,2024-30,Wednesday
2024-07-25,2024,30,30,2024-30,Thursday
2024-07-26,2024,30,30,2024-30,Friday
2024-07-27,2024,30,30,2024-30,Saturday
2024-07-28,2024,30,30,2024-30,Sunday
2024-07-29,2024,31,31,2024-31,Monday
2024-07-30,2024,31,31,2024-31,Tuesday
2024-07-31,2024,31,31,2024-31,Wednesday
2024-08-01,2024,31,31,2024-31,Thursday
2024-08-02,2024,31,31,2024-31,Friday
2024-08-03,2024,31,31,2024-31,Saturday
2024-08-04,2024,31,31,2024-31,Sunday
2024-08-05,2024,32,32,2024-32,Monday
2024-08-06,2024,32,32,2024-32,Tuesday
2024-08-07,2024,32,32,2024-32,Wednesday
2024-08-08,2024,32,32,2024-32,Thursday
2024-08-09,2024,32,32,2024-32,Friday
2024-08-10,2024,32,32,2024-32,Saturday
2024-08-11,2024,32,32,2024-32,Sunday
2024-08-12,2024,33,33,2024-33,Monday
2024-08-13,2024,33,33,2024-33,Tuesday
2024-08-14,2024,33,33,2024-33,Wednesday
2024-08-15,2024,33,33,2024-33,Thursday
2024-08-16,2024,33,33,2024-33,Friday
2024-08-17,2024,33,33,2024-33,Saturday
2024-08-18,2024,33,33,2024-33,Sunday
2024-08-19,2024,34,34,2024-34,Monday
2024-08-20,2024,34,34,2024-34,Tuesday
2024-08-21,2024,34,34,2024-34,Wednesday
2024-08-22,2024,34,34,2024-34,Thursday
2024-08-23,2024,34,34,2024-34,Friday
2024-08-24,2024,34,34,2024-34,Saturday
2024-08-25,2024,34,34,2024-34,Sunday
2024-08-26,2024,35,35,2024-35,Monday
2024-08-27,2024,35,35,2024-35,Tuesday
2024-08-28,2024,35,35,2024-35,Wednesday
2024-08-29,2024,35,35,2024-35,Thursday
2024-08-30,2024,35,35,2024-35,Friday
2024-08-31,2024,35,35,2024-35,Saturday
2024-09-01,2024,35,35,2024-35,Sunday
2024-09-02,2024,36,36,2024-36,Monday
2024-09-03,2024,36,36,2024-36,Tuesday
2024-09-04,2024,36,36,2024-36,Wednesday
2024-09-05,2024,36,36,2024-36,Thursday
2024-09-06,2024,36,36,2024-36,Friday
2024-09-07,2024,36,36,2024-36,Saturday
2024-09-08,2024,36,36,2024-36,Sunday
2024-09-09,2024,37,37,2024-37,Monday
2024-09-10,2024,37,37,2024-37,Tuesday
2024-09-11,2024,37,37,2024-37,Wednesday
2024-09-12,2024,37,37,2024-37,Thursday
2024-09-13,2024,37,37,2024-37,Friday
2024-09-14,2024,37,37,2024-37,Saturday
2024-09-15,2024,37,37,2024-37,Sunday
2024-09-16,2024,38,38,2024-38,Monday
2024-09-17,2024,38,38,2024-38,Tuesday
2024-09-18,2024,38,38,2024-38,Wednesday
2024-09-19,2024,38,38,2024-38,Thursday
2024-09-20,2024,38,38,2024-38,Friday
2024-09-21,2024,38,38,2024-38,Saturday
2024-09-22,2024,38,38,2024-38,Sunday
2024-09-23,2024,39,39,2024-39,Monday
2024-09-24,2024,39,39,2024-39,Tuesday
2024-09-25,2024,39,39,2024-39,Wednesday
2024-09-26,2024,39,39,2024-39,Thursday
2024-09-27,2024,39,39,2024-39,Friday
2024-09-28,2024,39,39,2024-39,Saturday
2024-09-29,2024,39,39,2024-39,Sunday
2024-09-30,2024,40,40,2024-40,Monday
2024-10-01,2024,40,40,2024-40,Tuesday
2024-10-02,2024,40,40,2024-40,Wednesday
2024-10-03,2024,40,40,2024-40,Thursday
2024-10-04,2024,40,40,2024-40,Friday
2024-10-05,2024,40,40,2024-40,Saturday
2024-10-06,2024,40,40,2024-40,Sunday
2024-10-07,2024,41,41,2024-41,Monday
2024-10-08,2024,41,41,2024-41,Tuesday
2024-10-09,2024,41,41,2024-41,Wednesday
2024-10-10,2024,41,41,2024-41,Thursday
2024-10-11,2024,41,41,2024-41,Friday
2024-10-12,2024,41,41,2024-41,Saturday
2024-10-13,2024,41,41,2024-41,Sunday
2024-10-14,2024,42,42,2024-42,Monday
2024-10-15,2024,42,42,2024-42,Tuesday
2024-10-16,2024,42,42,2024-42,Wednesday
2024-10-17,2024,42,42,2024-42,Thursday
2024-10-18,2024,42,42,2024-42,Friday
2024-10-19,2024,42,42,2024-42,Saturday
2024-10-20,2024,42,42,2024-42,Sunday
2024-10-21,2024,43,43,2024-43,Monday
2024-10-22,2024,43,43,2024-43,Tuesday
2024-10-23,2024,43,43,2024-43,Wednesday
2024-10-24,2024,43,43,2024-43,Thursday
2024-10-25,2024,43,43,2024-43,Friday
2024-10-26,2024,43,43,2024-43,Saturday
2024-10-27,2024,43,43,2024-43,Sunday
2024-10-28,2024,44,44,2024-44,Monday
2024-10-29,2024,44,44,2024-44,Tuesday
2024-10-30,2024,44,44,2024-44,Wednesday
2024-10-31,2024,44,44,2024-44,Thursday
2024-11-01,2024,44,44,2024-44,Friday
2024-11-02,2024,44,44,2024-44,Saturday
2024-11-03,2024,44,44,2024-44,Sunday
2024-11-04,2024,45,45,2024-45,Monday
2024-11-05,2024,45,45,2024-45,Tuesday
2024-11-06,2024,45,45,2024-45,Wednesday
2024-11-07,2024,45,45,2024-45,Thursday
2024-11-08,2024,45,45,2024-45,Friday
2024-11-09,2024,45,45,2024-45,Saturday
2024-11-10,2024,45,45,2024-45,Sunday
2024-11-11,2024,46,46,2024-46,Monday
2024-11-12,2024,46,46,2024-46,Tuesday
2024-11-13,2024,46,46,2024-46,Wednesday
2024-11-14,2024,46,46,2024-46,Thursday
2024-11-15,2024,46,46,2024-46,Friday
2024-11-16,2024,46,46,2024-46,Saturday
2024-11-17,2024,46,46,2024-46,Sunday
2024-11-18,2024,47,47,2024-47,Monday
2024-11-19,2024,47,47,2024-47,Tuesday
2024-11-20,2024,47,47,2024-47,Wednesday
2024-11-21,2024,47,47,2024-47,Thursday
2024-11-22,2024,47,47,2024-47,Friday
2024-11-23,2024,47,47,2024-47,Saturday
2024-11-24,2024,47,47,2024-47,Sunday
2024-11-25,2024,48,48,2024-48,Monday
2024-11-26,2024,48,48,2024-48,Tuesday
2024-11-27,2024,48,48,2024-48,Wednesday
2024-11-28,2024,48,48,2024-48,Thursday
2024-11-29,2024,48,48,2024-48,Friday
2024-11-30,2024,48,48,2024-48,Saturday
2024-12-01,2024,48,48,2024-48,Sunday
2024-12-02,2024,49,49,2024-49,Monday
2024-12-03,2024,49,49,2024-49,Tuesday
2024-12-04,2024,49,49,2024-49,Wednesday
2024-12-05,2024,49,49,2024-49,Thursday
2024-12-06,2024,49,49,2024-49,Friday
2024-12-07,2024,49,49,2024-49,Saturday
2024-12-08,2024,49,49,2024-49,Sunday
2024-12-09,2024,50,50,2024-50,Monday
2024-12-10,2024,50,50,2024-50,Tuesday
2024-12-11,2024,50,50,2024-50,Wednesday
2024-12-12,2024,50,50,2024-50,Thursday
2024-12-13,2024,50,50,2024-50,Friday
2024-12-14,2024,50,50,2024-50,Saturday
2024-12-15,2024,50,50,2024-50,Sunday
2024-12-16,2024,51,51,2024-51,Monday
2024-12-17,2024,51,51,2024-51,Tuesday
2024-12-18,2024,51,51,2024-51,Wednesday
2024-12-19,2024,51,51,2024-51,Thursday
2024-12-20,2024,51,51,2024-51,Friday
2024-12-21,2024,51,51,2024-51,Saturday
2024-12-22,2024,51,51,2024-51,Sunday
2024-12-23,2024,52,52,2024-52,Monday
2024-12-24,2024,52,52,2024-52,Tuesday
2024-12-25,2024,52,52,2024-52,Wednesday
2024-12-26,2024,52,52,2024-52,Thursday
2024-12-27,2024,52,52,2024-52,Friday
2024-12-28,2024,52,52,2024-52,Saturday
2024-12-29,2024,52,52,2024-52,Sunday
2024-12-30,2025,1,01,2025-01,Monday
2024-12-31,2025,1,01,2025-01,Tuesday
2025-01-01,2025,1,01,2025-01,Wednesday
2025-01-02,2025,1,01,2025-01,Thursday
2025-01-03,2025,1,01,2025-01,Friday
2025-01-04,2025,1,01,2025-01,Saturday
2025-01-05,2025,1,01,2025-01,Sunday
2025-01-06,2025,2,02,2025-02,Monday
2025-01-07,2025,2,02,2025-02,Tuesday
2025-01-08,2025,2,02,2025-02,Wednesday
2025-01-09,2025,2,02,2025-02,Thursday
2025-01-10,2025,2,02,2025-02,Friday
2025-01-11,2025,2,02,2025-02,Saturday
2025-01-12,2025,2,02,2025-02,Sunday
2025-01-13,2025,3,03,2025-03,Monday
2025-01-14,2025,3,03,2025-03,Tuesday
2025-01-15,2025,3,03,2025-03,Wednesday
2025-01-16,2025,3,03,2025-03,Thursday
2025-01-17,2025,3,03,2025-03,Friday
2025-01-18,2025,3,03,2025-03,Saturday
2025-01-19,2025,3,03,2025-03,Sunday
2025-01-20,2025,4,04,2025-04,Monday
2025-01-21,2025,4,04,2025-04,Tuesday
2025-01-22,2025,4,04,2025-04,Wednesday
2025-01-23,2025,4,04,2025-04,Thursday
2025-01-24,2025,4,04,2025-04,Friday
2025-01-25,2025,4,04,2025-04,Saturday
2025-01-26,2025,4,04,2025-04,Sunday
2025-01-27,2025,5,05,2025-05,Monday
2025-01-28,2025,5,05,2025-05,Tuesday
2025-01-29,2025,5,05,2025-05,Wednesday
2025-01-30,2025,5,05,2025-05,Thursday
2025-01-31,2025,5,05,2025-05,Friday
2025-02-01,2025,5,05,2025-05,Saturday
2025-02-02,2025,5,05,2025-05,Sunday
2025-02-03,2025,6,06,2025-06,Monday
2025-02-04,2025,6,06,2025-06,Tuesday
2025-02-05,2025,6,06,2025-06,Wednesday
2025-02-06,2025,6,06,2025-06,Thursday
2025-02-07,2025,6,06,2025-06,Friday
2025-02-08,2025,6,06,2025-06,Saturday
2025-02-09,2025,6,06,2025-06,Sunday
2025-02-10,2025,7,07,2025-07,Monday
2025-02-11,2025,7,07,2025-07,Tuesday
2025-02-12,2025,7,07,2025-07,Wednesday
2025-02-13,2025,7,07,2025-07,Thursday
2025-02-14,2025,7,07,2025-07,Friday
2025-02-15,2025,7,07,2025-07,Saturday
2025-02-16,2025,7,07,2025-07,Sunday
2025-02-17,2025,8,08,2025-08,Monday
2025-02-18,2025,8,08,2025-08,Tuesday
2025-02-19,2025,8,08,2025-08,Wednesday
2025-02-20,2025,8,08,2025-08,Thursday
2025-02-21,2025,8,08,2025-08,Friday
2025-02-22,2025,8,08,2025-08,Saturday
2025-02-23,2025,8,08,2025-08,Sunday
2025-02-24,2025,9,09,2025-09,Monday
2025-02-25,2025,9,09,2025-09,Tuesday
2025-02-26,2025,9,09,2025-09,Wednesday
2025-02-27,2025,9,09,2025-09,Thursday
2025-02-28,2025,9,09,2025-09,Friday
2025-03-01,2025,9,09,2025-09,Saturday
2025-03-02,2025,9,09,2025-09,Sunday
2025-03-03,2025,10,10,2025-10,Monday
2025-03-04,2025,10,10,2025-10,Tuesday
2025-03-05,2025,10,10,2025-10,Wednesday
2025-03-06,2025,10,10,2025-10,Thursday
2025-03-07,2025,10,10,2025-10,Friday
2025-03-08,2025,10,10,2025-10,Saturday
2025-03-09,2025,10,10,2025-10,Sunday
2025-03-10,2025,11,11,2025-11,Monday
2025-03-11,2025,11,11,2025-11,Tuesday
2025-03-12,2025,11,11,2025-11,Wednesday
2025-03-13,2025,11,11,2025-11,Thursday
2025-03-14,2025,11,11,2025-11,Friday
2025-03-15,2025,11,11,2025-11,Saturday
2025-03-16,2025,11,11,2025-11,Sunday
2025-03-17,2025,12,12,2025-12,Monday
2025-03-18,2025,12,12,2025-12,Tuesday
2025-03-19,2025,12,12,2025-12,Wednesday
2025-03-20,2025,12,12,2025-12,Thursday
2025-03-21,2025,12,12,2025-12,Friday
2025-03-22,2025,12,12,2025-12,Saturday
2025-03-23,2025,12,12,2025-12,Sunday
2025-03-24,2025,13,13,2025-13,Monday
2025-03-25,2025,13,13,2025-13,Tuesday
2025-03-26,2025,13,13,2025-13,Wednesday
2025-03-27,2025,13,13,2025-13,Thursday
2025-03-28,2025,13,13,2025-13,Friday
2025-03-29,2025,13,13,2025-13,Saturday
2025-03-30,2025,13,13,2025-13,Sunday
2025-03-31,2025,14,14,2025-14,Monday
2025-04-01,2025,14,14,2025-14,Tuesday
2025-04-02,2025,14,14,2025-14,Wednesday
2025-04-03,2025,14,14,2025-14,Thursday
2025-04-04,2025,14,14,2025-14,Friday
2025-04-05,2025,14,14,2025-14,Saturday
2025-04-06,2025,14,14,2025-14,Sunday
2025-04-07,2025,15,15,2025-15,Monday
2025-04-08,2025,15,15,2025-15,Tuesday
2025-04-09,2025,15,15,2025-15,Wednesday
2025-04-10,2025,15,15,2025-15,Thursday
2025-04-11,2025,15,15,2025-15,Friday
2025-04-12,2025,15,15,2025-15,Saturday
2025-04-13,2025,15,15,2025-15,Sunday
2025-04-14,2025,16,16,2025-16,Monday
2025-04-15,2025,16,16,2025-16,Tuesday
2025-04-16,2025,16,16,2025-16,Wednesday
2025-04-17,2025,16,16,2025-16,Thursday
2025-04-18,2025,16,16,2025-16,Friday
2025-04-19,2025,16,16,2025-16,Saturday
2025-04-20,2025,16,16,2025-16,Sunday
2025-04-21,2025,17,17,2025-17,Monday
2025-04-22,2025,17,17,2025-17,Tuesday
2025-04-23,2025,17,17,2025-17,Wednesday
2025-04-24,2025,17,17,2025-17,Thursday
2025-04-25,2025,17,17,2025-17,Friday
2025-04-26,2025,17,17,2025-17,Saturday
2025-04-27,2025,17,17,2025-17,Sunday
2025-04-28,2025,18,18,2025-18,Monday
2025-04-29,2025,18,18,2025-18,Tuesday
2025-04-30,2025,18,18,2025-18,Wednesday
2025-05-01,2025,18,18,2025-18,Thursday
2025-05-02,2025,18,18,2025-18,Friday
2025-05-03,2025,18,18,2025-18,Saturday
2025-05-04,2025,18,18,2025-18,Sunday
2025-05-05,2025,19,19,2025-19,Monday
2025-05-06,2025,19,19,2025-19,Tuesday
2025-05-07,2025,19,19,2025-19,Wednesday
2025-05-08,2025,19,19,2025-19,Thursday
2025-05-09,2025,19,19,2025-19,Friday
2025-05-10,2025,19,19,2025-19,Saturday
2025-05-11,2025,19,19,2025-19,Sunday
2025-05-12,2025,20,20,2025-20,Monday
2025-05-13,2025,20,20,2025-20,Tuesday
2025-05-14,2025,20,20,2025-20,Wednesday
2025-05-15,2025,20,20,2025-20,Thursday
2025-05-16,2025,20,20,2025-20,Friday
2025-05-17,2025,20,20,2025-20,Saturday
2025-05-18,2025,20,20,2025-20,Sunday
2025-05-19,2025,21,21,2025-21,Monday
2025-05-20,2025,21,21,2025-21,Tuesday
2025-05-21,2025,21,21,2025-21,Wednesday
2025-05-22,2025,21,21,2025-21,Thursday
2025-05-23,2025,21,21,2025-21,Friday
2025-05-24,2025,21,21,2025-21,Saturday
2025-05-25,2025,21,21,2025-21,Sunday
2025-05-26,2025,22,22,2025-22,Monday
2025-05-27,2025,22,22,2025-22,Tuesday
2025-05-28,2025,22,22,2025-22,Wednesday
2025-05-29,2025,22,22,2025-22,Thursday
2025-05-30,2025,22,22,2025-22,Friday
2025-05-31,2025,22,22,2025-22,Saturday
2025-06-01,2025,22,22,2025-22,Sunday
2025-06-02,2025,23,23,2025-23,Monday
2025-06-03,2025,23,23,2025-23,Tuesday
2025-06-04,2025,23,23,2025-23,Wednesday
2025-06-05,2025,23,23,2025-23,Thursday
2025-06-06,2025,23,23,2025-23,Friday
2025-06-07,2025,23,23,2025-23,Saturday
2025-06-08,2025,23,23,2025-23,Sunday
2025-06-09,2025,24,24,2025-24,Monday
2025-06-10,2025,24,24,2025-24,Tuesday
2025-06-11,2025,24,24,2025-24,Wednesday
2025-06-12,2025,24,24,2025-24,Thursday
2025-06-13,2025,24,24,2025-24,Friday
2025-06-14,2025,24,24,2025-24,Saturday
2025-06-15,2025,24,24,2025-24,Sunday
2025-06-16,2025,25,25,2025-25,Monday
2025-06-17,2025,25,25,2025-25,Tuesday
2025-06-18,2025,25,25,2025-25,Wednesday
2025-06-19,2025,25,25,2025-25,Thursday
2025-06-20,2025,25,25,2025-25,Friday
2025-06-21,2025,25,25,2025-25,Saturday
2025-06-22,2025,25,25,2025-25,Sunday
2025-06-23,2025,26,26,2025-26,Monday
2025-06-24,2025,26,26,2025-26,Tuesday
2025-06-25,2025,26,26,2025-26,Wednesday
2025-06-26,2025,26,26,2025-26,Thursday
2025-06-27,2025,26,26,2025-26,Friday
2025-06-28,2025,26,26,2025-26,Saturday
2025-06-29,2025,26,26,2025-26,Sunday
2025-06-30,2025,27,27,2025-27,Monday
2025-07-01,2025,27,27,2025-27,Tuesday
2025-07-02,2025,27,27,2025-27,Wednesday
2025-07-03,2025,27,27,2025-27,Thursday
2025-07-04,2025,27,27,2025-27,Friday
2025-07-05,2025,27,27,2025-27,Saturday
2025-07-06,2025,27,27,2025-27,Sunday
2025-07-07,2025,28,28,2025-28,Monday
2025-07-08,2025,28,28,2025-28,Tuesday
2025-07-09,2025,28,28,2025-28,Wednesday
2025-07-10,2025,28,28,2025-28,Thursday
2025-07-11,2025,28,28,2025-28,Friday
2025-07-12,2025,28,28,2025-28,Saturday
2025-07-13,2025,28,28,2025-28,Sunday
2025-07-14,2025,29,29,2025-29,Monday
2025-07-15,2025,29,29,2025-29,Tuesday
2025-07-16,2025,29,29,2025-29,Wednesday
2025-07-17,2025,29,29,2025-29,Thursday
2025-07-18,2025,29,29,2025-29,Friday
2025-07-19,2025,29,29,2025-29,Saturday
2025-07-20,2025,29,29,2025-29,Sunday
2025-07-21,2025,30,30,2025-30,Monday
2025-07-22,2025,30,30,2025-30,Tuesday
2025-07-23,2025,30,30,2025-30,Wednesday
2025-07-24,2025,30,30,2025-30,Thursday
2025-07-25,2025,30,30,2025-30,Friday
2025-07-26,2025,30,30,2025-30,Saturday
2025-07-27,2025,30,30,2025-30,Sunday
2025-07-28,2025,31,31,2025-31,Monday
2025-07-29,2025,31,31,2025-31,Tuesday
2025-07-30,2025,31,31,2025-31,Wednesday
2025-07-31,2025,31,31,2025-31,Thursday
2025-08-01,2025,31,31,2025-31,Friday
2025-08-02,2025,31,31,2025-31,Saturday
2025-08-03,2025,31,31,2025-31,Sunday
2025-08-04,2025,32,32,2025-32,Monday
2025-08-05,2025,32,32,2025-32,Tuesday
2025-08-06,2025,32,32,2025-32,Wednesday
2025-08-07,2025,32,32,2025-32,Thursday
2025-08-08,2025,32,32,2025-32,Friday
2025-08-09,2025,32,32,2025-32,Saturday
2025-08-10,2025,32,32,2025-32,Sunday
2025-08-11,2025,33,33,2025-33,Monday
2025-08-12,2025,33,33,2025-33,Tuesday
2025-08-13,2025,33,33,2025-33,Wednesday
2025-08-14,2025,33,33,2025-33,Thursday
2025-08-15,2025,33,33,2025-33,Friday
2025-08-16,2025,33,33,2025-33,Saturday
2025-08-17,2025,33,33,2025-33,Sunday
2025-08-18,2025,34,34,2025-34,Monday
2025-08-19,2025,34,34,2025-34,Tuesday
2025-08-20,2025,34,34,2025-34,Wednesday
2025-08-21,2025,34,34,2025-34,Thursday
2025-08-22,2025,34,34,2025-34,Friday
2025-08-23,2025,34,34,2025-34,Saturday
2025-08-24,2025,34,34,2025-34,Sunday
2025-08-25,2025,35,35,2025-35,Monday
2025-08-26,2025,35,35,2025-35,Tuesday
2025-08-27,2025,35,35,2025-35,Wednesday
2025-08-28,2025,35,35,2025-35,Thursday
2025-08-29,2025,35,35,2025-35,Friday
2025-08-30,2025,35,35,2025-35,Saturday
2025-08-31,2025,35,35,2025-35,Sunday
2025-09-01,2025,36,36,2025-36,Monday
2025-09-02,2025,36,36,2025-36,Tuesday
2025-09-03,2025,36,36,2025-36,Wednesday
2025-09-04,2025,36,36,2025-36,Thursday
2025-09-05,2025,36,36,2025-36,Friday
2025-09-06,2025,36,36,2025-36,Saturday
2025-09-07,2025,36,36,2025-36,Sunday
2025-09-08,2025,37,37,2025-37,Monday
2025-09-09,2025,37,37,2025-37,Tuesday
2025-09-10,2025,37,37,2025-37,Wednesday
2025-09-11,2025,37,37,2025-37,Thursday
2025-09-12,2025,37,37,2025-37,Friday
2025-09-13,2025,37,37,2025-37,Saturday
2025-09-14,2025,37,37,2025-37,Sunday
2025-09-15,2025,38,38,2025-38,Monday
2025-09-16,2025,38,38,2025-38,Tuesday
2025-09-17,2025,38,38,2025-38,Wednesday
2025-09-18,2025,38,38,2025-38,Thursday
2025-09-19,2025,38,38,2025-38,Friday
2025-09-20,2025,38,38,2025-38,Saturday
2025-09-21,2025,38,38,2025-38,Sunday
2025-09-22,2025,39,39,2025-39,Monday
2025-09-23,2025,39,39,2025-39,Tuesday
2025-09-24,2025,39,39,2025-39,Wednesday
2025-09-25,2025,39,39,2025-39,Thursday
2025-09-26,2025,39,39,2025-39,Friday
2025-09-27,2025,39,39,2025-39,Saturday
2025-09-28,2025,39,39,2025-39,Sunday
2025-09-29,2025,40,40,2025-40,Monday
2025-09-30,2025,40,40,2025-40,Tuesday
2025-10-01,2025,40,40,2025-40,Wednesday
2025-10-02,2025,40,40,2025-40,Thursday
2025-10-03,2025,40,40,2025-40,Friday
2025-10-04,2025,40,40,2025-40,Saturday
2025-10-05,2025,40,40,2025-40,Sunday
2025-10-06,2025,41,41,2025-41,Monday
2025-10-07,2025,41,41,2025-41,Tuesday
2025-10-08,2025,41,41,2025-41,Wednesday
2025-10-09,2025,41,41,2025-41,Thursday
2025-10-10,2025,41,41,2025-41,Friday
2025-10-11,2025,41,41,2025-41,Saturday
2025-10-12,2025,41,41,2025-41,Sunday
2025-10-13,2025,42,42,2025-42,Monday
2025-10-14,2025,42,42,2025-42,Tuesday
2025-10-15,2025,42,42,2025-42,Wednesday
2025-10-16,2025,42,42,2025-42,Thursday
2025-10-17,2025,42,42,2025-42,Friday
2025-10-18,2025,42,42,2025-42,Saturday
2025-10-19,2025,42,42,2025-42,Sunday
2025-10-20,2025,43,43,2025-43,Monday
2025-10-21,2025,43,43,2025-43,Tuesday
2025-10-22,2025,43,43,2025-43,Wednesday
2025-10-23,2025,43,43,2025-43,Thursday
2025-10-24,2025,43,43,2025-43,Friday
2025-10-25,2025,43,43,2025-43,Saturday
2025-10-26,2025,43,43,2025-43,Sunday
2025-10-27,2025,44,44,2025-44,Monday
2025-10-28,2025,44,44,2025-44,Tuesday
2025-10-29,2025,44,44,2025-44,Wednesday
2025-10-30,2025,44,44,2025-44,Thursday
2025-10-31,2025,44,44,2025-44,Friday
2025-11-01,2025,44,44,2025-44,Saturday
2025-11-02,2025,44,44,2025-44,Sunday
2025-11-03,2025,45,45,2025-45,Monday
2025-11-04,2025,45,45,2025-45,Tuesday
2025-11-05,2025,45,45,2025-45,Wednesday
2025-11-06,2025,45,45,2025-45,Thursday
2025-11-07,2025,45,45,2025-45,Friday
2025-11-08,2025,45,45,2025-45,Saturday
2025-11-09,2025,45,45,2025-45,Sunday
2025-11-10,2025,46,46,2025-46,Monday
2025-11-11,2025,46,46,2025-46,Tuesday
2025-11-12,2025,46,46,2025-46,Wednesday
2025-11-13,2025,46,46,2025-46,Thursday
2025-11-14,2025,46,46,2025-46,Friday
2025-11-15,2025,46,46,2025-46,Saturday
2025-11-16,2025,46,46,2025-46,Sunday
2025-11-17,2025,47,47,2025-47,Monday
2025-11-18,2025,47,47,2025-47,Tuesday
2025-11-19,2025,47,47,2025-47,Wednesday
2025-11-20,2025,47,47,2025-47,Thursday
2025-11-21,2025,47,47,2025-47,Friday
2025-11-22,2025,47,47,2025-47,Saturday
2025-11-23,2025,47,47,2025-47,Sunday
2025-11-24,2025,48,48,2025-48,Monday
2025-11-25,2025,48,48,2025-48,Tuesday
2025-11-26,2025,48,48,2025-48,Wednesday
2025-11-27,2025,48,48,2025-48,Thursday
2025-11-28,2025,48,48,2025-48,Friday
2025-11-29,2025,48,48,2025-48,Saturday
2025-11-30,2025,48,48,2025-48,Sunday
2025-12-01,2025,49,49,2025-49,Monday
2025-12-02,2025,49,49,2025-49,Tuesday
2025-12-03,2025,49,49,2025-49,Wednesday
2025-12-04,2025,49,49,2025-49,Thursday
2025-12-05,2025,49,49,2025-49,Friday
2025-12-06,2025,49,49,2025-49,Saturday
2025-12-07,2025,49,49,2025-49,Sunday
2025-12-08,2025,50,50,2025-50,Monday
2025-12-09,2025,50,50,2025-50,Tuesday
2025-12-10,2025,50,50,2025-50,Wednesday
2025-12-11,2025,50,50,2025-50,Thursday
2025-12-12,2025,50,50,2025-50,Friday
2025-12-13,2025,50,50,2025-50,Saturday
2025-12-14,2025,50,50,2025-50,Sunday
2025-12-15,2025,51,51,2025-51,Monday
2025-12-16,2025,51,51,2025-51,Tuesday
2025-12-17,2025,51,51,2025-51,Wednesday
2025-12-18,2025,51,51,2025-51,Thursday
2025-12-19,2025,51,51,2025-51,Friday
2025-12-20,2025,51,51,2025-51,Saturday
2025-12-21,2025,51,51,2025-51,Sunday
2025-12-22,2025,52,52,2025-52,Monday
2025-12-23,2025,52,52,2025-52,Tuesday
2025-12-24,2025,52,52,2025-52,Wednesday
2025-12-25,2025,52,52,2025-52,Thursday
2025-12-26,2025,52,52,2025-52,Friday
2025-12-27,2025,52,52,2025-52,Saturday
2025-12-28,2025,52,52,2025-52,Sunday
2025-12-29,2026,1,01,2026-01,Monday
2025-12-30,2026,1,01,2026-01,Tuesday
2025-12-31,2026,1,01,2026-01,Wednesday
